Mega 2560 Speeduino Reader Initialized.
Error: Speeduino response timed out.
Error: Speeduino response timed out.
Error: Speeduino response timed out.
Error: Speeduino response timed out.
Error: Speeduino response timed out.
Error: Speeduino response timed out.
Error: Speeduino response timed out.
Error: Speeduino response timed out.
Error: Speeduino response timed out.
Error: Speeduino response timed out.
Error: Speeduino response timed out.
Error: Speeduino response timed out.
Error: Speeduino response timed out.
Error: Speeduino response timed out.
Error: Speeduino response timed out.
Error: Speeduino response timed out.
Error: Speeduino response timed out.
Error: Speeduino response timed out.
Error: Speeduino response timed out.
Error: Speeduino response timed out.
Error: Speeduino response timed out.
Error: Speeduino response timed out.
Error: Speeduino response timed out.
Error: Speeduino response timed out.
Error: Speeduino response timed out.
Error: Speeduino response timed out.
Error: Speeduino response timed out.
Error: Speeduino response timed out.
Error: Speeduino response timed out.
Error: Speeduino response timed out.
Error: Speeduino response timed out.
Error: Speeduino response timed out.
Error: Speeduino response timed out.
Error: Speeduino response timed out.
Error: Speeduino response timed out.
Error: Speeduino response timed out.
Error: Speeduino response timed out.
Error: Speeduino response timed out.
Error: Speeduino response timed out.
Error: Speeduino response timed out.
Error: Speeduino response timed out.
Error: Speeduino response timed out.
Error: Speeduino response timed out.
Error: Speeduino response timed out.
Error: Speeduino response timed out.
Error: Speeduino response timed out.
Error: Speeduino response timed out.
Error: Speeduino response timed out.
Error: Speeduino response timed out.
Error: Speeduino response timed out.
Error: Speeduino response timed out.
Error: Speeduino response timed out.
Error: Speeduino response timed out.
Data Verified. Payload Length: 123
MAP: 99 IAT: 0.00 CLT: 77 Volt: 12.50 AFR: 13.30 RPM: 0 VSS: 0 FuelP: 0.00 OilP: 0.00
Data Verified. Payload Length: 123
MAP: 100 IAT: 0.00 CLT: 77 Volt: 12.50 AFR: 13.30 RPM: 0 VSS: 0 FuelP: 0.00 OilP: 0.00
Data Verified. Payload Length: 123
MAP: 100 IAT: 89.00 CLT: 77 Volt: 12.70 AFR: 13.30 RPM: 0 VSS: 0 FuelP: 1.40 OilP: 0.10
Data Verified. Payload Length: 123
MAP: 100 IAT: 89.00 CLT: 77 Volt: 12.70 AFR: 13.30 RPM: 0 VSS: 0 FuelP: 1.40 OilP: 0.10
Data Verified. Payload Length: 123
MAP: 100 IAT: 89.00 CLT: 77 Volt: 12.70 AFR: 13.30 RPM: 0 VSS: 0 FuelP: 1.40 OilP: 0.10
Data Verified. Payload Length: 123
MAP: 100 IAT: 89.00 CLT: 77 Volt: 12.70 AFR: 13.30 RPM: 0 VSS: 0 FuelP: 1.40 OilP: 0.10
Data Verified. Payload Length: 123
MAP: 100 IAT: 89.00 CLT: 77 Volt: 12.70 AFR: 13.30 RPM: 0 VSS: 0 FuelP: 1.40 OilP: 0.10
Data Verified. Payload Length: 123
MAP: 100 IAT: 70.00 CLT: 77 Volt: 12.80 AFR: 13.30 RPM: 0 VSS: 0 FuelP: 2.20 OilP: 0.20
Data Verified. Payload Length: 123
MAP: 100 IAT: 70.00 CLT: 77 Volt: 12.80 AFR: 13.30 RPM: 0 VSS: 0 FuelP: 2.20 OilP: 0.20
Data Verified. Payload Length: 123
MAP: 100 IAT: 70.00 CLT: 77 Volt: 12.80 AFR: 13.30 RPM: 0 VSS: 0 FuelP: 2.20 OilP: 0.20
Data Verified. Payload Length: 123
MAP: 100 IAT: 70.00 CLT: 77 Volt: 12.80 AFR: 13.30 RPM: 0 VSS: 0 FuelP: 2.20 OilP: 0.20
Data Verified. Payload Length: 123
MAP: 100 IAT: 70.00 CLT: 77 Volt: 12.80 AFR: 13.30 RPM: 0 VSS: 0 FuelP: 2.20 OilP: 0.20
Data Verified. Payload Length: 123
MAP: 100 IAT: 62.00 CLT: 77 Volt: 12.80 AFR: 13.30 RPM: 0 VSS: 0 FuelP: 2.60 OilP: 0.20
Data Verified. Payload Length: 123
MAP: 100 IAT: 62.00 CLT: 77 Volt: 12.80 AFR: 13.30 RPM: 0 VSS: 0 FuelP: 2.60 OilP: 0.20
Data Verified. Payload Length: 123
MAP: 100 IAT: 62.00 CLT: 77 Volt: 12.80 AFR: 13.30 RPM: 0 VSS: 0 FuelP: 2.60 OilP: 0.20
Data Verified. Payload Length: 123
MAP: 100 IAT: 62.00 CLT: 77 Volt: 12.80 AFR: 13.30 RPM: 0 VSS: 0 FuelP: 2.60 OilP: 0.20
Data Verified. Payload Length: 123
MAP: 100 IAT: 62.00 CLT: 77 Volt: 12.80 AFR: 13.30 RPM: 0 VSS: 0 FuelP: 2.60 OilP: 0.20
Data Verified. Payload Length: 123
MAP: 100 IAT: 57.00 CLT: 77 Volt: 12.80 AFR: 13.30 RPM: 0 VSS: 0 FuelP: 2.90 OilP: 0.20
Data Verified. Payload Length: 123
MAP: 100 IAT: 57.00 CLT: 77 Volt: 12.80 AFR: 13.30 RPM: 0 VSS: 0 FuelP: 2.90 OilP: 0.20
Data Verified. Payload Length: 123
MAP: 100 IAT: 57.00 CLT: 77 Volt: 12.80 AFR: 13.30 RPM: 0 VSS: 0 FuelP: 2.90 OilP: 0.20
Data Verified. Payload Length: 123
MAP: 100 IAT: 57.00 CLT: 77 Volt: 12.80 AFR: 13.30 RPM: 0 VSS: 0 FuelP: 2.90 OilP: 0.20
Data Verified. Payload Length: 123
MAP: 100 IAT: 57.00 CLT: 77 Volt: 12.80 AFR: 13.30 RPM: 0 VSS: 0 FuelP: 2.90 OilP: 0.20
Data Verified. Payload Length: 123
MAP: 100 IAT: 54.00 CLT: 77 Volt: 12.80 AFR: 13.30 RPM: 0 VSS: 0 FuelP: 3.10 OilP: 0.20
Data Verified. Payload Length: 123
MAP: 100 IAT: 54.00 CLT: 77 Volt: 12.80 AFR: 13.30 RPM: 0 VSS: 0 FuelP: 3.10 OilP: 0.20
Data Verified. Payload Length: 123
MAP: 100 IAT: 54.00 CLT: 77 Volt: 12.80 AFR: 13.30 RPM: 0 VSS: 0 FuelP: 3.10 OilP: 0.20
Data Verified. Payload Length: 123
MAP: 100 IAT: 54.00 CLT: 77 Volt: 12.80 AFR: 13.30 RPM: 0 VSS: 0 FuelP: 3.10 OilP: 0.20
Data Verified. Payload Length: 123
MAP: 100 IAT: 54.00 CLT: 77 Volt: 12.80 AFR: 13.30 RPM: 0 VSS: 0 FuelP: 3.10 OilP: 0.20
Data Verified. Payload Length: 123
MAP: 100 IAT: 51.00 CLT: 77 Volt: 12.80 AFR: 13.30 RPM: 0 VSS: 0 FuelP: 3.20 OilP: 0.20
Data Verified. Payload Length: 123
MAP: 100 IAT: 51.00 CLT: 77 Volt: 12.80 AFR: 13.30 RPM: 0 VSS: 0 FuelP: 3.20 OilP: 0.20
Data Verified. Payload Length: 123
MAP: 100 IAT: 51.00 CLT: 77 Volt: 12.80 AFR: 13.30 RPM: 0 VSS: 0 FuelP: 3.20 OilP: 0.20
Data Verified. Payload Length: 123
MAP: 100 IAT: 51.00 CLT: 77 Volt: 12.80 AFR: 13.30 RPM: 0 VSS: 0 FuelP: 3.20 OilP: 0.20
Data Verified. Payload Length: 123
MAP: 100 IAT: 51.00 CLT: 77 Volt: 12.80 AFR: 13.30 RPM: 0 VSS: 0 FuelP: 3.20 OilP: 0.20
Data Verified. Payload Length: 123
MAP: 100 IAT: 50.00 CLT: 77 Volt: 12.80 AFR: 13.30 RPM: 0 VSS: 0 FuelP: 3.20 OilP: 0.20
Data Verified. Payload Length: 123
MAP: 100 IAT: 50.00 CLT: 77 Volt: 12.80 AFR: 13.30 RPM: 0 VSS: 0 FuelP: 3.20 OilP: 0.20
Data Verified. Payload Length: 123
MAP: 100 IAT: 50.00 CLT: 77 Volt: 12.80 AFR: 13.30 RPM: 0 VSS: 0 FuelP: 3.20 OilP: 0.20
Data Verified. Payload Length: 123
MAP: 100 IAT: 50.00 CLT: 77 Volt: 12.80 AFR: 13.30 RPM: 0 VSS: 0 FuelP: 3.20 OilP: 0.20
Data Verified. Payload Length: 123
MAP: 100 IAT: 50.00 CLT: 77 Volt: 12.80 AFR: 13.30 RPM: 0 VSS: 0 FuelP: 3.20 OilP: 0.20
Data Verified. Payload Length: 123
MAP: 100 IAT: 49.00 CLT: 77 Volt: 12.80 AFR: 13.30 RPM: 0 VSS: 0 FuelP: 3.20 OilP: 0.30
Data Verified. Payload Length: 123
MAP: 100 IAT: 49.00 CLT: 77 Volt: 12.80 AFR: 13.30 RPM: 0 VSS: 0 FuelP: 3.20 OilP: 0.30
Data Verified. Payload Length: 123
MAP: 100 IAT: 49.00 CLT: 77 Volt: 12.80 AFR: 13.30 RPM: 0 VSS: 0 FuelP: 3.20 OilP: 0.30
Data Verified. Payload Length: 123
MAP: 100 IAT: 49.00 CLT: 77 Volt: 12.80 AFR: 13.30 RPM: 0 VSS: 0 FuelP: 3.20 OilP: 0.30
Data Verified. Payload Length: 123
MAP: 100 IAT: 49.00 CLT: 77 Volt: 12.80 AFR: 13.30 RPM: 0 VSS: 0 FuelP: 3.20 OilP: 0.30
Data Verified. Payload Length: 123
MAP: 100 IAT: 48.00 CLT: 77 Volt: 12.90 AFR: 13.30 RPM: 0 VSS: 0 FuelP: 3.20 OilP: 0.30
Data Verified. Payload Length: 123
MAP: 100 IAT: 48.00 CLT: 77 Volt: 12.90 AFR: 13.30 RPM: 0 VSS: 0 FuelP: 3.20 OilP: 0.30
Data Verified. Payload Length: 123
MAP: 100 IAT: 48.00 CLT: 77 Volt: 12.90 AFR: 13.30 RPM: 0 VSS: 0 FuelP: 3.20 OilP: 0.30
Data Verified. Payload Length: 123
MAP: 100 IAT: 48.00 CLT: 77 Volt: 12.90 AFR: 13.30 RPM: 0 VSS: 0 FuelP: 3.20 OilP: 0.30
Data Verified. Payload Length: 123
MAP: 100 IAT: 48.00 CLT: 77 Volt: 12.90 AFR: 13.30 RPM: 0 VSS: 0 FuelP: 3.20 OilP: 0.30
Data Verified. Payload Length: 123
MAP: 100 IAT: 48.00 CLT: 77 Volt: 12.90 AFR: 13.30 RPM: 0 VSS: 0 FuelP: 3.10 OilP: 0.30
Data Verified. Payload Length: 123
MAP: 100 IAT: 48.00 CLT: 77 Volt: 12.90 AFR: 13.30 RPM: 0 VSS: 0 FuelP: 3.10 OilP: 0.30
Data Verified. Payload Length: 123
MAP: 100 IAT: 48.00 CLT: 77 Volt: 12.90 AFR: 13.30 RPM: 0 VSS: 0 FuelP: 3.10 OilP: 0.30
Data Verified. Payload Length: 123
MAP: 100 IAT: 48.00 CLT: 77 Volt: 12.90 AFR: 13.30 RPM: 0 VSS: 0 FuelP: 3.10 OilP: 0.30
Data Verified. Payload Length: 123
MAP: 100 IAT: 48.00 CLT: 77 Volt: 12.90 AFR: 13.30 RPM: 0 VSS: 0 FuelP: 3.10 OilP: 0.30
Data Verified. Payload Length: 123
MAP: 100 IAT: 48.00 CLT: 77 Volt: 12.90 AFR: 13.30 RPM: 0 VSS: 0 FuelP: 3.00 OilP: 0.30
Data Verified. Payload Length: 123
MAP: 100 IAT: 48.00 CLT: 77 Volt: 12.90 AFR: 13.30 RPM: 0 VSS: 0 FuelP: 3.00 OilP: 0.30
Data Verified. Payload Length: 123
MAP: 100 IAT: 48.00 CLT: 77 Volt: 12.90 AFR: 13.30 RPM: 0 VSS: 0 FuelP: 3.00 OilP: 0.30
Data Verified. Payload Length: 123
MAP: 100 IAT: 48.00 CLT: 77 Volt: 12.90 AFR: 13.30 RPM: 0 VSS: 0 FuelP: 3.00 OilP: 0.30
Data Verified. Payload Length: 123
MAP: 100 IAT: 48.00 CLT: 77 Volt: 12.90 AFR: 13.30 RPM: 0 VSS: 0 FuelP: 3.00 OilP: 0.30
Data Verified. Payload Length: 123
MAP: 100 IAT: 48.00 CLT: 77 Volt: 12.90 AFR: 13.30 RPM: 0 VSS: 0 FuelP: 2.90 OilP: 0.30
Data Verified. Payload Length: 123
MAP: 100 IAT: 48.00 CLT: 77 Volt: 12.90 AFR: 13.30 RPM: 0 VSS: 0 FuelP: 2.90 OilP: 0.30
Data Verified. Payload Length: 123
MAP: 100 IAT: 48.00 CLT: 77 Volt: 12.90 AFR: 13.30 RPM: 0 VSS: 0 FuelP: 2.90 OilP: 0.30
Data Verified. Payload Length: 123
MAP: 100 IAT: 48.00 CLT: 77 Volt: 12.90 AFR: 13.30 RPM: 0 VSS: 0 FuelP: 2.90 OilP: 0.30
Data Verified. Payload Length: 123
MAP: 100 IAT: 48.00 CLT: 77 Volt: 12.90 AFR: 13.30 RPM: 0 VSS: 0 FuelP: 2.90 OilP: 0.30
Data Verified. Payload Length: 123
MAP: 100 IAT: 47.00 CLT: 77 Volt: 12.90 AFR: 13.30 RPM: 0 VSS: 0 FuelP: 2.80 OilP: 0.30
Data Verified. Payload Length: 123
MAP: 100 IAT: 47.00 CLT: 77 Volt: 12.90 AFR: 13.30 RPM: 0 VSS: 0 FuelP: 2.80 OilP: 0.30
Data Verified. Payload Length: 123
MAP: 100 IAT: 47.00 CLT: 77 Volt: 12.90 AFR: 13.30 RPM: 0 VSS: 0 FuelP: 2.80 OilP: 0.30
Data Verified. Payload Length: 123
MAP: 100 IAT: 47.00 CLT: 77 Volt: 12.90 AFR: 13.30 RPM: 0 VSS: 0 FuelP: 2.80 OilP: 0.30
Data Verified. Payload Length: 123
MAP: 100 IAT: 47.00 CLT: 77 Volt: 12.90 AFR: 13.30 RPM: 0 VSS: 0 FuelP: 2.80 OilP: 0.30
Data Verified. Payload Length: 123
MAP: 100 IAT: 47.00 CLT: 77 Volt: 12.90 AFR: 13.30 RPM: 0 VSS: 0 FuelP: 2.80 OilP: 0.30
Data Verified. Payload Length: 123
MAP: 100 IAT: 47.00 CLT: 77 Volt: 12.90 AFR: 13.30 RPM: 0 VSS: 0 FuelP: 2.80 OilP: 0.30
Data Verified. Payload Length: 123
MAP: 100 IAT: 47.00 CLT: 77 Volt: 12.90 AFR: 13.30 RPM: 0 VSS: 0 FuelP: 2.80 OilP: 0.30
Data Verified. Payload Length: 123
MAP: 100 IAT: 47.00 CLT: 77 Volt: 12.90 AFR: 13.30 RPM: 0 VSS: 0 FuelP: 2.80 OilP: 0.30
Data Verified. Payload Length: 123
MAP: 100 IAT: 47.00 CLT: 77 Volt: 12.90 AFR: 13.30 RPM: 0 VSS: 0 FuelP: 2.80 OilP: 0.30
Data Verified. Payload Length: 123
MAP: 100 IAT: 47.00 CLT: 77 Volt: 12.90 AFR: 13.30 RPM: 0 VSS: 0 FuelP: 2.80 OilP: 0.30
Data Verified. Payload Length: 123
MAP: 100 IAT: 47.00 CLT: 77 Volt: 12.90 AFR: 13.30 RPM: 0 VSS: 0 FuelP: 2.70 OilP: 0.30
Data Verified. Payload Length: 123
MAP: 100 IAT: 47.00 CLT: 77 Volt: 12.90 AFR: 13.30 RPM: 0 VSS: 0 FuelP: 2.70 OilP: 0.30
Data Verified. Payload Length: 123
MAP: 100 IAT: 47.00 CLT: 77 Volt: 12.90 AFR: 13.30 RPM: 0 VSS: 0 FuelP: 2.70 OilP: 0.30
Data Verified. Payload Length: 123
MAP: 100 IAT: 47.00 CLT: 77 Volt: 12.90 AFR: 13.30 RPM: 0 VSS: 0 FuelP: 2.70 OilP: 0.30
Data Verified. Payload Length: 123
MAP: 100 IAT: 47.00 CLT: 77 Volt: 12.90 AFR: 13.30 RPM: 0 VSS: 0 FuelP: 2.70 OilP: 0.30
Data Verified. Payload Length: 123
MAP: 100 IAT: 47.00 CLT: 77 Volt: 12.90 AFR: 13.30 RPM: 0 VSS: 0 FuelP: 2.60 OilP: 0.30
Data Verified. Payload Length: 123
MAP: 100 IAT: 47.00 CLT: 77 Volt: 12.90 AFR: 13.30 RPM: 0 VSS: 0 FuelP: 2.60 OilP: 0.30
Data Verified. Payload Length: 123
MAP: 100 IAT: 47.00 CLT: 77 Volt: 12.90 AFR: 13.30 RPM: 0 VSS: 0 FuelP: 2.60 OilP: 0.30
Data Verified. Payload Length: 123
MAP: 100 IAT: 47.00 CLT: 77 Volt: 12.90 AFR: 13.30 RPM: 0 VSS: 0 FuelP: 2.60 OilP: 0.30
Data Verified. Payload Length: 123
MAP: 100 IAT: 47.00 CLT: 77 Volt: 12.90 AFR: 16.40 RPM: 0 VSS: 0 FuelP: 2.60 OilP: 0.30
Data Verified. Payload Length: 123
MAP: 100 IAT: 47.00 CLT: 77 Volt: 12.90 AFR: 16.70 RPM: 0 VSS: 0 FuelP: 2.60 OilP: 0.30
Data Verified. Payload Length: 123
MAP: 100 IAT: 47.00 CLT: 77 Volt: 12.90 AFR: 16.90 RPM: 0 VSS: 0 FuelP: 2.60 OilP: 0.30
Data Verified. Payload Length: 123
MAP: 100 IAT: 47.00 CLT: 77 Volt: 12.90 AFR: 16.90 RPM: 0 VSS: 0 FuelP: 2.60 OilP: 0.30
Data Verified. Payload Length: 123
MAP: 100 IAT: 47.00 CLT: 77 Volt: 12.90 AFR: 16.90 RPM: 0 VSS: 0 FuelP: 2.60 OilP: 0.30
Data Verified. Payload Length: 123
MAP: 100 IAT: 47.00 CLT: 77 Volt: 12.90 AFR: 16.90 RPM: 0 VSS: 0 FuelP: 2.60 OilP: 0.30
Data Verified. Payload Length: 123
MAP: 100 IAT: 47.00 CLT: 77 Volt: 12.90 AFR: 16.90 RPM: 0 VSS: 0 FuelP: 2.50 OilP: 0.30
Data Verified. Payload Length: 123
MAP: 100 IAT: 47.00 CLT: 77 Volt: 12.90 AFR: 16.90 RPM: 0 VSS: 0 FuelP: 2.50 OilP: 0.30
Data Verified. Payload Length: 123
MAP: 100 IAT: 47.00 CLT: 77 Volt: 12.90 AFR: 16.90 RPM: 0 VSS: 0 FuelP: 2.50 OilP: 0.30
Data Verified. Payload Length: 123
MAP: 100 IAT: 47.00 CLT: 77 Volt: 12.90 AFR: 16.90 RPM: 0 VSS: 0 FuelP: 2.50 OilP: 0.30
Data Verified. Payload Length: 123
MAP: 100 IAT: 47.00 CLT: 77 Volt: 12.90 AFR: 16.90 RPM: 0 VSS: 0 FuelP: 2.50 OilP: 0.30
Data Verified. Payload Length: 123
MAP: 100 IAT: 47.00 CLT: 77 Volt: 12.90 AFR: 16.90 RPM: 0 VSS: 0 FuelP: 2.50 OilP: 0.30
Data Verified. Payload Length: 123
MAP: 100 IAT: 47.00 CLT: 77 Volt: 12.90 AFR: 16.90 RPM: 0 VSS: 0 FuelP: 2.50 OilP: 0.30
Data Verified. Payload Length: 123
MAP: 100 IAT: 47.00 CLT: 77 Volt: 12.90 AFR: 16.90 RPM: 0 VSS: 0 FuelP: 2.50 OilP: 0.30
Data Verified. Payload Length: 123
MAP: 100 IAT: 47.00 CLT: 77 Volt: 12.90 AFR: 16.90 RPM: 0 VSS: 0 FuelP: 2.50 OilP: 0.30
Data Verified. Payload Length: 123
MAP: 100 IAT: 47.00 CLT: 77 Volt: 12.90 AFR: 16.90 RPM: 0 VSS: 0 FuelP: 2.50 OilP: 0.30
Data Verified. Payload Length: 123
MAP: 100 IAT: 47.00 CLT: 77 Volt: 12.90 AFR: 16.90 RPM: 0 VSS: 0 FuelP: 2.40 OilP: 0.30
Data Verified. Payload Length: 123
MAP: 100 IAT: 47.00 CLT: 77 Volt: 12.90 AFR: 16.90 RPM: 0 VSS: 0 FuelP: 2.40 OilP: 0.30
Data Verified. Payload Length: 123
MAP: 100 IAT: 47.00 CLT: 77 Volt: 12.90 AFR: 16.90 RPM: 0 VSS: 0 FuelP: 2.40 OilP: 0.30
Data Verified. Payload Length: 123
MAP: 100 IAT: 47.00 CLT: 77 Volt: 12.90 AFR: 16.90 RPM: 0 VSS: 0 FuelP: 2.40 OilP: 0.30
Data Verified. Payload Length: 123
MAP: 100 IAT: 47.00 CLT: 77 Volt: 12.90 AFR: 16.90 RPM: 0 VSS: 0 FuelP: 2.40 OilP: 0.30
Data Verified. Payload Length: 123
MAP: 100 IAT: 47.00 CLT: 77 Volt: 12.90 AFR: 16.90 RPM: 0 VSS: 0 FuelP: 2.40 OilP: 0.30
Data Verified. Payload Length: 123
MAP: 100 IAT: 47.00 CLT: 77 Volt: 12.90 AFR: 16.90 RPM: 0 VSS: 0 FuelP: 2.40 OilP: 0.30
Data Verified. Payload Length: 123
MAP: 100 IAT: 47.00 CLT: 77 Volt: 12.90 AFR: 16.90 RPM: 0 VSS: 0 FuelP: 2.40 OilP: 0.30
Data Verified. Payload Length: 123
MAP: 100 IAT: 47.00 CLT: 77 Volt: 12.90 AFR: 16.90 RPM: 0 VSS: 0 FuelP: 2.40 OilP: 0.30
Data Verified. Payload Length: 123
MAP: 100 IAT: 47.00 CLT: 77 Volt: 12.90 AFR: 16.90 RPM: 0 VSS: 0 FuelP: 2.40 OilP: 0.30
Data Verified. Payload Length: 123
MAP: 100 IAT: 47.00 CLT: 77 Volt: 12.90 AFR: 16.90 RPM: 0 VSS: 0 FuelP: 2.30 OilP: 0.30
Data Verified. Payload Length: 123
MAP: 100 IAT: 47.00 CLT: 77 Volt: 12.90 AFR: 16.90 RPM: 0 VSS: 0 FuelP: 2.30 OilP: 0.30
Data Verified. Payload Length: 123
MAP: 100 IAT: 47.00 CLT: 77 Volt: 12.90 AFR: 16.90 RPM: 0 VSS: 0 FuelP: 2.30 OilP: 0.30
Data Verified. Payload Length: 123
MAP: 100 IAT: 47.00 CLT: 77 Volt: 12.90 AFR: 16.90 RPM: 0 VSS: 0 FuelP: 2.30 OilP: 0.30
Data Verified. Payload Length: 123
MAP: 100 IAT: 47.00 CLT: 77 Volt: 12.90 AFR: 16.90 RPM: 0 VSS: 0 FuelP: 2.30 OilP: 0.30
Data Verified. Payload Length: 123
MAP: 100 IAT: 47.00 CLT: 77 Volt: 12.90 AFR: 16.90 RPM: 0 VSS: 0 FuelP: 2.30 OilP: 0.30
Data Verified. Payload Length: 123
MAP: 100 IAT: 47.00 CLT: 77 Volt: 12.90 AFR: 16.90 RPM: 0 VSS: 0 FuelP: 2.30 OilP: 0.30
Data Verified. Payload Length: 123
MAP: 100 IAT: 47.00 CLT: 77 Volt: 12.90 AFR: 16.90 RPM: 0 VSS: 0 FuelP: 2.30 OilP: 0.30
Data Verified. Payload Length: 123
MAP: 100 IAT: 47.00 CLT: 77 Volt: 12.90 AFR: 16.90 RPM: 0 VSS: 0 FuelP: 2.30 OilP: 0.30
Data Verified. Payload Length: 123
MAP: 100 IAT: 47.00 CLT: 77 Volt: 12.90 AFR: 16.90 RPM: 0 VSS: 0 FuelP: 2.30 OilP: 0.30
Data Verified. Payload Length: 123
MAP: 100 IAT: 47.00 CLT: 77 Volt: 12.90 AFR: 16.90 RPM: 0 VSS: 0 FuelP: 2.20 OilP: 0.30
Data Verified. Payload Length: 123
MAP: 100 IAT: 47.00 CLT: 77 Volt: 12.90 AFR: 16.90 RPM: 0 VSS: 0 FuelP: 2.20 OilP: 0.30
Data Verified. Payload Length: 123
MAP: 100 IAT: 47.00 CLT: 77 Volt: 12.90 AFR: 16.90 RPM: 0 VSS: 0 FuelP: 2.20 OilP: 0.30
Data Verified. Payload Length: 123
MAP: 100 IAT: 47.00 CLT: 77 Volt: 12.90 AFR: 16.90 RPM: 0 VSS: 0 FuelP: 2.20 OilP: 0.30
Data Verified. Payload Length: 123
MAP: 100 IAT: 47.00 CLT: 77 Volt: 12.90 AFR: 16.90 RPM: 0 VSS: 0 FuelP: 2.20 OilP: 0.30
Data Verified. Payload Length: 123
MAP: 100 IAT: 47.00 CLT: 77 Volt: 12.90 AFR: 16.90 RPM: 0 VSS: 0 FuelP: 2.20 OilP: 0.30
Data Verified. Payload Length: 123
MAP: 100 IAT: 47.00 CLT: 77 Volt: 12.90 AFR: 16.90 RPM: 0 VSS: 0 FuelP: 2.20 OilP: 0.30
Data Verified. Payload Length: 123
MAP: 100 IAT: 47.00 CLT: 77 Volt: 12.90 AFR: 16.90 RPM: 0 VSS: 0 FuelP: 2.20 OilP: 0.30
Data Verified. Payload Length: 123
MAP: 100 IAT: 47.00 CLT: 77 Volt: 12.90 AFR: 16.90 RPM: 0 VSS: 0 FuelP: 2.20 OilP: 0.30
Data Verified. Payload Length: 123
MAP: 100 IAT: 47.00 CLT: 77 Volt: 12.90 AFR: 16.90 RPM: 0 VSS: 0 FuelP: 2.20 OilP: 0.30
Data Verified. Payload Length: 123
MAP: 100 IAT: 47.00 CLT: 77 Volt: 12.90 AFR: 16.90 RPM: 0 VSS: 0 FuelP: 2.20 OilP: 0.30
Data Verified. Payload Length: 123
MAP: 100 IAT: 47.00 CLT: 77 Volt: 12.90 AFR: 16.90 RPM: 0 VSS: 0 FuelP: 2.20 OilP: 0.30
Data Verified. Payload Length: 123
MAP: 100 IAT: 47.00 CLT: 77 Volt: 12.90 AFR: 16.90 RPM: 0 VSS: 0 FuelP: 2.20 OilP: 0.30
Data Verified. Payload Length: 123
MAP: 100 IAT: 47.00 CLT: 77 Volt: 12.90 AFR: 16.90 RPM: 0 VSS: 0 FuelP: 2.20 OilP: 0.30
Data Verified. Payload Length: 123
MAP: 100 IAT: 47.00 CLT: 77 Volt: 12.90 AFR: 16.90 RPM: 0 VSS: 0 FuelP: 2.20 OilP: 0.30
Data Verified. Payload Length: 123
MAP: 100 IAT: 47.00 CLT: 77 Volt: 12.90 AFR: 16.90 RPM: 0 VSS: 0 FuelP: 2.10 OilP: 0.30
Data Verified. Payload Length: 123
MAP: 100 IAT: 47.00 CLT: 77 Volt: 12.90 AFR: 16.90 RPM: 0 VSS: 0 FuelP: 2.10 OilP: 0.30
Data Verified. Payload Length: 123
MAP: 100 IAT: 47.00 CLT: 77 Volt: 12.90 AFR: 16.90 RPM: 0 VSS: 0 FuelP: 2.10 OilP: 0.30
Data Verified. Payload Length: 123
MAP: 100 IAT: 47.00 CLT: 77 Volt: 12.90 AFR: 16.90 RPM: 0 VSS: 0 FuelP: 2.10 OilP: 0.30
Data Verified. Payload Length: 123
MAP: 100 IAT: 47.00 CLT: 77 Volt: 12.90 AFR: 16.90 RPM: 0 VSS: 0 FuelP: 2.10 OilP: 0.30
Data Verified. Payload Length: 123
MAP: 100 IAT: 47.00 CLT: 77 Volt: 12.90 AFR: 16.90 RPM: 0 VSS: 0 FuelP: 2.10 OilP: 0.30
Data Verified. Payload Length: 123
MAP: 100 IAT: 47.00 CLT: 77 Volt: 12.90 AFR: 16.90 RPM: 0 VSS: 0 FuelP: 2.10 OilP: 0.30
Data Verified. Payload Length: 123
MAP: 100 IAT: 47.00 CLT: 77 Volt: 12.90 AFR: 16.90 RPM: 0 VSS: 0 FuelP: 2.10 OilP: 0.30
Data Verified. Payload Length: 123
MAP: 100 IAT: 47.00 CLT: 77 Volt: 12.90 AFR: 16.90 RPM: 0 VSS: 0 FuelP: 2.10 OilP: 0.30
Data Verified. Payload Length: 123
MAP: 100 IAT: 47.00 CLT: 77 Volt: 12.90 AFR: 16.90 RPM: 0 VSS: 0 FuelP: 2.10 OilP: 0.30
Data Verified. Payload Length: 123
MAP: 100 IAT: 47.00 CLT: 77 Volt: 12.90 AFR: 16.90 RPM: 0 VSS: 0 FuelP: 2.10 OilP: 0.30
Data Verified. Payload Length: 123
MAP: 100 IAT: 47.00 CLT: 77 Volt: 12.90 AFR: 16.90 RPM: 0 VSS: 0 FuelP: 2.10 OilP: 0.30
Data Verified. Payload Length: 123
MAP: 100 IAT: 47.00 CLT: 77 Volt: 12.90 AFR: 16.90 RPM: 0 VSS: 0 FuelP: 2.10 OilP: 0.30
Data Verified. Payload Length: 123
MAP: 100 IAT: 47.00 CLT: 77 Volt: 12.90 AFR: 16.90 RPM: 0 VSS: 0 FuelP: 2.10 OilP: 0.30
Data Verified. Payload Length: 123
MAP: 100 IAT: 47.00 CLT: 77 Volt: 12.90 AFR: 16.90 RPM: 0 VSS: 0 FuelP: 2.10 OilP: 0.30
Data Verified. Payload Length: 123
MAP: 100 IAT: 47.00 CLT: 77 Volt: 12.90 AFR: 16.90 RPM: 0 VSS: 0 FuelP: 2.10 OilP: 0.30
Data Verified. Payload Length: 123
MAP: 100 IAT: 47.00 CLT: 77 Volt: 12.90 AFR: 16.90 RPM: 0 VSS: 0 FuelP: 2.00 OilP: 0.30
Data Verified. Payload Length: 123
MAP: 100 IAT: 47.00 CLT: 77 Volt: 12.90 AFR: 16.90 RPM: 0 VSS: 0 FuelP: 2.00 OilP: 0.30
Data Verified. Payload Length: 123
MAP: 100 IAT: 47.00 CLT: 77 Volt: 12.90 AFR: 16.90 RPM: 0 VSS: 0 FuelP: 2.00 OilP: 0.30
Data Verified. Payload Length: 123
MAP: 100 IAT: 47.00 CLT: 77 Volt: 12.90 AFR: 16.90 RPM: 0 VSS: 0 FuelP: 2.00 OilP: 0.30
Data Verified. Payload Length: 123
MAP: 100 IAT: 47.00 CLT: 77 Volt: 12.90 AFR: 16.90 RPM: 0 VSS: 0 FuelP: 2.00 OilP: 0.30
Data Verified. Payload Length: 123
MAP: 100 IAT: 47.00 CLT: 77 Volt: 12.90 AFR: 16.90 RPM: 0 VSS: 0 FuelP: 2.00 OilP: 0.30
Data Verified. Payload Length: 123
MAP: 100 IAT: 47.00 CLT: 77 Volt: 12.90 AFR: 16.90 RPM: 0 VSS: 0 FuelP: 2.00 OilP: 0.30
Data Verified. Payload Length: 123
MAP: 100 IAT: 47.00 CLT: 77 Volt: 12.90 AFR: 16.90 RPM: 0 VSS: 0 FuelP: 2.00 OilP: 0.30
Data Verified. Payload Length: 123
MAP: 100 IAT: 47.00 CLT: 77 Volt: 12.90 AFR: 16.90 RPM: 0 VSS: 0 FuelP: 2.00 OilP: 0.30
Data Verified. Payload Length: 123
MAP: 100 IAT: 47.00 CLT: 77 Volt: 12.90 AFR: 16.90 RPM: 0 VSS: 0 FuelP: 2.00 OilP: 0.30
Data Verified. Payload Length: 123
MAP: 100 IAT: 47.00 CLT: 77 Volt: 12.90 AFR: 16.90 RPM: 0 VSS: 0 FuelP: 2.00 OilP: 0.30
Data Verified. Payload Length: 123
MAP: 100 IAT: 47.00 CLT: 77 Volt: 12.90 AFR: 16.90 RPM: 0 VSS: 0 FuelP: 2.00 OilP: 0.30
Data Verified. Payload Length: 123
MAP: 100 IAT: 47.00 CLT: 77 Volt: 12.90 AFR: 16.90 RPM: 0 VSS: 0 FuelP: 2.00 OilP: 0.30
Data Verified. Payload Length: 123
MAP: 100 IAT: 47.00 CLT: 77 Volt: 12.90 AFR: 16.90 RPM: 0 VSS: 0 FuelP: 2.00 OilP: 0.30
Data Verified. Payload Length: 123
MAP: 100 IAT: 47.00 CLT: 77 Volt: 12.90 AFR: 16.90 RPM: 0 VSS: 0 FuelP: 2.00 OilP: 0.30
Data Verified. Payload Length: 123
MAP: 100 IAT: 47.00 CLT: 77 Volt: 12.90 AFR: 16.90 RPM: 0 VSS: 0 FuelP: 1.90 OilP: 0.30
Data Verified. Payload Length: 123
MAP: 100 IAT: 47.00 CLT: 77 Volt: 12.90 AFR: 16.90 RPM: 0 VSS: 0 FuelP: 1.90 OilP: 0.30
Data Verified. Payload Length: 123
MAP: 100 IAT: 47.00 CLT: 77 Volt: 12.90 AFR: 16.90 RPM: 0 VSS: 0 FuelP: 1.90 OilP: 0.30
Data Verified. Payload Length: 123
MAP: 100 IAT: 47.00 CLT: 77 Volt: 12.90 AFR: 16.90 RPM: 0 VSS: 0 FuelP: 1.90 OilP: 0.30
Data Verified. Payload Length: 123
MAP: 100 IAT: 47.00 CLT: 77 Volt: 12.90 AFR: 16.90 RPM: 0 VSS: 0 FuelP: 1.90 OilP: 0.30
Data Verified. Payload Length: 123
MAP: 100 IAT: 47.00 CLT: 77 Volt: 12.90 AFR: 16.90 RPM: 0 VSS: 0 FuelP: 1.90 OilP: 0.30
Data Verified. Payload Length: 123
MAP: 100 IAT: 47.00 CLT: 77 Volt: 12.90 AFR: 16.90 RPM: 0 VSS: 0 FuelP: 1.90 OilP: 0.30
Data Verified. Payload Length: 123
MAP: 100 IAT: 47.00 CLT: 77 Volt: 12.90 AFR: 16.90 RPM: 0 VSS: 0 FuelP: 1.90 OilP: 0.30
Data Verified. Payload Length: 123
MAP: 100 IAT: 47.00 CLT: 77 Volt: 12.90 AFR: 16.90 RPM: 0 VSS: 0 FuelP: 1.90 OilP: 0.30
Data Verified. Payload Length: 123
MAP: 100 IAT: 47.00 CLT: 77 Volt: 12.90 AFR: 16.90 RPM: 0 VSS: 0 FuelP: 1.90 OilP: 0.30
Data Verified. Payload Length: 123
MAP: 100 IAT: 47.00 CLT: 77 Volt: 12.90 AFR: 16.90 RPM: 0 VSS: 0 FuelP: 1.90 OilP: 0.30
Data Verified. Payload Length: 123
MAP: 100 IAT: 47.00 CLT: 77 Volt: 12.90 AFR: 16.90 RPM: 0 VSS: 0 FuelP: 1.90 OilP: 0.30
Data Verified. Payload Length: 123
MAP: 100 IAT: 47.00 CLT: 77 Volt: 12.90 AFR: 16.90 RPM: 0 VSS: 0 FuelP: 1.90 OilP: 0.30
Data Verified. Payload Length: 123
MAP: 100 IAT: 47.00 CLT: 77 Volt: 12.90 AFR: 16.90 RPM: 0 VSS: 0 FuelP: 1.90 OilP: 0.30
Data Verified. Payload Length: 123
MAP: 100 IAT: 47.00 CLT: 77 Volt: 12.90 AFR: 16.90 RPM: 0 VSS: 0 FuelP: 1.90 OilP: 0.30
Data Verified. Payload Length: 123
MAP: 100 IAT: 47.00 CLT: 77 Volt: 12.90 AFR: 16.90 RPM: 0 VSS: 0 FuelP: 1.80 OilP: 0.30
Data Verified. Payload Length: 123
MAP: 100 IAT: 47.00 CLT: 77 Volt: 12.90 AFR: 16.90 RPM: 0 VSS: 0 FuelP: 1.80 OilP: 0.30
Data Verified. Payload Length: 123
MAP: 100 IAT: 47.00 CLT: 77 Volt: 12.90 AFR: 16.90 RPM: 0 VSS: 0 FuelP: 1.80 OilP: 0.30
Data Verified. Payload Length: 123
MAP: 100 IAT: 47.00 CLT: 77 Volt: 12.90 AFR: 16.90 RPM: 0 VSS: 0 FuelP: 1.80 OilP: 0.30
Data Verified. Payload Length: 123
MAP: 100 IAT: 47.00 CLT: 77 Volt: 12.90 AFR: 16.90 RPM: 0 VSS: 0 FuelP: 1.80 OilP: 0.30
Data Verified. Payload Length: 123
MAP: 100 IAT: 47.00 CLT: 77 Volt: 12.90 AFR: 16.90 RPM: 0 VSS: 0 FuelP: 1.80 OilP: 0.30
Data Verified. Payload Length: 123
MAP: 100 IAT: 47.00 CLT: 77 Volt: 12.90 AFR: 16.90 RPM: 0 VSS: 0 FuelP: 1.80 OilP: 0.30
Data Verified. Payload Length: 123
MAP: 100 IAT: 47.00 CLT: 77 Volt: 12.90 AFR: 16.90 RPM: 0 VSS: 0 FuelP: 1.80 OilP: 0.30
Data Verified. Payload Length: 123
MAP: 100 IAT: 47.00 CLT: 77 Volt: 12.90 AFR: 16.90 RPM: 0 VSS: 0 FuelP: 1.80 OilP: 0.30
Data Verified. Payload Length: 123
MAP: 100 IAT: 47.00 CLT: 77 Volt: 12.90 AFR: 16.90 RPM: 0 VSS: 0 FuelP: 1.80 OilP: 0.30
Data Verified. Payload Length: 123
MAP: 100 IAT: 47.00 CLT: 77 Volt: 12.90 AFR: 16.90 RPM: 0 VSS: 0 FuelP: 1.80 OilP: 0.30
Data Verified. Payload Length: 123
MAP: 100 IAT: 47.00 CLT: 77 Volt: 12.90 AFR: 16.90 RPM: 0 VSS: 0 FuelP: 1.80 OilP: 0.30
Data Verified. Payload Length: 123
MAP: 100 IAT: 47.00 CLT: 77 Volt: 12.90 AFR: 16.90 RPM: 0 VSS: 0 FuelP: 1.80 OilP: 0.30
Data Verified. Payload Length: 123
MAP: 100 IAT: 47.00 CLT: 77 Volt: 12.90 AFR: 16.90 RPM: 0 VSS: 0 FuelP: 1.80 OilP: 0.30
Data Verified. Payload Length: 123
MAP: 100 IAT: 47.00 CLT: 77 Volt: 12.90 AFR: 16.90 RPM: 0 VSS: 0 FuelP: 1.80 OilP: 0.30
Data Verified. Payload Length: 123
MAP: 100 IAT: 47.00 CLT: 77 Volt: 12.90 AFR: 16.90 RPM: 0 VSS: 0 FuelP: 1.70 OilP: 0.30
Data Verified. Payload Length: 123
MAP: 100 IAT: 47.00 CLT: 77 Volt: 12.90 AFR: 17.70 RPM: 0 VSS: 0 FuelP: 1.70 OilP: 0.30
Data Verified. Payload Length: 123
MAP: 100 IAT: 47.00 CLT: 77 Volt: 12.90 AFR: 18.20 RPM: 0 VSS: 0 FuelP: 1.70 OilP: 0.30
Data Verified. Payload Length: 123
MAP: 100 IAT: 47.00 CLT: 77 Volt: 12.90 AFR: 18.20 RPM: 0 VSS: 0 FuelP: 1.70 OilP: 0.30
Data Verified. Payload Length: 123
MAP: 100 IAT: 47.00 CLT: 77 Volt: 12.90 AFR: 18.30 RPM: 0 VSS: 0 FuelP: 1.70 OilP: 0.30
Data Verified. Payload Length: 123
MAP: 100 IAT: 47.00 CLT: 77 Volt: 12.90 AFR: 18.30 RPM: 0 VSS: 0 FuelP: 1.70 OilP: 0.30
Data Verified. Payload Length: 123
MAP: 100 IAT: 47.00 CLT: 77 Volt: 12.90 AFR: 18.30 RPM: 0 VSS: 0 FuelP: 1.70 OilP: 0.30
Data Verified. Payload Length: 123
MAP: 100 IAT: 47.00 CLT: 77 Volt: 12.90 AFR: 18.30 RPM: 0 VSS: 0 FuelP: 1.70 OilP: 0.30
Data Verified. Payload Length: 123
MAP: 100 IAT: 47.00 CLT: 77 Volt: 12.90 AFR: 18.30 RPM: 0 VSS: 0 FuelP: 1.70 OilP: 0.30
Data Verified. Payload Length: 123
MAP: 100 IAT: 47.00 CLT: 77 Volt: 12.90 AFR: 18.30 RPM: 0 VSS: 0 FuelP: 1.70 OilP: 0.30
Data Verified. Payload Length: 123
MAP: 100 IAT: 47.00 CLT: 77 Volt: 12.90 AFR: 18.30 RPM: 0 VSS: 0 FuelP: 1.70 OilP: 0.30
Data Verified. Payload Length: 123
MAP: 100 IAT: 47.00 CLT: 77 Volt: 12.90 AFR: 18.30 RPM: 0 VSS: 0 FuelP: 1.70 OilP: 0.30
Data Verified. Payload Length: 123
MAP: 100 IAT: 47.00 CLT: 77 Volt: 12.90 AFR: 18.30 RPM: 0 VSS: 0 FuelP: 1.70 OilP: 0.30
Data Verified. Payload Length: 123
MAP: 100 IAT: 47.00 CLT: 77 Volt: 12.90 AFR: 18.60 RPM: 0 VSS: 0 FuelP: 1.70 OilP: 0.30
Data Verified. Payload Length: 123
MAP: 100 IAT: 47.00 CLT: 77 Volt: 12.90 AFR: 18.70 RPM: 0 VSS: 0 FuelP: 1.70 OilP: 0.30
Data Verified. Payload Length: 123
MAP: 100 IAT: 47.00 CLT: 77 Volt: 12.90 AFR: 18.70 RPM: 0 VSS: 0 FuelP: 1.60 OilP: 0.30
Data Verified. Payload Length: 123
MAP: 100 IAT: 47.00 CLT: 77 Volt: 12.90 AFR: 18.70 RPM: 0 VSS: 0 FuelP: 1.60 OilP: 0.30
Data Verified. Payload Length: 123
MAP: 100 IAT: 47.00 CLT: 77 Volt: 12.90 AFR: 18.70 RPM: 0 VSS: 0 FuelP: 1.60 OilP: 0.30
Data Verified. Payload Length: 123
MAP: 100 IAT: 47.00 CLT: 77 Volt: 12.90 AFR: 18.70 RPM: 0 VSS: 0 FuelP: 1.60 OilP: 0.30
Data Verified. Payload Length: 123
MAP: 100 IAT: 47.00 CLT: 77 Volt: 12.90 AFR: 18.70 RPM: 0 VSS: 0 FuelP: 1.60 OilP: 0.30
Data Verified. Payload Length: 123
MAP: 100 IAT: 47.00 CLT: 77 Volt: 12.90 AFR: 18.70 RPM: 0 VSS: 0 FuelP: 1.60 OilP: 0.30
Data Verified. Payload Length: 123
MAP: 100 IAT: 47.00 CLT: 77 Volt: 12.90 AFR: 18.70 RPM: 0 VSS: 0 FuelP: 1.60 OilP: 0.30
Data Verified. Payload Length: 123
MAP: 100 IAT: 47.00 CLT: 77 Volt: 12.90 AFR: 18.70 RPM: 0 VSS: 0 FuelP: 1.60 OilP: 0.30
Data Verified. Payload Length: 123
MAP: 100 IAT: 47.00 CLT: 77 Volt: 12.90 AFR: 18.70 RPM: 0 VSS: 0 FuelP: 1.60 OilP: 0.30
Data Verified. Payload Length: 123
MAP: 100 IAT: 47.00 CLT: 77 Volt: 12.90 AFR: 18.70 RPM: 0 VSS: 0 FuelP: 1.60 OilP: 0.30
Data Verified. Payload Length: 123
MAP: 100 IAT: 47.00 CLT: 77 Volt: 12.90 AFR: 18.70 RPM: 0 VSS: 0 FuelP: 1.60 OilP: 0.30
Data Verified. Payload Length: 123
MAP: 100 IAT: 47.00 CLT: 77 Volt: 12.90 AFR: 18.70 RPM: 0 VSS: 0 FuelP: 1.60 OilP: 0.30
Data Verified. Payload Length: 123
MAP: 100 IAT: 47.00 CLT: 77 Volt: 12.90 AFR: 18.70 RPM: 0 VSS: 0 FuelP: 1.60 OilP: 0.30
Data Verified. Payload Length: 123
MAP: 100 IAT: 47.00 CLT: 77 Volt: 12.90 AFR: 18.70 RPM: 0 VSS: 0 FuelP: 1.60 OilP: 0.30
Data Verified. Payload Length: 123
MAP: 100 IAT: 47.00 CLT: 77 Volt: 12.90 AFR: 18.70 RPM: 0 VSS: 0 FuelP: 1.60 OilP: 0.30
Data Verified. Payload Length: 123
MAP: 100 IAT: 47.00 CLT: 77 Volt: 12.90 AFR: 18.70 RPM: 0 VSS: 0 FuelP: 1.50 OilP: 0.30
Data Verified. Payload Length: 123
MAP: 100 IAT: 47.00 CLT: 77 Volt: 12.90 AFR: 18.70 RPM: 0 VSS: 0 FuelP: 1.50 OilP: 0.30
Data Verified. Payload Length: 123
MAP: 100 IAT: 47.00 CLT: 77 Volt: 12.90 AFR: 18.70 RPM: 0 VSS: 0 FuelP: 1.50 OilP: 0.30
Data Verified. Payload Length: 123
MAP: 100 IAT: 47.00 CLT: 77 Volt: 12.90 AFR: 18.70 RPM: 0 VSS: 0 FuelP: 1.50 OilP: 0.30
Data Verified. Payload Length: 123
MAP: 100 IAT: 47.00 CLT: 77 Volt: 12.90 AFR: 18.70 RPM: 0 VSS: 0 FuelP: 1.50 OilP: 0.30
Data Verified. Payload Length: 123
MAP: 100 IAT: 47.00 CLT: 77 Volt: 12.90 AFR: 18.70 RPM: 0 VSS: 0 FuelP: 1.50 OilP: 0.30
Data Verified. Payload Length: 123
MAP: 100 IAT: 47.00 CLT: 77 Volt: 12.90 AFR: 18.70 RPM: 0 VSS: 0 FuelP: 1.50 OilP: 0.30
Data Verified. Payload Length: 123
MAP: 100 IAT: 47.00 CLT: 77 Volt: 12.90 AFR: 18.70 RPM: 0 VSS: 0 FuelP: 1.50 OilP: 0.30
Data Verified. Payload Length: 123
MAP: 100 IAT: 47.00 CLT: 77 Volt: 12.90 AFR: 18.70 RPM: 0 VSS: 0 FuelP: 1.50 OilP: 0.30
Data Verified. Payload Length: 123
MAP: 100 IAT: 47.00 CLT: 77 Volt: 12.90 AFR: 18.70 RPM: 0 VSS: 0 FuelP: 1.50 OilP: 0.30
Data Verified. Payload Length: 123
MAP: 100 IAT: 47.00 CLT: 77 Volt: 12.90 AFR: 18.70 RPM: 0 VSS: 0 FuelP: 1.50 OilP: 0.30
Data Verified. Payload Length: 123
MAP: 100 IAT: 47.00 CLT: 77 Volt: 12.90 AFR: 18.70 RPM: 0 VSS: 0 FuelP: 1.50 OilP: 0.30
Data Verified. Payload Length: 123
MAP: 100 IAT: 47.00 CLT: 77 Volt: 12.90 AFR: 18.70 RPM: 0 VSS: 0 FuelP: 1.50 OilP: 0.30
Data Verified. Payload Length: 123
MAP: 100 IAT: 47.00 CLT: 77 Volt: 12.90 AFR: 18.70 RPM: 0 VSS: 0 FuelP: 1.50 OilP: 0.30
Data Verified. Payload Length: 123
MAP: 100 IAT: 47.00 CLT: 77 Volt: 12.90 AFR: 18.70 RPM: 0 VSS: 0 FuelP: 1.50 OilP: 0.30
Data Verified. Payload Length: 123
MAP: 100 IAT: 47.00 CLT: 77 Volt: 12.90 AFR: 18.70 RPM: 0 VSS: 0 FuelP: 1.50 OilP: 0.30
Data Verified. Payload Length: 123
MAP: 100 IAT: 47.00 CLT: 77 Volt: 12.90 AFR: 18.70 RPM: 0 VSS: 0 FuelP: 1.50 OilP: 0.30
Data Verified. Payload Length: 123
MAP: 100 IAT: 47.00 CLT: 77 Volt: 12.90 AFR: 18.70 RPM: 0 VSS: 0 FuelP: 1.50 OilP: 0.30
Data Verified. Payload Length: 123
MAP: 100 IAT: 47.00 CLT: 77 Volt: 12.90 AFR: 18.70 RPM: 0 VSS: 0 FuelP: 1.50 OilP: 0.30
Data Verified. Payload Length: 123
MAP: 100 IAT: 47.00 CLT: 77 Volt: 12.90 AFR: 18.70 RPM: 0 VSS: 0 FuelP: 1.50 OilP: 0.30
Data Verified. Payload Length: 123
MAP: 100 IAT: 47.00 CLT: 77 Volt: 12.90 AFR: 18.70 RPM: 0 VSS: 0 FuelP: 1.50 OilP: 0.30
Data Verified. Payload Length: 123
MAP: 100 IAT: 47.00 CLT: 77 Volt: 12.90 AFR: 18.70 RPM: 0 VSS: 0 FuelP: 1.40 OilP: 0.30
Data Verified. Payload Length: 123
MAP: 100 IAT: 47.00 CLT: 77 Volt: 12.90 AFR: 18.70 RPM: 0 VSS: 0 FuelP: 1.40 OilP: 0.30
Data Verified. Payload Length: 123
MAP: 100 IAT: 47.00 CLT: 77 Volt: 12.90 AFR: 18.70 RPM: 0 VSS: 0 FuelP: 1.40 OilP: 0.30
Data Verified. Payload Length: 123
MAP: 100 IAT: 47.00 CLT: 77 Volt: 12.90 AFR: 18.70 RPM: 0 VSS: 0 FuelP: 1.40 OilP: 0.30
Data Verified. Payload Length: 123
MAP: 100 IAT: 47.00 CLT: 77 Volt: 12.90 AFR: 18.70 RPM: 0 VSS: 0 FuelP: 1.40 OilP: 0.30
Data Verified. Payload Length: 123
MAP: 100 IAT: 47.00 CLT: 77 Volt: 12.90 AFR: 18.70 RPM: 0 VSS: 0 FuelP: 1.40 OilP: 0.30
Data Verified. Payload Length: 123
MAP: 100 IAT: 47.00 CLT: 77 Volt: 12.90 AFR: 18.70 RPM: 0 VSS: 0 FuelP: 1.40 OilP: 0.30
Data Verified. Payload Length: 123
MAP: 100 IAT: 47.00 CLT: 77 Volt: 12.90 AFR: 18.70 RPM: 0 VSS: 0 FuelP: 1.40 OilP: 0.30
Data Verified. Payload Length: 123
MAP: 100 IAT: 47.00 CLT: 77 Volt: 12.90 AFR: 18.70 RPM: 0 VSS: 0 FuelP: 1.40 OilP: 0.30
Data Verified. Payload Length: 123
MAP: 100 IAT: 47.00 CLT: 77 Volt: 12.90 AFR: 18.70 RPM: 0 VSS: 0 FuelP: 1.40 OilP: 0.30
Data Verified. Payload Length: 123
MAP: 100 IAT: 47.00 CLT: 77 Volt: 12.90 AFR: 18.70 RPM: 0 VSS: 0 FuelP: 1.40 OilP: 0.30
Data Verified. Payload Length: 123
MAP: 100 IAT: 47.00 CLT: 77 Volt: 12.90 AFR: 18.70 RPM: 0 VSS: 0 FuelP: 1.40 OilP: 0.30
Data Verified. Payload Length: 123
MAP: 100 IAT: 47.00 CLT: 77 Volt: 12.90 AFR: 18.70 RPM: 0 VSS: 0 FuelP: 1.40 OilP: 0.30
Data Verified. Payload Length: 123
MAP: 100 IAT: 47.00 CLT: 77 Volt: 12.90 AFR: 18.70 RPM: 0 VSS: 0 FuelP: 1.40 OilP: 0.30
Data Verified. Payload Length: 123
MAP: 100 IAT: 47.00 CLT: 77 Volt: 12.90 AFR: 18.70 RPM: 0 VSS: 0 FuelP: 1.40 OilP: 0.30
Data Verified. Payload Length: 123
MAP: 100 IAT: 47.00 CLT: 77 Volt: 12.90 AFR: 18.70 RPM: 0 VSS: 0 FuelP: 1.40 OilP: 0.30
Data Verified. Payload Length: 123
MAP: 100 IAT: 47.00 CLT: 77 Volt: 12.90 AFR: 18.70 RPM: 0 VSS: 0 FuelP: 1.40 OilP: 0.30
Data Verified. Payload Length: 123
MAP: 100 IAT: 47.00 CLT: 77 Volt: 12.90 AFR: 18.70 RPM: 0 VSS: 0 FuelP: 1.40 OilP: 0.30
Data Verified. Payload Length: 123
MAP: 100 IAT: 47.00 CLT: 77 Volt: 12.90 AFR: 18.70 RPM: 0 VSS: 0 FuelP: 1.40 OilP: 0.30
Data Verified. Payload Length: 123
MAP: 100 IAT: 47.00 CLT: 77 Volt: 12.90 AFR: 18.70 RPM: 0 VSS: 0 FuelP: 1.40 OilP: 0.30
Data Verified. Payload Length: 123
MAP: 100 IAT: 47.00 CLT: 77 Volt: 12.90 AFR: 18.70 RPM: 0 VSS: 0 FuelP: 1.40 OilP: 0.30
Data Verified. Payload Length: 123
MAP: 100 IAT: 47.00 CLT: 77 Volt: 12.90 AFR: 18.70 RPM: 0 VSS: 0 FuelP: 1.40 OilP: 0.30
Data Verified. Payload Length: 123
MAP: 100 IAT: 47.00 CLT: 77 Volt: 12.90 AFR: 18.70 RPM: 0 VSS: 0 FuelP: 1.40 OilP: 0.30
Data Verified. Payload Length: 123
MAP: 100 IAT: 47.00 CLT: 77 Volt: 12.90 AFR: 18.70 RPM: 0 VSS: 0 FuelP: 1.40 OilP: 0.30
Data Verified. Payload Length: 123
MAP: 100 IAT: 47.00 CLT: 77 Volt: 12.90 AFR: 18.70 RPM: 0 VSS: 0 FuelP: 1.40 OilP: 0.30
Data Verified. Payload Length: 123
MAP: 100 IAT: 47.00 CLT: 77 Volt: 12.90 AFR: 18.70 RPM: 0 VSS: 0 FuelP: 1.40 OilP: 0.30
Data Verified. Payload Length: 123
MAP: 100 IAT: 47.00 CLT: 77 Volt: 12.90 AFR: 18.70 RPM: 0 VSS: 0 FuelP: 1.40 OilP: 0.30
Data Verified. Payload Length: 123
MAP: 100 IAT: 47.00 CLT: 77 Volt: 12.90 AFR: 18.70 RPM: 0 VSS: 0 FuelP: 1.40 OilP: 0.30
Data Verified. Payload Length: 123
MAP: 100 IAT: 47.00 CLT: 77 Volt: 12.90 AFR: 18.70 RPM: 0 VSS: 0 FuelP: 1.40 OilP: 0.30
Data Verified. Payload Length: 123
MAP: 100 IAT: 47.00 CLT: 77 Volt: 12.90 AFR: 18.70 RPM: 0 VSS: 0 FuelP: 1.40 OilP: 0.30
Data Verified. Payload Length: 123
MAP: 100 IAT: 47.00 CLT: 77 Volt: 12.90 AFR: 18.70 RPM: 0 VSS: 0 FuelP: 1.30 OilP: 0.30
Data Verified. Payload Length: 123
MAP: 100 IAT: 47.00 CLT: 77 Volt: 12.90 AFR: 18.70 RPM: 0 VSS: 0 FuelP: 1.30 OilP: 0.30
Data Verified. Payload Length: 123
MAP: 100 IAT: 47.00 CLT: 77 Volt: 12.90 AFR: 18.70 RPM: 0 VSS: 0 FuelP: 1.30 OilP: 0.30
Data Verified. Payload Length: 123
MAP: 100 IAT: 47.00 CLT: 77 Volt: 12.90 AFR: 18.70 RPM: 0 VSS: 0 FuelP: 1.30 OilP: 0.30
Data Verified. Payload Length: 123
MAP: 100 IAT: 47.00 CLT: 77 Volt: 12.90 AFR: 18.70 RPM: 0 VSS: 0 FuelP: 1.30 OilP: 0.30
Data Verified. Payload Length: 123
MAP: 100 IAT: 47.00 CLT: 77 Volt: 12.90 AFR: 18.70 RPM: 0 VSS: 0 FuelP: 1.30 OilP: 0.30
Data Verified. Payload Length: 123
MAP: 100 IAT: 47.00 CLT: 77 Volt: 12.90 AFR: 18.70 RPM: 0 VSS: 0 FuelP: 1.30 OilP: 0.30
Data Verified. Payload Length: 123
MAP: 100 IAT: 47.00 CLT: 77 Volt: 12.90 AFR: 18.70 RPM: 0 VSS: 0 FuelP: 1.30 OilP: 0.30
Data Verified. Payload Length: 123
MAP: 100 IAT: 47.00 CLT: 77 Volt: 12.90 AFR: 18.70 RPM: 0 VSS: 0 FuelP: 1.30 OilP: 0.30
Data Verified. Payload Length: 123
MAP: 100 IAT: 47.00 CLT: 77 Volt: 12.90 AFR: 18.70 RPM: 0 VSS: 0 FuelP: 1.30 OilP: 0.30
Data Verified. Payload Length: 123
MAP: 100 IAT: 47.00 CLT: 77 Volt: 12.90 AFR: 18.70 RPM: 0 VSS: 0 FuelP: 1.30 OilP: 0.30
Data Verified. Payload Length: 123
MAP: 100 IAT: 47.00 CLT: 77 Volt: 12.90 AFR: 18.70 RPM: 0 VSS: 0 FuelP: 1.30 OilP: 0.30
Data Verified. Payload Length: 123
MAP: 100 IAT: 47.00 CLT: 77 Volt: 12.90 AFR: 18.70 RPM: 0 VSS: 0 FuelP: 1.30 OilP: 0.30
Data Verified. Payload Length: 123
MAP: 100 IAT: 47.00 CLT: 77 Volt: 12.90 AFR: 18.70 RPM: 0 VSS: 0 FuelP: 1.30 OilP: 0.30
Data Verified. Payload Length: 123
MAP: 100 IAT: 47.00 CLT: 77 Volt: 12.90 AFR: 18.70 RPM: 0 VSS: 0 FuelP: 1.30 OilP: 0.30
Data Verified. Payload Length: 123
MAP: 100 IAT: 47.00 CLT: 77 Volt: 12.90 AFR: 18.70 RPM: 0 VSS: 0 FuelP: 1.30 OilP: 0.30
Data Verified. Payload Length: 123
MAP: 100 IAT: 47.00 CLT: 77 Volt: 12.90 AFR: 18.70 RPM: 0 VSS: 0 FuelP: 1.30 OilP: 0.30
Data Verified. Payload Length: 123
MAP: 100 IAT: 47.00 CLT: 77 Volt: 12.90 AFR: 18.70 RPM: 0 VSS: 0 FuelP: 1.30 OilP: 0.30
Data Verified. Payload Length: 123
MAP: 100 IAT: 47.00 CLT: 77 Volt: 12.90 AFR: 18.70 RPM: 0 VSS: 0 FuelP: 1.30 OilP: 0.30
Data Verified. Payload Length: 123
MAP: 100 IAT: 47.00 CLT: 77 Volt: 12.90 AFR: 18.70 RPM: 0 VSS: 0 FuelP: 1.30 OilP: 0.30
Data Verified. Payload Length: 123
MAP: 100 IAT: 47.00 CLT: 77 Volt: 12.90 AFR: 18.70 RPM: 0 VSS: 0 FuelP: 1.30 OilP: 0.30
Data Verified. Payload Length: 123
MAP: 100 IAT: 47.00 CLT: 77 Volt: 12.90 AFR: 18.70 RPM: 0 VSS: 0 FuelP: 1.30 OilP: 0.30
Data Verified. Payload Length: 123
MAP: 100 IAT: 47.00 CLT: 77 Volt: 12.90 AFR: 18.70 RPM: 0 VSS: 0 FuelP: 1.30 OilP: 0.30
Data Verified. Payload Length: 123
MAP: 100 IAT: 47.00 CLT: 77 Volt: 12.90 AFR: 18.70 RPM: 0 VSS: 0 FuelP: 1.30 OilP: 0.30
Data Verified. Payload Length: 123
MAP: 100 IAT: 47.00 CLT: 77 Volt: 12.90 AFR: 18.70 RPM: 0 VSS: 0 FuelP: 1.30 OilP: 0.30
Data Verified. Payload Length: 123
MAP: 100 IAT: 47.00 CLT: 77 Volt: 12.90 AFR: 18.70 RPM: 0 VSS: 0 FuelP: 1.30 OilP: 0.30
Data Verified. Payload Length: 123
MAP: 100 IAT: 47.00 CLT: 77 Volt: 12.90 AFR: 18.70 RPM: 0 VSS: 0 FuelP: 1.30 OilP: 0.30
Data Verified. Payload Length: 123
MAP: 100 IAT: 47.00 CLT: 77 Volt: 12.90 AFR: 18.70 RPM: 0 VSS: 0 FuelP: 1.30 OilP: 0.30
Data Verified. Payload Length: 123
MAP: 100 IAT: 47.00 CLT: 77 Volt: 12.90 AFR: 18.70 RPM: 0 VSS: 0 FuelP: 1.30 OilP: 0.30
Data Verified. Payload Length: 123
MAP: 100 IAT: 47.00 CLT: 77 Volt: 12.90 AFR: 18.70 RPM: 0 VSS: 0 FuelP: 1.30 OilP: 0.30
Data Verified. Payload Length: 123
MAP: 100 IAT: 47.00 CLT: 77 Volt: 12.90 AFR: 18.70 RPM: 0 VSS: 0 FuelP: 1.30 OilP: 0.30
Data Verified. Payload Length: 123
MAP: 100 IAT: 47.00 CLT: 77 Volt: 12.90 AFR: 18.70 RPM: 0 VSS: 0 FuelP: 1.30 OilP: 0.30
Data Verified. Payload Length: 123
MAP: 100 IAT: 47.00 CLT: 77 Volt: 12.90 AFR: 18.70 RPM: 0 VSS: 0 FuelP: 1.30 OilP: 0.30
Data Verified. Payload Length: 123
MAP: 100 IAT: 47.00 CLT: 77 Volt: 12.90 AFR: 18.70 RPM: 0 VSS: 0 FuelP: 1.30 OilP: 0.30
Data Verified. Payload Length: 123
MAP: 100 IAT: 47.00 CLT: 77 Volt: 12.90 AFR: 18.80 RPM: 0 VSS: 0 FuelP: 1.30 OilP: 0.30
Data Verified. Payload Length: 123
MAP: 100 IAT: 47.00 CLT: 77 Volt: 12.90 AFR: 18.80 RPM: 0 VSS: 0 FuelP: 1.30 OilP: 0.30
Data Verified. Payload Length: 123
MAP: 100 IAT: 47.00 CLT: 77 Volt: 12.90 AFR: 18.90 RPM: 0 VSS: 0 FuelP: 1.30 OilP: 0.30
Data Verified. Payload Length: 123
MAP: 100 IAT: 47.00 CLT: 77 Volt: 12.90 AFR: 18.90 RPM: 0 VSS: 0 FuelP: 1.30 OilP: 0.30
Data Verified. Payload Length: 123
MAP: 100 IAT: 47.00 CLT: 77 Volt: 12.90 AFR: 18.90 RPM: 0 VSS: 0 FuelP: 1.30 OilP: 0.30
Data Verified. Payload Length: 123
MAP: 100 IAT: 47.00 CLT: 77 Volt: 12.90 AFR: 19.00 RPM: 0 VSS: 0 FuelP: 1.30 OilP: 0.30
Data Verified. Payload Length: 123
MAP: 100 IAT: 47.00 CLT: 77 Volt: 12.90 AFR: 19.00 RPM: 0 VSS: 0 FuelP: 1.30 OilP: 0.30
Data Verified. Payload Length: 123
MAP: 100 IAT: 47.00 CLT: 77 Volt: 12.90 AFR: 19.00 RPM: 0 VSS: 0 FuelP: 1.30 OilP: 0.30
Data Verified. Payload Length: 123
MAP: 100 IAT: 47.00 CLT: 77 Volt: 12.90 AFR: 19.00 RPM: 0 VSS: 0 FuelP: 1.30 OilP: 0.30
Data Verified. Payload Length: 123
MAP: 100 IAT: 47.00 CLT: 77 Volt: 12.90 AFR: 19.00 RPM: 0 VSS: 0 FuelP: 1.30 OilP: 0.30
Data Verified. Payload Length: 123
MAP: 100 IAT: 47.00 CLT: 77 Volt: 12.90 AFR: 19.00 RPM: 0 VSS: 0 FuelP: 1.30 OilP: 0.30
Data Verified. Payload Length: 123
MAP: 100 IAT: 47.00 CLT: 77 Volt: 12.90 AFR: 19.00 RPM: 0 VSS: 0 FuelP: 1.30 OilP: 0.30
Data Verified. Payload Length: 123
MAP: 100 IAT: 47.00 CLT: 77 Volt: 12.90 AFR: 19.00 RPM: 0 VSS: 0 FuelP: 1.30 OilP: 0.30
Data Verified. Payload Length: 123
MAP: 100 IAT: 47.00 CLT: 77 Volt: 12.90 AFR: 19.00 RPM: 0 VSS: 0 FuelP: 1.30 OilP: 0.30
Data Verified. Payload Length: 123
MAP: 100 IAT: 47.00 CLT: 77 Volt: 12.90 AFR: 19.00 RPM: 0 VSS: 0 FuelP: 1.30 OilP: 0.30
Data Verified. Payload Length: 123
MAP: 100 IAT: 47.00 CLT: 77 Volt: 12.90 AFR: 19.00 RPM: 0 VSS: 0 FuelP: 1.30 OilP: 0.30
Data Verified. Payload Length: 123
MAP: 100 IAT: 47.00 CLT: 77 Volt: 12.90 AFR: 19.00 RPM: 0 VSS: 0 FuelP: 1.30 OilP: 0.30
Data Verified. Payload Length: 123
MAP: 100 IAT: 47.00 CLT: 77 Volt: 12.90 AFR: 19.00 RPM: 0 VSS: 0 FuelP: 1.30 OilP: 0.30
Data Verified. Payload Length: 123
MAP: 100 IAT: 47.00 CLT: 77 Volt: 12.90 AFR: 19.00 RPM: 0 VSS: 0 FuelP: 1.30 OilP: 0.30
Data Verified. Payload Length: 123
MAP: 100 IAT: 47.00 CLT: 77 Volt: 12.90 AFR: 19.00 RPM: 0 VSS: 0 FuelP: 1.30 OilP: 0.30
Data Verified. Payload Length: 123
MAP: 100 IAT: 47.00 CLT: 77 Volt: 12.90 AFR: 19.00 RPM: 0 VSS: 0 FuelP: 1.30 OilP: 0.30
Data Verified. Payload Length: 123
MAP: 100 IAT: 47.00 CLT: 77 Volt: 12.90 AFR: 19.00 RPM: 0 VSS: 0 FuelP: 1.30 OilP: 0.30
Data Verified. Payload Length: 123
MAP: 100 IAT: 47.00 CLT: 77 Volt: 12.90 AFR: 19.00 RPM: 0 VSS: 0 FuelP: 1.30 OilP: 0.30
Data Verified. Payload Length: 123
MAP: 100 IAT: 47.00 CLT: 77 Volt: 12.90 AFR: 19.00 RPM: 0 VSS: 0 FuelP: 1.30 OilP: 0.30
Data Verified. Payload Length: 123
MAP: 100 IAT: 47.00 CLT: 77 Volt: 12.90 AFR: 19.00 RPM: 0 VSS: 0 FuelP: 1.30 OilP: 0.30
Data Verified. Payload Length: 123
MAP: 100 IAT: 47.00 CLT: 77 Volt: 12.90 AFR: 19.00 RPM: 0 VSS: 0 FuelP: 1.30 OilP: 0.30
Data Verified. Payload Length: 123
MAP: 100 IAT: 47.00 CLT: 77 Volt: 12.90 AFR: 19.00 RPM: 0 VSS: 0 FuelP: 1.30 OilP: 0.30
Data Verified. Payload Length: 123
MAP: 100 IAT: 47.00 CLT: 77 Volt: 12.90 AFR: 19.00 RPM: 0 VSS: 0 FuelP: 1.30 OilP: 0.30
Data Verified. Payload Length: 123
MAP: 100 IAT: 47.00 CLT: 77 Volt: 12.90 AFR: 19.00 RPM: 0 VSS: 0 FuelP: 1.30 OilP: 0.30
Data Verified. Payload Length: 123
MAP: 100 IAT: 47.00 CLT: 77 Volt: 12.90 AFR: 19.00 RPM: 0 VSS: 0 FuelP: 1.30 OilP: 0.30
Data Verified. Payload Length: 123
MAP: 100 IAT: 47.00 CLT: 77 Volt: 12.90 AFR: 19.00 RPM: 0 VSS: 0 FuelP: 1.30 OilP: 0.30
Data Verified. Payload Length: 123
MAP: 100 IAT: 47.00 CLT: 77 Volt: 12.90 AFR: 19.00 RPM: 0 VSS: 0 FuelP: 1.30 OilP: 0.30
Data Verified. Payload Length: 123
MAP: 100 IAT: 47.00 CLT: 77 Volt: 12.80 AFR: 19.00 RPM: 0 VSS: 0 FuelP: 1.30 OilP: 0.30
Data Verified. Payload Length: 123
MAP: 100 IAT: 47.00 CLT: 77 Volt: 12.80 AFR: 19.00 RPM: 0 VSS: 0 FuelP: 1.30 OilP: 0.30
Data Verified. Payload Length: 123
MAP: 100 IAT: 47.00 CLT: 77 Volt: 12.80 AFR: 19.00 RPM: 0 VSS: 0 FuelP: 1.30 OilP: 0.30
Data Verified. Payload Length: 123
MAP: 100 IAT: 47.00 CLT: 77 Volt: 12.80 AFR: 19.00 RPM: 0 VSS: 0 FuelP: 1.30 OilP: 0.30
Data Verified. Payload Length: 123
MAP: 100 IAT: 47.00 CLT: 77 Volt: 12.80 AFR: 19.00 RPM: 0 VSS: 0 FuelP: 1.30 OilP: 0.30
Data Verified. Payload Length: 123
MAP: 100 IAT: 47.00 CLT: 77 Volt: 12.80 AFR: 19.00 RPM: 0 VSS: 0 FuelP: 1.30 OilP: 0.30
Data Verified. Payload Length: 123
MAP: 100 IAT: 47.00 CLT: 77 Volt: 12.80 AFR: 19.00 RPM: 0 VSS: 0 FuelP: 1.30 OilP: 0.30
Data Verified. Payload Length: 123
MAP: 100 IAT: 47.00 CLT: 77 Volt: 12.80 AFR: 19.00 RPM: 0 VSS: 0 FuelP: 1.30 OilP: 0.30
Data Verified. Payload Length: 123
MAP: 100 IAT: 47.00 CLT: 77 Volt: 12.80 AFR: 19.00 RPM: 0 VSS: 0 FuelP: 1.30 OilP: 0.30
Data Verified. Payload Length: 123
MAP: 100 IAT: 47.00 CLT: 77 Volt: 12.80 AFR: 19.00 RPM: 0 VSS: 0 FuelP: 1.30 OilP: 0.30
Data Verified. Payload Length: 123
MAP: 100 IAT: 47.00 CLT: 77 Volt: 12.80 AFR: 19.00 RPM: 0 VSS: 0 FuelP: 1.30 OilP: 0.30
Data Verified. Payload Length: 123
MAP: 100 IAT: 47.00 CLT: 77 Volt: 12.80 AFR: 19.00 RPM: 0 VSS: 0 FuelP: 1.30 OilP: 0.30
Data Verified. Payload Length: 123
MAP: 100 IAT: 47.00 CLT: 77 Volt: 12.80 AFR: 19.00 RPM: 0 VSS: 0 FuelP: 1.30 OilP: 0.30
Data Verified. Payload Length: 123
MAP: 100 IAT: 47.00 CLT: 77 Volt: 12.80 AFR: 19.00 RPM: 0 VSS: 0 FuelP: 1.30 OilP: 0.30
Data Verified. Payload Length: 123
MAP: 100 IAT: 47.00 CLT: 77 Volt: 12.80 AFR: 19.00 RPM: 0 VSS: 0 FuelP: 1.30 OilP: 0.30
Data Verified. Payload Length: 123
MAP: 100 IAT: 47.00 CLT: 77 Volt: 12.80 AFR: 19.00 RPM: 0 VSS: 0 FuelP: 1.30 OilP: 0.30
Data Verified. Payload Length: 123
MAP: 100 IAT: 47.00 CLT: 77 Volt: 12.80 AFR: 19.00 RPM: 0 VSS: 0 FuelP: 1.30 OilP: 0.30
Data Verified. Payload Length: 123
MAP: 100 IAT: 47.00 CLT: 77 Volt: 12.80 AFR: 19.00 RPM: 0 VSS: 0 FuelP: 1.30 OilP: 0.30
Data Verified. Payload Length: 123
MAP: 100 IAT: 47.00 CLT: 77 Volt: 12.80 AFR: 19.00 RPM: 0 VSS: 0 FuelP: 1.30 OilP: 0.30
Data Verified. Payload Length: 123
MAP: 100 IAT: 47.00 CLT: 77 Volt: 12.80 AFR: 19.00 RPM: 0 VSS: 0 FuelP: 1.30 OilP: 0.30
Data Verified. Payload Length: 123
MAP: 100 IAT: 47.00 CLT: 77 Volt: 12.80 AFR: 19.00 RPM: 0 VSS: 0 FuelP: 1.30 OilP: 0.30
Data Verified. Payload Length: 123
MAP: 100 IAT: 47.00 CLT: 77 Volt: 12.80 AFR: 19.00 RPM: 0 VSS: 0 FuelP: 1.30 OilP: 0.30
Data Verified. Payload Length: 123
MAP: 100 IAT: 47.00 CLT: 77 Volt: 12.80 AFR: 19.00 RPM: 0 VSS: 0 FuelP: 1.30 OilP: 0.30
Data Verified. Payload Length: 123
MAP: 100 IAT: 47.00 CLT: 77 Volt: 12.80 AFR: 19.00 RPM: 0 VSS: 0 FuelP: 1.30 OilP: 0.30
Data Verified. Payload Length: 123
MAP: 100 IAT: 47.00 CLT: 77 Volt: 12.80 AFR: 19.00 RPM: 0 VSS: 0 FuelP: 1.30 OilP: 0.30
Data Verified. Payload Length: 123
MAP: 100 IAT: 47.00 CLT: 77 Volt: 12.80 AFR: 19.00 RPM: 0 VSS: 0 FuelP: 1.30 OilP: 0.30
Data Verified. Payload Length: 123
MAP: 100 IAT: 47.00 CLT: 77 Volt: 12.80 AFR: 19.00 RPM: 0 VSS: 0 FuelP: 1.30 OilP: 0.30
Data Verified. Payload Length: 123
MAP: 100 IAT: 47.00 CLT: 77 Volt: 12.80 AFR: 19.00 RPM: 0 VSS: 0 FuelP: 1.30 OilP: 0.30
Data Verified. Payload Length: 123
MAP: 100 IAT: 47.00 CLT: 77 Volt: 12.80 AFR: 19.00 RPM: 0 VSS: 0 FuelP: 1.30 OilP: 0.30
Data Verified. Payload Length: 123
MAP: 100 IAT: 47.00 CLT: 77 Volt: 12.80 AFR: 19.00 RPM: 0 VSS: 0 FuelP: 1.30 OilP: 0.30
Data Verified. Payload Length: 123
MAP: 100 IAT: 47.00 CLT: 77 Volt: 12.80 AFR: 19.00 RPM: 0 VSS: 0 FuelP: 1.30 OilP: 0.30
Data Verified. Payload Length: 123
MAP: 100 IAT: 47.00 CLT: 77 Volt: 12.80 AFR: 19.00 RPM: 0 VSS: 0 FuelP: 1.30 OilP: 0.30
Data Verified. Payload Length: 123
MAP: 100 IAT: 47.00 CLT: 77 Volt: 12.80 AFR: 19.00 RPM: 0 VSS: 0 FuelP: 1.30 OilP: 0.30
Data Verified. Payload Length: 123
MAP: 100 IAT: 47.00 CLT: 77 Volt: 12.80 AFR: 19.00 RPM: 0 VSS: 0 FuelP: 1.30 OilP: 0.30
Data Verified. Payload Length: 123
MAP: 100 IAT: 47.00 CLT: 77 Volt: 12.80 AFR: 19.00 RPM: 0 VSS: 0 FuelP: 1.30 OilP: 0.30
Data Verified. Payload Length: 123
MAP: 100 IAT: 47.00 CLT: 77 Volt: 12.80 AFR: 19.00 RPM: 0 VSS: 0 FuelP: 1.30 OilP: 0.30
Data Verified. Payload Length: 123
MAP: 100 IAT: 47.00 CLT: 77 Volt: 12.80 AFR: 19.00 RPM: 0 VSS: 0 FuelP: 1.30 OilP: 0.30
Data Verified. Payload Length: 123
MAP: 100 IAT: 47.00 CLT: 77 Volt: 12.80 AFR: 19.10 RPM: 0 VSS: 0 FuelP: 1.30 OilP: 0.30
Data Verified. Payload Length: 123
MAP: 100 IAT: 47.00 CLT: 77 Volt: 12.80 AFR: 19.20 RPM: 0 VSS: 0 FuelP: 1.30 OilP: 0.30
Data Verified. Payload Length: 123
MAP: 100 IAT: 47.00 CLT: 77 Volt: 12.80 AFR: 19.20 RPM: 0 VSS: 0 FuelP: 1.30 OilP: 0.30
Data Verified. Payload Length: 123
MAP: 100 IAT: 47.00 CLT: 77 Volt: 12.80 AFR: 19.20 RPM: 0 VSS: 0 FuelP: 1.30 OilP: 0.30
Data Verified. Payload Length: 123
MAP: 100 IAT: 47.00 CLT: 77 Volt: 12.80 AFR: 19.20 RPM: 0 VSS: 0 FuelP: 1.30 OilP: 0.30
Data Verified. Payload Length: 123
MAP: 100 IAT: 47.00 CLT: 77 Volt: 12.80 AFR: 19.20 RPM: 0 VSS: 0 FuelP: 1.30 OilP: 0.30
Data Verified. Payload Length: 123
MAP: 100 IAT: 47.00 CLT: 77 Volt: 12.80 AFR: 19.20 RPM: 0 VSS: 0 FuelP: 1.30 OilP: 0.30
Data Verified. Payload Length: 123
MAP: 100 IAT: 47.00 CLT: 77 Volt: 12.80 AFR: 19.20 RPM: 0 VSS: 0 FuelP: 1.30 OilP: 0.30
Data Verified. Payload Length: 123
MAP: 100 IAT: 47.00 CLT: 77 Volt: 12.80 AFR: 19.20 RPM: 0 VSS: 0 FuelP: 1.30 OilP: 0.30
Data Verified. Payload Length: 123
MAP: 100 IAT: 47.00 CLT: 77 Volt: 12.80 AFR: 19.20 RPM: 0 VSS: 0 FuelP: 1.30 OilP: 0.30
Data Verified. Payload Length: 123
MAP: 100 IAT: 47.00 CLT: 77 Volt: 12.80 AFR: 19.40 RPM: 0 VSS: 0 FuelP: 1.30 OilP: 0.30
Data Verified. Payload Length: 123
MAP: 100 IAT: 47.00 CLT: 77 Volt: 12.80 AFR: 19.40 RPM: 0 VSS: 0 FuelP: 1.30 OilP: 0.30
Data Verified. Payload Length: 123
MAP: 100 IAT: 47.00 CLT: 77 Volt: 12.80 AFR: 19.40 RPM: 0 VSS: 0 FuelP: 1.30 OilP: 0.30
Data Verified. Payload Length: 123
MAP: 100 IAT: 47.00 CLT: 77 Volt: 12.80 AFR: 19.40 RPM: 0 VSS: 0 FuelP: 1.30 OilP: 0.30
Data Verified. Payload Length: 123
MAP: 100 IAT: 47.00 CLT: 77 Volt: 12.80 AFR: 19.40 RPM: 0 VSS: 0 FuelP: 1.40 OilP: 0.30
Data Verified. Payload Length: 123
MAP: 100 IAT: 47.00 CLT: 77 Volt: 12.80 AFR: 19.40 RPM: 0 VSS: 0 FuelP: 1.40 OilP: 0.30
Data Verified. Payload Length: 123
MAP: 100 IAT: 47.00 CLT: 77 Volt: 12.80 AFR: 19.40 RPM: 0 VSS: 0 FuelP: 1.40 OilP: 0.30
Data Verified. Payload Length: 123
MAP: 100 IAT: 47.00 CLT: 77 Volt: 12.80 AFR: 19.40 RPM: 0 VSS: 0 FuelP: 1.40 OilP: 0.30
Data Verified. Payload Length: 123
MAP: 100 IAT: 47.00 CLT: 77 Volt: 12.80 AFR: 19.40 RPM: 0 VSS: 0 FuelP: 1.40 OilP: 0.30
Data Verified. Payload Length: 123
MAP: 100 IAT: 47.00 CLT: 77 Volt: 12.80 AFR: 19.40 RPM: 0 VSS: 0 FuelP: 1.40 OilP: 0.30
Data Verified. Payload Length: 123
MAP: 100 IAT: 47.00 CLT: 77 Volt: 12.80 AFR: 19.40 RPM: 0 VSS: 0 FuelP: 1.40 OilP: 0.30
Data Verified. Payload Length: 123
MAP: 100 IAT: 47.00 CLT: 77 Volt: 12.80 AFR: 19.40 RPM: 0 VSS: 0 FuelP: 1.40 OilP: 0.30
Data Verified. Payload Length: 123
MAP: 100 IAT: 47.00 CLT: 77 Volt: 12.80 AFR: 19.40 RPM: 0 VSS: 0 FuelP: 1.40 OilP: 0.30
Data Verified. Payload Length: 123
MAP: 100 IAT: 47.00 CLT: 77 Volt: 12.80 AFR: 19.40 RPM: 0 VSS: 0 FuelP: 1.40 OilP: 0.30
Data Verified. Payload Length: 123
MAP: 100 IAT: 47.00 CLT: 77 Volt: 12.80 AFR: 19.40 RPM: 0 VSS: 0 FuelP: 1.40 OilP: 0.30
Data Verified. Payload Length: 123
MAP: 100 IAT: 47.00 CLT: 77 Volt: 12.80 AFR: 19.40 RPM: 0 VSS: 0 FuelP: 1.40 OilP: 0.30
Data Verified. Payload Length: 123
MAP: 100 IAT: 47.00 CLT: 77 Volt: 12.80 AFR: 19.40 RPM: 0 VSS: 0 FuelP: 1.40 OilP: 0.30
Data Verified. Payload Length: 123
MAP: 100 IAT: 47.00 CLT: 77 Volt: 12.80 AFR: 19.40 RPM: 0 VSS: 0 FuelP: 1.40 OilP: 0.30
Data Verified. Payload Length: 123
MAP: 100 IAT: 47.00 CLT: 77 Volt: 12.80 AFR: 19.40 RPM: 0 VSS: 0 FuelP: 1.40 OilP: 0.30
Data Verified. Payload Length: 123
MAP: 100 IAT: 47.00 CLT: 77 Volt: 12.80 AFR: 19.40 RPM: 0 VSS: 0 FuelP: 1.40 OilP: 0.30
Data Verified. Payload Length: 123
MAP: 100 IAT: 47.00 CLT: 77 Volt: 12.80 AFR: 19.40 RPM: 0 VSS: 0 FuelP: 1.40 OilP: 0.30
Data Verified. Payload Length: 123
MAP: 100 IAT: 47.00 CLT: 77 Volt: 12.80 AFR: 19.40 RPM: 0 VSS: 0 FuelP: 1.40 OilP: 0.30
Data Verified. Payload Length: 123
MAP: 100 IAT: 47.00 CLT: 77 Volt: 12.80 AFR: 19.40 RPM: 0 VSS: 0 FuelP: 1.40 OilP: 0.30
Data Verified. Payload Length: 123
MAP: 100 IAT: 47.00 CLT: 77 Volt: 12.80 AFR: 19.40 RPM: 0 VSS: 0 FuelP: 1.40 OilP: 0.30
Data Verified. Payload Length: 123
MAP: 100 IAT: 47.00 CLT: 77 Volt: 12.80 AFR: 19.40 RPM: 0 VSS: 0 FuelP: 1.40 OilP: 0.30
Data Verified. Payload Length: 123
MAP: 100 IAT: 47.00 CLT: 77 Volt: 12.80 AFR: 19.40 RPM: 0 VSS: 0 FuelP: 1.40 OilP: 0.30
Data Verified. Payload Length: 123
MAP: 100 IAT: 47.00 CLT: 77 Volt: 12.80 AFR: 19.40 RPM: 0 VSS: 0 FuelP: 1.40 OilP: 0.30
Data Verified. Payload Length: 123
MAP: 100 IAT: 47.00 CLT: 77 Volt: 12.80 AFR: 19.40 RPM: 0 VSS: 0 FuelP: 1.40 OilP: 0.30
Data Verified. Payload Length: 123
MAP: 100 IAT: 47.00 CLT: 77 Volt: 12.80 AFR: 19.40 RPM: 0 VSS: 0 FuelP: 1.40 OilP: 0.30
Data Verified. Payload Length: 123
MAP: 100 IAT: 47.00 CLT: 77 Volt: 12.80 AFR: 19.40 RPM: 0 VSS: 0 FuelP: 1.40 OilP: 0.30
Data Verified. Payload Length: 123
MAP: 100 IAT: 47.00 CLT: 77 Volt: 12.80 AFR: 19.40 RPM: 0 VSS: 0 FuelP: 1.40 OilP: 0.30
Data Verified. Payload Length: 123
MAP: 100 IAT: 47.00 CLT: 77 Volt: 12.80 AFR: 19.40 RPM: 0 VSS: 0 FuelP: 1.40 OilP: 0.30
Data Verified. Payload Length: 123
MAP: 100 IAT: 47.00 CLT: 77 Volt: 12.80 AFR: 19.40 RPM: 0 VSS: 0 FuelP: 1.40 OilP: 0.30
Data Verified. Payload Length: 123
MAP: 100 IAT: 47.00 CLT: 77 Volt: 12.80 AFR: 19.40 RPM: 0 VSS: 0 FuelP: 1.40 OilP: 0.30
Data Verified. Payload Length: 123
MAP: 100 IAT: 47.00 CLT: 77 Volt: 12.80 AFR: 19.40 RPM: 0 VSS: 0 FuelP: 1.40 OilP: 0.30
Data Verified. Payload Length: 123
MAP: 100 IAT: 47.00 CLT: 77 Volt: 12.80 AFR: 19.40 RPM: 0 VSS: 0 FuelP: 1.40 OilP: 0.30
Data Verified. Payload Length: 123
MAP: 100 IAT: 47.00 CLT: 77 Volt: 12.80 AFR: 19.40 RPM: 0 VSS: 0 FuelP: 1.40 OilP: 0.30
Data Verified. Payload Length: 123
MAP: 100 IAT: 47.00 CLT: 77 Volt: 12.80 AFR: 19.40 RPM: 0 VSS: 0 FuelP: 1.40 OilP: 0.30
Data Verified. Payload Length: 123
MAP: 100 IAT: 47.00 CLT: 77 Volt: 12.80 AFR: 19.40 RPM: 0 VSS: 0 FuelP: 1.40 OilP: 0.30
Data Verified. Payload Length: 123
MAP: 100 IAT: 47.00 CLT: 77 Volt: 12.80 AFR: 19.40 RPM: 0 VSS: 0 FuelP: 1.40 OilP: 0.30
Data Verified. Payload Length: 123
MAP: 100 IAT: 47.00 CLT: 77 Volt: 12.80 AFR: 19.40 RPM: 0 VSS: 0 FuelP: 1.40 OilP: 0.30
Data Verified. Payload Length: 123
MAP: 100 IAT: 47.00 CLT: 77 Volt: 12.80 AFR: 19.40 RPM: 0 VSS: 0 FuelP: 1.40 OilP: 0.30
Data Verified. Payload Length: 123
MAP: 100 IAT: 47.00 CLT: 77 Volt: 12.80 AFR: 19.40 RPM: 0 VSS: 0 FuelP: 1.40 OilP: 0.30
Data Verified. Payload Length: 123
MAP: 100 IAT: 47.00 CLT: 77 Volt: 12.80 AFR: 19.40 RPM: 0 VSS: 0 FuelP: 1.40 OilP: 0.30
Data Verified. Payload Length: 123
MAP: 100 IAT: 47.00 CLT: 77 Volt: 12.80 AFR: 19.40 RPM: 0 VSS: 0 FuelP: 1.40 OilP: 0.30
Data Verified. Payload Length: 123
MAP: 100 IAT: 47.00 CLT: 77 Volt: 12.80 AFR: 19.40 RPM: 0 VSS: 0 FuelP: 1.40 OilP: 0.30
Data Verified. Payload Length: 123
MAP: 100 IAT: 47.00 CLT: 77 Volt: 12.80 AFR: 19.40 RPM: 0 VSS: 0 FuelP: 1.40 OilP: 0.30
Data Verified. Payload Length: 123
MAP: 100 IAT: 47.00 CLT: 77 Volt: 12.80 AFR: 19.40 RPM: 0 VSS: 0 FuelP: 1.40 OilP: 0.30
Data Verified. Payload Length: 123
MAP: 100 IAT: 47.00 CLT: 77 Volt: 12.80 AFR: 19.40 RPM: 0 VSS: 0 FuelP: 1.40 OilP: 0.30
Data Verified. Payload Length: 123
MAP: 100 IAT: 47.00 CLT: 77 Volt: 12.80 AFR: 19.40 RPM: 0 VSS: 0 FuelP: 1.40 OilP: 0.30
Data Verified. Payload Length: 123
MAP: 100 IAT: 47.00 CLT: 77 Volt: 12.80 AFR: 19.40 RPM: 0 VSS: 0 FuelP: 1.40 OilP: 0.30
Data Verified. Payload Length: 123
MAP: 100 IAT: 47.00 CLT: 77 Volt: 12.80 AFR: 19.40 RPM: 0 VSS: 0 FuelP: 1.40 OilP: 0.30
Data Verified. Payload Length: 123
MAP: 100 IAT: 47.00 CLT: 77 Volt: 12.80 AFR: 19.40 RPM: 0 VSS: 0 FuelP: 1.40 OilP: 0.30
Data Verified. Payload Length: 123
MAP: 100 IAT: 47.00 CLT: 77 Volt: 12.80 AFR: 19.40 RPM: 0 VSS: 0 FuelP: 1.40 OilP: 0.30
Data Verified. Payload Length: 123
MAP: 100 IAT: 47.00 CLT: 77 Volt: 12.80 AFR: 19.40 RPM: 0 VSS: 0 FuelP: 1.40 OilP: 0.30
Data Verified. Payload Length: 123
MAP: 100 IAT: 47.00 CLT: 77 Volt: 12.80 AFR: 19.40 RPM: 0 VSS: 0 FuelP: 1.40 OilP: 0.30
Data Verified. Payload Length: 123
MAP: 100 IAT: 47.00 CLT: 77 Volt: 12.80 AFR: 19.40 RPM: 0 VSS: 0 FuelP: 1.40 OilP: 0.30
Data Verified. Payload Length: 123
MAP: 100 IAT: 47.00 CLT: 77 Volt: 12.80 AFR: 19.40 RPM: 0 VSS: 0 FuelP: 1.40 OilP: 0.30
Data Verified. Payload Length: 123
MAP: 100 IAT: 47.00 CLT: 77 Volt: 12.80 AFR: 19.40 RPM: 0 VSS: 0 FuelP: 1.40 OilP: 0.30
Data Verified. Payload Length: 123
MAP: 100 IAT: 47.00 CLT: 77 Volt: 12.80 AFR: 19.40 RPM: 0 VSS: 0 FuelP: 1.40 OilP: 0.30
Data Verified. Payload Length: 123
MAP: 100 IAT: 47.00 CLT: 77 Volt: 12.80 AFR: 19.40 RPM: 0 VSS: 0 FuelP: 1.40 OilP: 0.30
Data Verified. Payload Length: 123
MAP: 100 IAT: 47.00 CLT: 77 Volt: 12.80 AFR: 19.40 RPM: 0 VSS: 0 FuelP: 1.40 OilP: 0.30
Data Verified. Payload Length: 123
MAP: 100 IAT: 47.00 CLT: 77 Volt: 12.80 AFR: 19.40 RPM: 0 VSS: 0 FuelP: 1.40 OilP: 0.30
Data Verified. Payload Length: 123
MAP: 100 IAT: 47.00 CLT: 77 Volt: 12.80 AFR: 19.40 RPM: 0 VSS: 0 FuelP: 1.40 OilP: 0.30
Data Verified. Payload Length: 123
MAP: 100 IAT: 47.00 CLT: 77 Volt: 12.80 AFR: 19.40 RPM: 0 VSS: 0 FuelP: 1.40 OilP: 0.30
Data Verified. Payload Length: 123
MAP: 100 IAT: 47.00 CLT: 77 Volt: 12.80 AFR: 19.40 RPM: 0 VSS: 0 FuelP: 1.40 OilP: 0.30
Data Verified. Payload Length: 123
MAP: 100 IAT: 47.00 CLT: 77 Volt: 12.80 AFR: 19.40 RPM: 0 VSS: 0 FuelP: 1.40 OilP: 0.30
Data Verified. Payload Length: 123
MAP: 100 IAT: 47.00 CLT: 77 Volt: 12.80 AFR: 19.40 RPM: 0 VSS: 0 FuelP: 1.40 OilP: 0.30
Data Verified. Payload Length: 123
MAP: 100 IAT: 47.00 CLT: 77 Volt: 12.80 AFR: 19.40 RPM: 0 VSS: 0 FuelP: 1.40 OilP: 0.30
Data Verified. Payload Length: 123
MAP: 100 IAT: 47.00 CLT: 77 Volt: 12.80 AFR: 19.40 RPM: 0 VSS: 0 FuelP: 1.50 OilP: 0.30
Data Verified. Payload Length: 123
MAP: 100 IAT: 47.00 CLT: 77 Volt: 12.80 AFR: 19.40 RPM: 0 VSS: 0 FuelP: 1.50 OilP: 0.30
Data Verified. Payload Length: 123
MAP: 100 IAT: 47.00 CLT: 77 Volt: 12.80 AFR: 19.40 RPM: 0 VSS: 0 FuelP: 1.50 OilP: 0.30
Data Verified. Payload Length: 123
MAP: 100 IAT: 47.00 CLT: 77 Volt: 12.80 AFR: 19.40 RPM: 0 VSS: 0 FuelP: 1.50 OilP: 0.30
Data Verified. Payload Length: 123
MAP: 100 IAT: 47.00 CLT: 77 Volt: 12.80 AFR: 19.40 RPM: 0 VSS: 0 FuelP: 1.50 OilP: 0.30
Data Verified. Payload Length: 123
MAP: 100 IAT: 47.00 CLT: 77 Volt: 12.80 AFR: 19.40 RPM: 0 VSS: 0 FuelP: 1.50 OilP: 0.30
Data Verified. Payload Length: 123
MAP: 100 IAT: 47.00 CLT: 77 Volt: 12.80 AFR: 19.50 RPM: 0 VSS: 0 FuelP: 1.50 OilP: 0.30
Data Verified. Payload Length: 123
MAP: 100 IAT: 47.00 CLT: 77 Volt: 12.80 AFR: 19.70 RPM: 0 VSS: 0 FuelP: 1.50 OilP: 0.30
Data Verified. Payload Length: 123
MAP: 100 IAT: 47.00 CLT: 77 Volt: 12.80 AFR: 19.70 RPM: 0 VSS: 0 FuelP: 1.50 OilP: 0.30
Data Verified. Payload Length: 123
MAP: 100 IAT: 47.00 CLT: 77 Volt: 12.80 AFR: 19.70 RPM: 0 VSS: 0 FuelP: 1.50 OilP: 0.30
Data Verified. Payload Length: 123
MAP: 100 IAT: 47.00 CLT: 77 Volt: 12.80 AFR: 19.70 RPM: 0 VSS: 0 FuelP: 1.50 OilP: 0.30
Data Verified. Payload Length: 123
MAP: 100 IAT: 47.00 CLT: 77 Volt: 12.80 AFR: 19.70 RPM: 0 VSS: 0 FuelP: 1.50 OilP: 0.30
Data Verified. Payload Length: 123
MAP: 100 IAT: 47.00 CLT: 77 Volt: 12.80 AFR: 19.70 RPM: 0 VSS: 0 FuelP: 1.50 OilP: 0.30
Data Verified. Payload Length: 123
MAP: 100 IAT: 47.00 CLT: 77 Volt: 12.80 AFR: 19.70 RPM: 0 VSS: 0 FuelP: 1.50 OilP: 0.30
Data Verified. Payload Length: 123
MAP: 100 IAT: 47.00 CLT: 77 Volt: 12.80 AFR: 19.70 RPM: 0 VSS: 0 FuelP: 1.50 OilP: 0.30
Data Verified. Payload Length: 123
MAP: 100 IAT: 47.00 CLT: 77 Volt: 12.80 AFR: 19.70 RPM: 0 VSS: 0 FuelP: 1.50 OilP: 0.30
Data Verified. Payload Length: 123
MAP: 100 IAT: 47.00 CLT: 77 Volt: 12.80 AFR: 19.70 RPM: 0 VSS: 0 FuelP: 1.50 OilP: 0.30
Data Verified. Payload Length: 123
MAP: 100 IAT: 47.00 CLT: 77 Volt: 12.80 AFR: 19.70 RPM: 0 VSS: 0 FuelP: 1.50 OilP: 0.30
Data Verified. Payload Length: 123
MAP: 100 IAT: 47.00 CLT: 77 Volt: 12.80 AFR: 19.70 RPM: 0 VSS: 0 FuelP: 1.50 OilP: 0.30
Data Verified. Payload Length: 123
MAP: 100 IAT: 47.00 CLT: 77 Volt: 12.80 AFR: 19.70 RPM: 0 VSS: 0 FuelP: 1.50 OilP: 0.30
Data Verified. Payload Length: 123
MAP: 100 IAT: 47.00 CLT: 77 Volt: 12.80 AFR: 19.70 RPM: 0 VSS: 0 FuelP: 1.50 OilP: 0.30
Data Verified. Payload Length: 123
MAP: 100 IAT: 47.00 CLT: 77 Volt: 12.80 AFR: 19.70 RPM: 0 VSS: 0 FuelP: 1.50 OilP: 0.30
Data Verified. Payload Length: 123
MAP: 100 IAT: 47.00 CLT: 77 Volt: 12.80 AFR: 19.70 RPM: 0 VSS: 0 FuelP: 1.50 OilP: 0.30
Data Verified. Payload Length: 123
MAP: 100 IAT: 47.00 CLT: 77 Volt: 12.80 AFR: 19.70 RPM: 0 VSS: 0 FuelP: 1.50 OilP: 0.30
Data Verified. Payload Length: 123
MAP: 100 IAT: 47.00 CLT: 77 Volt: 12.80 AFR: 19.70 RPM: 0 VSS: 0 FuelP: 1.50 OilP: 0.30
Data Verified. Payload Length: 123
MAP: 100 IAT: 47.00 CLT: 77 Volt: 12.80 AFR: 19.70 RPM: 0 VSS: 0 FuelP: 1.50 OilP: 0.30
Data Verified. Payload Length: 123
MAP: 100 IAT: 47.00 CLT: 77 Volt: 12.90 AFR: 19.70 RPM: 0 VSS: 0 FuelP: 1.50 OilP: 0.30
Data Verified. Payload Length: 123
MAP: 100 IAT: 47.00 CLT: 77 Volt: 12.90 AFR: 19.70 RPM: 0 VSS: 0 FuelP: 1.50 OilP: 0.30
Data Verified. Payload Length: 123
MAP: 100 IAT: 47.00 CLT: 77 Volt: 12.90 AFR: 19.70 RPM: 0 VSS: 0 FuelP: 1.50 OilP: 0.30
Data Verified. Payload Length: 123
MAP: 100 IAT: 47.00 CLT: 77 Volt: 12.90 AFR: 19.70 RPM: 0 VSS: 0 FuelP: 1.50 OilP: 0.30
Data Verified. Payload Length: 123
MAP: 100 IAT: 47.00 CLT: 77 Volt: 12.90 AFR: 19.70 RPM: 0 VSS: 0 FuelP: 1.50 OilP: 0.30
Data Verified. Payload Length: 123
MAP: 100 IAT: 47.00 CLT: 77 Volt: 12.90 AFR: 19.70 RPM: 0 VSS: 0 FuelP: 1.50 OilP: 0.30
Data Verified. Payload Length: 123
MAP: 100 IAT: 47.00 CLT: 77 Volt: 12.90 AFR: 19.70 RPM: 0 VSS: 0 FuelP: 1.50 OilP: 0.30
Data Verified. Payload Length: 123
MAP: 100 IAT: 47.00 CLT: 77 Volt: 12.90 AFR: 19.70 RPM: 0 VSS: 0 FuelP: 1.50 OilP: 0.30
Data Verified. Payload Length: 123
MAP: 100 IAT: 47.00 CLT: 77 Volt: 12.90 AFR: 19.70 RPM: 0 VSS: 0 FuelP: 1.50 OilP: 0.30
Data Verified. Payload Length: 123
MAP: 100 IAT: 47.00 CLT: 77 Volt: 12.90 AFR: 19.70 RPM: 0 VSS: 0 FuelP: 1.50 OilP: 0.30
Data Verified. Payload Length: 123
MAP: 100 IAT: 47.00 CLT: 77 Volt: 12.90 AFR: 19.70 RPM: 0 VSS: 0 FuelP: 1.50 OilP: 0.30
Data Verified. Payload Length: 123
MAP: 100 IAT: 47.00 CLT: 77 Volt: 12.90 AFR: 19.70 RPM: 0 VSS: 0 FuelP: 1.50 OilP: 0.30
Data Verified. Payload Length: 123
MAP: 100 IAT: 47.00 CLT: 77 Volt: 12.90 AFR: 19.70 RPM: 0 VSS: 0 FuelP: 1.50 OilP: 0.30
Data Verified. Payload Length: 123
MAP: 100 IAT: 47.00 CLT: 77 Volt: 12.90 AFR: 19.70 RPM: 0 VSS: 0 FuelP: 1.50 OilP: 0.30
Data Verified. Payload Length: 123
MAP: 100 IAT: 47.00 CLT: 77 Volt: 12.90 AFR: 19.70 RPM: 0 VSS: 0 FuelP: 1.50 OilP: 0.30
Data Verified. Payload Length: 123
MAP: 100 IAT: 47.00 CLT: 77 Volt: 12.90 AFR: 19.70 RPM: 0 VSS: 0 FuelP: 1.50 OilP: 0.30
Data Verified. Payload Length: 123
MAP: 100 IAT: 47.00 CLT: 77 Volt: 12.90 AFR: 19.70 RPM: 0 VSS: 0 FuelP: 1.50 OilP: 0.30
Data Verified. Payload Length: 123
MAP: 100 IAT: 47.00 CLT: 77 Volt: 12.90 AFR: 19.70 RPM: 0 VSS: 0 FuelP: 1.50 OilP: 0.30
Data Verified. Payload Length: 123
MAP: 100 IAT: 47.00 CLT: 77 Volt: 12.90 AFR: 19.70 RPM: 0 VSS: 0 FuelP: 1.50 OilP: 0.30
Data Verified. Payload Length: 123
MAP: 100 IAT: 47.00 CLT: 77 Volt: 12.90 AFR: 19.70 RPM: 0 VSS: 0 FuelP: 1.50 OilP: 0.30
Data Verified. Payload Length: 123
MAP: 100 IAT: 47.00 CLT: 77 Volt: 12.90 AFR: 19.70 RPM: 0 VSS: 0 FuelP: 1.50 OilP: 0.30
Data Verified. Payload Length: 123
MAP: 100 IAT: 47.00 CLT: 77 Volt: 12.90 AFR: 19.70 RPM: 0 VSS: 0 FuelP: 1.50 OilP: 0.30
Data Verified. Payload Length: 123
MAP: 100 IAT: 47.00 CLT: 77 Volt: 12.90 AFR: 19.70 RPM: 0 VSS: 0 FuelP: 1.50 OilP: 0.30
Data Verified. Payload Length: 123
MAP: 100 IAT: 47.00 CLT: 77 Volt: 12.90 AFR: 19.70 RPM: 0 VSS: 0 FuelP: 1.50 OilP: 0.30
Data Verified. Payload Length: 123
MAP: 100 IAT: 47.00 CLT: 77 Volt: 12.90 AFR: 19.70 RPM: 0 VSS: 0 FuelP: 1.50 OilP: 0.30
Data Verified. Payload Length: 123
MAP: 100 IAT: 47.00 CLT: 77 Volt: 12.90 AFR: 19.70 RPM: 0 VSS: 0 FuelP: 1.50 OilP: 0.30
Data Verified. Payload Length: 123
MAP: 100 IAT: 47.00 CLT: 77 Volt: 12.90 AFR: 19.70 RPM: 0 VSS: 0 FuelP: 1.50 OilP: 0.30
Data Verified. Payload Length: 123
MAP: 100 IAT: 47.00 CLT: 77 Volt: 12.90 AFR: 19.70 RPM: 0 VSS: 0 FuelP: 1.50 OilP: 0.30
Data Verified. Payload Length: 123
MAP: 100 IAT: 47.00 CLT: 77 Volt: 12.90 AFR: 19.70 RPM: 0 VSS: 0 FuelP: 1.50 OilP: 0.30
Data Verified. Payload Length: 123
MAP: 100 IAT: 47.00 CLT: 77 Volt: 12.90 AFR: 19.70 RPM: 0 VSS: 0 FuelP: 1.50 OilP: 0.30
Data Verified. Payload Length: 123
MAP: 100 IAT: 47.00 CLT: 77 Volt: 12.90 AFR: 19.70 RPM: 0 VSS: 0 FuelP: 1.50 OilP: 0.30
Data Verified. Payload Length: 123
MAP: 100 IAT: 47.00 CLT: 77 Volt: 12.90 AFR: 19.70 RPM: 0 VSS: 0 FuelP: 1.50 OilP: 0.30
Data Verified. Payload Length: 123
MAP: 100 IAT: 47.00 CLT: 77 Volt: 12.90 AFR: 19.70 RPM: 0 VSS: 0 FuelP: 1.50 OilP: 0.30
Data Verified. Payload Length: 123
MAP: 100 IAT: 47.00 CLT: 77 Volt: 12.90 AFR: 19.70 RPM: 0 VSS: 0 FuelP: 1.50 OilP: 0.30
Data Verified. Payload Length: 123
MAP: 100 IAT: 47.00 CLT: 77 Volt: 12.90 AFR: 19.70 RPM: 0 VSS: 0 FuelP: 1.50 OilP: 0.30
Data Verified. Payload Length: 123
MAP: 100 IAT: 47.00 CLT: 77 Volt: 12.90 AFR: 19.70 RPM: 0 VSS: 0 FuelP: 1.50 OilP: 0.30
Data Verified. Payload Length: 123
MAP: 100 IAT: 47.00 CLT: 77 Volt: 12.90 AFR: 19.70 RPM: 0 VSS: 0 FuelP: 1.50 OilP: 0.30
Data Verified. Payload Length: 123
MAP: 100 IAT: 47.00 CLT: 77 Volt: 12.90 AFR: 19.70 RPM: 0 VSS: 0 FuelP: 1.50 OilP: 0.30
Data Verified. Payload Length: 123
MAP: 100 IAT: 47.00 CLT: 77 Volt: 12.90 AFR: 19.70 RPM: 0 VSS: 0 FuelP: 1.50 OilP: 0.30
Data Verified. Payload Length: 123
MAP: 100 IAT: 47.00 CLT: 77 Volt: 12.90 AFR: 19.70 RPM: 0 VSS: 0 FuelP: 1.50 OilP: 0.30
Data Verified. Payload Length: 123
MAP: 100 IAT: 47.00 CLT: 77 Volt: 12.90 AFR: 19.70 RPM: 0 VSS: 0 FuelP: 1.50 OilP: 0.30
Data Verified. Payload Length: 123
MAP: 100 IAT: 47.00 CLT: 77 Volt: 12.90 AFR: 19.70 RPM: 0 VSS: 0 FuelP: 1.50 OilP: 0.30
Data Verified. Payload Length: 123
MAP: 100 IAT: 47.00 CLT: 77 Volt: 12.90 AFR: 19.70 RPM: 0 VSS: 0 FuelP: 1.50 OilP: 0.30
Data Verified. Payload Length: 123
MAP: 100 IAT: 47.00 CLT: 77 Volt: 12.90 AFR: 19.70 RPM: 0 VSS: 0 FuelP: 1.50 OilP: 0.30
Data Verified. Payload Length: 123
MAP: 100 IAT: 47.00 CLT: 77 Volt: 12.90 AFR: 19.70 RPM: 0 VSS: 0 FuelP: 1.50 OilP: 0.30
Data Verified. Payload Length: 123
MAP: 100 IAT: 47.00 CLT: 77 Volt: 12.90 AFR: 19.70 RPM: 0 VSS: 0 FuelP: 1.50 OilP: 0.30
Data Verified. Payload Length: 123
MAP: 100 IAT: 47.00 CLT: 77 Volt: 12.90 AFR: 19.70 RPM: 0 VSS: 0 FuelP: 1.50 OilP: 0.30
Data Verified. Payload Length: 123
MAP: 100 IAT: 47.00 CLT: 77 Volt: 12.90 AFR: 19.70 RPM: 0 VSS: 0 FuelP: 1.50 OilP: 0.30
Data Verified. Payload Length: 123
MAP: 100 IAT: 47.00 CLT: 77 Volt: 12.90 AFR: 19.70 RPM: 0 VSS: 0 FuelP: 1.50 OilP: 0.30
Data Verified. Payload Length: 123
MAP: 100 IAT: 47.00 CLT: 77 Volt: 12.90 AFR: 19.70 RPM: 0 VSS: 0 FuelP: 1.50 OilP: 0.30
Data Verified. Payload Length: 123
MAP: 100 IAT: 47.00 CLT: 77 Volt: 12.90 AFR: 19.70 RPM: 0 VSS: 0 FuelP: 1.50 OilP: 0.30
Data Verified. Payload Length: 123
MAP: 100 IAT: 47.00 CLT: 77 Volt: 12.90 AFR: 19.70 RPM: 0 VSS: 0 FuelP: 1.50 OilP: 0.30
Data Verified. Payload Length: 123
MAP: 100 IAT: 47.00 CLT: 77 Volt: 12.90 AFR: 19.70 RPM: 0 VSS: 0 FuelP: 1.50 OilP: 0.30
Data Verified. Payload Length: 123
MAP: 100 IAT: 47.00 CLT: 77 Volt: 12.90 AFR: 19.70 RPM: 0 VSS: 0 FuelP: 1.50 OilP: 0.30
Data Verified. Payload Length: 123
MAP: 100 IAT: 47.00 CLT: 77 Volt: 12.90 AFR: 19.70 RPM: 0 VSS: 0 FuelP: 1.50 OilP: 0.30
Data Verified. Payload Length: 123
MAP: 100 IAT: 47.00 CLT: 77 Volt: 12.90 AFR: 19.70 RPM: 0 VSS: 0 FuelP: 1.50 OilP: 0.30
Data Verified. Payload Length: 123
MAP: 100 IAT: 47.00 CLT: 77 Volt: 12.90 AFR: 19.70 RPM: 0 VSS: 0 FuelP: 1.50 OilP: 0.30
Data Verified. Payload Length: 123
MAP: 100 IAT: 47.00 CLT: 77 Volt: 12.90 AFR: 19.70 RPM: 0 VSS: 0 FuelP: 1.50 OilP: 0.30
Data Verified. Payload Length: 123
MAP: 100 IAT: 47.00 CLT: 77 Volt: 12.90 AFR: 19.70 RPM: 0 VSS: 0 FuelP: 1.50 OilP: 0.30
Data Verified. Payload Length: 123
MAP: 100 IAT: 47.00 CLT: 77 Volt: 12.90 AFR: 19.70 RPM: 0 VSS: 0 FuelP: 1.50 OilP: 0.30
Data Verified. Payload Length: 123
MAP: 100 IAT: 47.00 CLT: 77 Volt: 12.90 AFR: 19.70 RPM: 0 VSS: 0 FuelP: 1.50 OilP: 0.30
Data Verified. Payload Length: 123
MAP: 100 IAT: 47.00 CLT: 77 Volt: 12.80 AFR: 19.70 RPM: 0 VSS: 0 FuelP: 1.60 OilP: 0.30
Data Verified. Payload Length: 123
MAP: 100 IAT: 47.00 CLT: 77 Volt: 12.80 AFR: 19.70 RPM: 0 VSS: 0 FuelP: 1.60 OilP: 0.30
Data Verified. Payload Length: 123
MAP: 100 IAT: 47.00 CLT: 77 Volt: 12.80 AFR: 19.70 RPM: 0 VSS: 0 FuelP: 1.60 OilP: 0.30
Data Verified. Payload Length: 123
MAP: 100 IAT: 47.00 CLT: 77 Volt: 12.80 AFR: 19.70 RPM: 0 VSS: 0 FuelP: 1.60 OilP: 0.30
Data Verified. Payload Length: 123
MAP: 100 IAT: 47.00 CLT: 77 Volt: 12.80 AFR: 19.70 RPM: 0 VSS: 0 FuelP: 1.60 OilP: 0.30
Data Verified. Payload Length: 123
MAP: 100 IAT: 47.00 CLT: 77 Volt: 12.70 AFR: 19.70 RPM: 0 VSS: 0 FuelP: 1.60 OilP: 0.30
Data Verified. Payload Length: 123
MAP: 100 IAT: 47.00 CLT: 77 Volt: 12.70 AFR: 19.70 RPM: 0 VSS: 0 FuelP: 1.60 OilP: 0.30
Data Verified. Payload Length: 123
MAP: 100 IAT: 47.00 CLT: 77 Volt: 12.70 AFR: 19.70 RPM: 0 VSS: 0 FuelP: 1.60 OilP: 0.30
Data Verified. Payload Length: 123
MAP: 100 IAT: 47.00 CLT: 77 Volt: 12.70 AFR: 19.70 RPM: 0 VSS: 0 FuelP: 1.60 OilP: 0.30
Data Verified. Payload Length: 123
MAP: 100 IAT: 47.00 CLT: 77 Volt: 12.70 AFR: 19.70 RPM: 0 VSS: 0 FuelP: 1.60 OilP: 0.30
Data Verified. Payload Length: 123
MAP: 100 IAT: 47.00 CLT: 77 Volt: 12.80 AFR: 19.70 RPM: 0 VSS: 0 FuelP: 1.60 OilP: 0.30
Data Verified. Payload Length: 123
MAP: 100 IAT: 47.00 CLT: 77 Volt: 12.80 AFR: 19.70 RPM: 0 VSS: 0 FuelP: 1.60 OilP: 0.30
Data Verified. Payload Length: 123
MAP: 100 IAT: 47.00 CLT: 77 Volt: 12.80 AFR: 19.70 RPM: 0 VSS: 0 FuelP: 1.60 OilP: 0.30
Data Verified. Payload Length: 123
MAP: 100 IAT: 47.00 CLT: 77 Volt: 12.80 AFR: 19.70 RPM: 0 VSS: 0 FuelP: 1.60 OilP: 0.30
Data Verified. Payload Length: 123
MAP: 100 IAT: 47.00 CLT: 77 Volt: 12.80 AFR: 19.70 RPM: 0 VSS: 0 FuelP: 1.60 OilP: 0.30
Data Verified. Payload Length: 123
MAP: 100 IAT: 47.00 CLT: 77 Volt: 12.80 AFR: 19.70 RPM: 0 VSS: 0 FuelP: 1.60 OilP: 0.30
Data Verified. Payload Length: 123
MAP: 100 IAT: 47.00 CLT: 77 Volt: 12.80 AFR: 19.70 RPM: 0 VSS: 0 FuelP: 1.60 OilP: 0.30
Data Verified. Payload Length: 123
MAP: 100 IAT: 47.00 CLT: 77 Volt: 12.80 AFR: 19.70 RPM: 0 VSS: 0 FuelP: 1.60 OilP: 0.30
Data Verified. Payload Length: 123
MAP: 100 IAT: 47.00 CLT: 77 Volt: 12.80 AFR: 19.70 RPM: 0 VSS: 0 FuelP: 1.60 OilP: 0.30
Data Verified. Payload Length: 123
MAP: 100 IAT: 47.00 CLT: 77 Volt: 12.80 AFR: 19.70 RPM: 0 VSS: 0 FuelP: 1.60 OilP: 0.30
Data Verified. Payload Length: 123
MAP: 100 IAT: 47.00 CLT: 77 Volt: 12.70 AFR: 19.70 RPM: 0 VSS: 0 FuelP: 1.60 OilP: 0.30
Data Verified. Payload Length: 123
MAP: 100 IAT: 47.00 CLT: 77 Volt: 12.70 AFR: 19.70 RPM: 0 VSS: 0 FuelP: 1.60 OilP: 0.30
Data Verified. Payload Length: 123
MAP: 100 IAT: 47.00 CLT: 77 Volt: 12.70 AFR: 19.70 RPM: 0 VSS: 0 FuelP: 1.60 OilP: 0.30
Data Verified. Payload Length: 123
MAP: 100 IAT: 47.00 CLT: 77 Volt: 12.70 AFR: 19.70 RPM: 0 VSS: 0 FuelP: 1.60 OilP: 0.30
Data Verified. Payload Length: 123
MAP: 100 IAT: 47.00 CLT: 77 Volt: 12.70 AFR: 19.70 RPM: 0 VSS: 0 FuelP: 1.60 OilP: 0.30
Data Verified. Payload Length: 123
MAP: 100 IAT: 47.00 CLT: 77 Volt: 12.70 AFR: 19.70 RPM: 0 VSS: 0 FuelP: 1.60 OilP: 0.30
Data Verified. Payload Length: 123
MAP: 100 IAT: 47.00 CLT: 77 Volt: 12.70 AFR: 19.70 RPM: 0 VSS: 0 FuelP: 1.60 OilP: 0.30
Data Verified. Payload Length: 123
MAP: 100 IAT: 47.00 CLT: 77 Volt: 12.70 AFR: 19.70 RPM: 0 VSS: 0 FuelP: 1.60 OilP: 0.30
Data Verified. Payload Length: 123
MAP: 100 IAT: 47.00 CLT: 77 Volt: 12.70 AFR: 19.70 RPM: 0 VSS: 0 FuelP: 1.60 OilP: 0.30
Data Verified. Payload Length: 123
MAP: 100 IAT: 47.00 CLT: 77 Volt: 12.70 AFR: 19.70 RPM: 0 VSS: 0 FuelP: 1.60 OilP: 0.30
Data Verified. Payload Length: 123
MAP: 100 IAT: 47.00 CLT: 77 Volt: 12.80 AFR: 19.70 RPM: 0 VSS: 0 FuelP: 1.60 OilP: 0.30
Data Verified. Payload Length: 123
MAP: 100 IAT: 47.00 CLT: 77 Volt: 12.80 AFR: 19.70 RPM: 0 VSS: 0 FuelP: 1.60 OilP: 0.30
Data Verified. Payload Length: 123
MAP: 100 IAT: 47.00 CLT: 77 Volt: 12.80 AFR: 19.70 RPM: 0 VSS: 0 FuelP: 1.60 OilP: 0.30
Data Verified. Payload Length: 123
MAP: 100 IAT: 47.00 CLT: 77 Volt: 12.80 AFR: 19.70 RPM: 0 VSS: 0 FuelP: 1.60 OilP: 0.30
Data Verified. Payload Length: 123
MAP: 100 IAT: 47.00 CLT: 77 Volt: 12.80 AFR: 19.70 RPM: 0 VSS: 0 FuelP: 1.60 OilP: 0.30
Data Verified. Payload Length: 123
MAP: 100 IAT: 47.00 CLT: 77 Volt: 12.80 AFR: 19.70 RPM: 0 VSS: 0 FuelP: 1.60 OilP: 0.30
Data Verified. Payload Length: 123
MAP: 100 IAT: 47.00 CLT: 77 Volt: 12.80 AFR: 19.70 RPM: 0 VSS: 0 FuelP: 1.60 OilP: 0.30
Data Verified. Payload Length: 123
MAP: 100 IAT: 47.00 CLT: 77 Volt: 12.80 AFR: 19.70 RPM: 0 VSS: 0 FuelP: 1.60 OilP: 0.30
Data Verified. Payload Length: 123
MAP: 100 IAT: 47.00 CLT: 77 Volt: 12.80 AFR: 19.70 RPM: 0 VSS: 0 FuelP: 1.60 OilP: 0.30
Data Verified. Payload Length: 123
MAP: 100 IAT: 47.00 CLT: 77 Volt: 12.80 AFR: 19.70 RPM: 0 VSS: 0 FuelP: 1.60 OilP: 0.30
Data Verified. Payload Length: 123
MAP: 100 IAT: 47.00 CLT: 77 Volt: 12.70 AFR: 19.70 RPM: 0 VSS: 0 FuelP: 1.60 OilP: 0.30
Data Verified. Payload Length: 123
MAP: 100 IAT: 47.00 CLT: 77 Volt: 12.70 AFR: 19.70 RPM: 0 VSS: 0 FuelP: 1.60 OilP: 0.30
Data Verified. Payload Length: 123
MAP: 100 IAT: 47.00 CLT: 77 Volt: 12.70 AFR: 19.70 RPM: 0 VSS: 0 FuelP: 1.60 OilP: 0.30
Data Verified. Payload Length: 123
MAP: 100 IAT: 47.00 CLT: 77 Volt: 12.70 AFR: 19.70 RPM: 0 VSS: 0 FuelP: 1.60 OilP: 0.30
Data Verified. Payload Length: 123
MAP: 100 IAT: 47.00 CLT: 77 Volt: 12.70 AFR: 19.70 RPM: 0 VSS: 0 FuelP: 1.60 OilP: 0.30
Data Verified. Payload Length: 123
MAP: 100 IAT: 47.00 CLT: 77 Volt: 12.70 AFR: 19.70 RPM: 0 VSS: 0 FuelP: 1.60 OilP: 0.30
Data Verified. Payload Length: 123
MAP: 100 IAT: 47.00 CLT: 77 Volt: 12.70 AFR: 19.70 RPM: 0 VSS: 0 FuelP: 1.60 OilP: 0.30
Data Verified. Payload Length: 123
MAP: 100 IAT: 47.00 CLT: 77 Volt: 12.70 AFR: 19.70 RPM: 0 VSS: 0 FuelP: 1.60 OilP: 0.30
Data Verified. Payload Length: 123
MAP: 100 IAT: 47.00 CLT: 77 Volt: 12.70 AFR: 19.70 RPM: 0 VSS: 0 FuelP: 1.60 OilP: 0.30
Data Verified. Payload Length: 123
MAP: 100 IAT: 47.00 CLT: 77 Volt: 12.70 AFR: 19.70 RPM: 0 VSS: 0 FuelP: 1.60 OilP: 0.30
Data Verified. Payload Length: 123
MAP: 100 IAT: 47.00 CLT: 77 Volt: 12.80 AFR: 19.70 RPM: 0 VSS: 0 FuelP: 1.60 OilP: 0.30
Data Verified. Payload Length: 123
MAP: 100 IAT: 47.00 CLT: 77 Volt: 12.80 AFR: 19.70 RPM: 0 VSS: 0 FuelP: 1.60 OilP: 0.30
Data Verified. Payload Length: 123
MAP: 100 IAT: 47.00 CLT: 77 Volt: 12.80 AFR: 19.70 RPM: 0 VSS: 0 FuelP: 1.60 OilP: 0.30
Data Verified. Payload Length: 123
MAP: 100 IAT: 47.00 CLT: 77 Volt: 12.80 AFR: 19.70 RPM: 0 VSS: 0 FuelP: 1.60 OilP: 0.30
Data Verified. Payload Length: 123
MAP: 100 IAT: 47.00 CLT: 77 Volt: 12.80 AFR: 19.70 RPM: 0 VSS: 0 FuelP: 1.60 OilP: 0.30
Data Verified. Payload Length: 123
MAP: 100 IAT: 47.00 CLT: 77 Volt: 12.80 AFR: 19.70 RPM: 0 VSS: 0 FuelP: 1.60 OilP: 0.30
Data Verified. Payload Length: 123
MAP: 100 IAT: 47.00 CLT: 77 Volt: 12.80 AFR: 19.70 RPM: 0 VSS: 0 FuelP: 1.60 OilP: 0.30
Data Verified. Payload Length: 123
MAP: 100 IAT: 47.00 CLT: 77 Volt: 12.80 AFR: 19.70 RPM: 0 VSS: 0 FuelP: 1.60 OilP: 0.30
Data Verified. Payload Length: 123
MAP: 100 IAT: 47.00 CLT: 77 Volt: 12.80 AFR: 19.70 RPM: 0 VSS: 0 FuelP: 1.60 OilP: 0.30
Data Verified. Payload Length: 123
MAP: 100 IAT: 47.00 CLT: 77 Volt: 12.80 AFR: 19.70 RPM: 0 VSS: 0 FuelP: 1.60 OilP: 0.30
Data Verified. Payload Length: 123
MAP: 100 IAT: 47.00 CLT: 77 Volt: 12.70 AFR: 19.70 RPM: 0 VSS: 0 FuelP: 1.60 OilP: 0.30
Data Verified. Payload Length: 123
MAP: 100 IAT: 47.00 CLT: 77 Volt: 12.70 AFR: 19.70 RPM: 0 VSS: 0 FuelP: 1.60 OilP: 0.30
Data Verified. Payload Length: 123
MAP: 100 IAT: 47.00 CLT: 77 Volt: 12.70 AFR: 19.70 RPM: 0 VSS: 0 FuelP: 1.60 OilP: 0.30
Data Verified. Payload Length: 123
MAP: 100 IAT: 47.00 CLT: 77 Volt: 12.70 AFR: 19.70 RPM: 0 VSS: 0 FuelP: 1.60 OilP: 0.30
Data Verified. Payload Length: 123
MAP: 100 IAT: 47.00 CLT: 77 Volt: 12.70 AFR: 19.70 RPM: 0 VSS: 0 FuelP: 1.60 OilP: 0.30
Data Verified. Payload Length: 123
MAP: 100 IAT: 47.00 CLT: 77 Volt: 12.70 AFR: 19.70 RPM: 0 VSS: 0 FuelP: 1.60 OilP: 0.30
Data Verified. Payload Length: 123
MAP: 100 IAT: 47.00 CLT: 77 Volt: 12.70 AFR: 19.70 RPM: 0 VSS: 0 FuelP: 1.60 OilP: 0.30
Data Verified. Payload Length: 123
MAP: 100 IAT: 47.00 CLT: 77 Volt: 12.70 AFR: 19.70 RPM: 0 VSS: 0 FuelP: 1.60 OilP: 0.30
Data Verified. Payload Length: 123
MAP: 100 IAT: 47.00 CLT: 77 Volt: 12.70 AFR: 19.70 RPM: 0 VSS: 0 FuelP: 1.60 OilP: 0.30
Data Verified. Payload Length: 123
MAP: 100 IAT: 47.00 CLT: 77 Volt: 12.70 AFR: 19.70 RPM: 0 VSS: 0 FuelP: 1.60 OilP: 0.30
Data Verified. Payload Length: 123
MAP: 100 IAT: 47.00 CLT: 77 Volt: 12.70 AFR: 19.70 RPM: 0 VSS: 0 FuelP: 1.60 OilP: 0.30
Data Verified. Payload Length: 123
MAP: 100 IAT: 47.00 CLT: 77 Volt: 12.80 AFR: 19.70 RPM: 0 VSS: 0 FuelP: 1.60 OilP: 0.30
Data Verified. Payload Length: 123
MAP: 100 IAT: 47.00 CLT: 77 Volt: 12.80 AFR: 19.70 RPM: 0 VSS: 0 FuelP: 1.60 OilP: 0.30
Data Verified. Payload Length: 123
MAP: 100 IAT: 47.00 CLT: 77 Volt: 12.80 AFR: 19.70 RPM: 0 VSS: 0 FuelP: 1.60 OilP: 0.30
Data Verified. Payload Length: 123
MAP: 100 IAT: 47.00 CLT: 77 Volt: 12.80 AFR: 19.70 RPM: 0 VSS: 0 FuelP: 1.60 OilP: 0.30
Data Verified. Payload Length: 123
MAP: 100 IAT: 47.00 CLT: 77 Volt: 12.80 AFR: 19.70 RPM: 0 VSS: 0 FuelP: 1.60 OilP: 0.30
Data Verified. Payload Length: 123
MAP: 100 IAT: 47.00 CLT: 77 Volt: 12.80 AFR: 19.70 RPM: 0 VSS: 0 FuelP: 1.60 OilP: 0.30
Data Verified. Payload Length: 123
MAP: 100 IAT: 47.00 CLT: 77 Volt: 12.80 AFR: 19.70 RPM: 0 VSS: 0 FuelP: 1.60 OilP: 0.30
Data Verified. Payload Length: 123
MAP: 100 IAT: 47.00 CLT: 77 Volt: 12.80 AFR: 19.70 RPM: 0 VSS: 0 FuelP: 1.60 OilP: 0.30
Data Verified. Payload Length: 123
MAP: 100 IAT: 47.00 CLT: 77 Volt: 12.80 AFR: 19.70 RPM: 0 VSS: 0 FuelP: 1.60 OilP: 0.30
Data Verified. Payload Length: 123
MAP: 100 IAT: 47.00 CLT: 77 Volt: 12.80 AFR: 19.70 RPM: 0 VSS: 0 FuelP: 1.60 OilP: 0.30
Data Verified. Payload Length: 123
MAP: 100 IAT: 47.00 CLT: 77 Volt: 12.70 AFR: 19.70 RPM: 0 VSS: 0 FuelP: 1.60 OilP: 0.30
Data Verified. Payload Length: 123
MAP: 100 IAT: 47.00 CLT: 77 Volt: 12.70 AFR: 19.70 RPM: 0 VSS: 0 FuelP: 1.60 OilP: 0.30
Data Verified. Payload Length: 123
MAP: 100 IAT: 47.00 CLT: 77 Volt: 12.70 AFR: 19.70 RPM: 0 VSS: 0 FuelP: 1.60 OilP: 0.30
Data Verified. Payload Length: 123
MAP: 100 IAT: 47.00 CLT: 77 Volt: 12.70 AFR: 19.70 RPM: 0 VSS: 0 FuelP: 1.60 OilP: 0.30
Data Verified. Payload Length: 123
MAP: 100 IAT: 47.00 CLT: 77 Volt: 12.70 AFR: 19.70 RPM: 0 VSS: 0 FuelP: 1.60 OilP: 0.30
Data Verified. Payload Length: 123
MAP: 100 IAT: 47.00 CLT: 77 Volt: 12.70 AFR: 19.70 RPM: 0 VSS: 0 FuelP: 1.60 OilP: 0.30
Data Verified. Payload Length: 123
MAP: 100 IAT: 47.00 CLT: 77 Volt: 12.70 AFR: 19.70 RPM: 0 VSS: 0 FuelP: 1.60 OilP: 0.30
Data Verified. Payload Length: 123
MAP: 100 IAT: 47.00 CLT: 77 Volt: 12.70 AFR: 19.70 RPM: 0 VSS: 0 FuelP: 1.60 OilP: 0.30
Data Verified. Payload Length: 123
MAP: 100 IAT: 47.00 CLT: 77 Volt: 12.70 AFR: 19.70 RPM: 0 VSS: 0 FuelP: 1.60 OilP: 0.30
Data Verified. Payload Length: 123
MAP: 100 IAT: 47.00 CLT: 77 Volt: 12.70 AFR: 19.70 RPM: 0 VSS: 0 FuelP: 1.60 OilP: 0.30
Data Verified. Payload Length: 123
MAP: 100 IAT: 47.00 CLT: 77 Volt: 12.70 AFR: 19.70 RPM: 0 VSS: 0 FuelP: 1.60 OilP: 0.30
Data Verified. Payload Length: 123
MAP: 100 IAT: 47.00 CLT: 77 Volt: 12.70 AFR: 19.70 RPM: 0 VSS: 0 FuelP: 1.60 OilP: 0.30
Data Verified. Payload Length: 123
MAP: 100 IAT: 47.00 CLT: 77 Volt: 12.70 AFR: 19.70 RPM: 0 VSS: 0 FuelP: 1.60 OilP: 0.30
Data Verified. Payload Length: 123
MAP: 100 IAT: 47.00 CLT: 77 Volt: 12.70 AFR: 19.70 RPM: 0 VSS: 0 FuelP: 1.60 OilP: 0.30
Data Verified. Payload Length: 123
MAP: 100 IAT: 47.00 CLT: 77 Volt: 12.70 AFR: 19.70 RPM: 0 VSS: 0 FuelP: 1.60 OilP: 0.30
Data Verified. Payload Length: 123
MAP: 100 IAT: 47.00 CLT: 77 Volt: 12.70 AFR: 19.70 RPM: 0 VSS: 0 FuelP: 1.60 OilP: 0.30
Data Verified. Payload Length: 123
MAP: 100 IAT: 47.00 CLT: 77 Volt: 12.70 AFR: 19.70 RPM: 0 VSS: 0 FuelP: 1.60 OilP: 0.30
Data Verified. Payload Length: 123
MAP: 100 IAT: 47.00 CLT: 77 Volt: 12.70 AFR: 19.70 RPM: 0 VSS: 0 FuelP: 1.60 OilP: 0.30
Data Verified. Payload Length: 123
MAP: 100 IAT: 47.00 CLT: 77 Volt: 12.70 AFR: 19.70 RPM: 0 VSS: 0 FuelP: 1.60 OilP: 0.30
Data Verified. Payload Length: 123
MAP: 100 IAT: 47.00 CLT: 77 Volt: 12.70 AFR: 19.70 RPM: 0 VSS: 0 FuelP: 1.60 OilP: 0.30
Data Verified. Payload Length: 123
MAP: 100 IAT: 47.00 CLT: 77 Volt: 12.80 AFR: 19.70 RPM: 0 VSS: 0 FuelP: 1.60 OilP: 0.30
Data Verified. Payload Length: 123
MAP: 100 IAT: 47.00 CLT: 77 Volt: 12.80 AFR: 19.70 RPM: 0 VSS: 0 FuelP: 1.60 OilP: 0.30
Data Verified. Payload Length: 123
MAP: 100 IAT: 47.00 CLT: 77 Volt: 12.80 AFR: 19.70 RPM: 0 VSS: 0 FuelP: 1.60 OilP: 0.30
Data Verified. Payload Length: 123
MAP: 100 IAT: 47.00 CLT: 77 Volt: 12.80 AFR: 19.70 RPM: 0 VSS: 0 FuelP: 1.60 OilP: 0.30
Data Verified. Payload Length: 123
MAP: 100 IAT: 47.00 CLT: 77 Volt: 12.80 AFR: 19.70 RPM: 0 VSS: 0 FuelP: 1.60 OilP: 0.30
Data Verified. Payload Length: 123
MAP: 100 IAT: 47.00 CLT: 77 Volt: 12.80 AFR: 19.70 RPM: 0 VSS: 0 FuelP: 1.60 OilP: 0.30
Data Verified. Payload Length: 123
MAP: 100 IAT: 47.00 CLT: 77 Volt: 12.80 AFR: 19.70 RPM: 0 VSS: 0 FuelP: 1.60 OilP: 0.30
Data Verified. Payload Length: 123
MAP: 100 IAT: 47.00 CLT: 77 Volt: 12.80 AFR: 19.70 RPM: 0 VSS: 0 FuelP: 1.60 OilP: 0.30
Data Verified. Payload Length: 123
MAP: 100 IAT: 47.00 CLT: 77 Volt: 12.80 AFR: 19.70 RPM: 0 VSS: 0 FuelP: 1.60 OilP: 0.30
Data Verified. Payload Length: 123
MAP: 100 IAT: 47.00 CLT: 77 Volt: 12.80 AFR: 19.70 RPM: 0 VSS: 0 FuelP: 1.60 OilP: 0.30
Data Verified. Payload Length: 123
MAP: 100 IAT: 47.00 CLT: 77 Volt: 12.80 AFR: 19.70 RPM: 0 VSS: 0 FuelP: 1.60 OilP: 0.30
Data Verified. Payload Length: 123
MAP: 100 IAT: 47.00 CLT: 77 Volt: 12.80 AFR: 19.70 RPM: 0 VSS: 0 FuelP: 1.60 OilP: 0.30
Data Verified. Payload Length: 123
MAP: 100 IAT: 47.00 CLT: 77 Volt: 12.80 AFR: 19.70 RPM: 0 VSS: 0 FuelP: 1.60 OilP: 0.30
Data Verified. Payload Length: 123
MAP: 100 IAT: 47.00 CLT: 77 Volt: 12.80 AFR: 19.70 RPM: 0 VSS: 0 FuelP: 1.60 OilP: 0.30
Data Verified. Payload Length: 123
MAP: 100 IAT: 47.00 CLT: 77 Volt: 12.80 AFR: 19.70 RPM: 0 VSS: 0 FuelP: 1.60 OilP: 0.30
Data Verified. Payload Length: 123
MAP: 100 IAT: 47.00 CLT: 77 Volt: 12.80 AFR: 19.70 RPM: 0 VSS: 0 FuelP: 1.60 OilP: 0.30
Data Verified. Payload Length: 123
MAP: 100 IAT: 47.00 CLT: 77 Volt: 12.80 AFR: 19.70 RPM: 0 VSS: 0 FuelP: 1.60 OilP: 0.30
Data Verified. Payload Length: 123
MAP: 100 IAT: 47.00 CLT: 77 Volt: 12.80 AFR: 19.70 RPM: 0 VSS: 0 FuelP: 1.60 OilP: 0.30
Data Verified. Payload Length: 123
MAP: 100 IAT: 47.00 CLT: 77 Volt: 12.80 AFR: 19.70 RPM: 0 VSS: 0 FuelP: 1.60 OilP: 0.30
Data Verified. Payload Length: 123
MAP: 100 IAT: 47.00 CLT: 77 Volt: 12.80 AFR: 19.70 RPM: 0 VSS: 0 FuelP: 1.60 OilP: 0.30
Data Verified. Payload Length: 123
MAP: 100 IAT: 47.00 CLT: 77 Volt: 12.80 AFR: 19.70 RPM: 0 VSS: 0 FuelP: 1.60 OilP: 0.30
Data Verified. Payload Length: 123
MAP: 100 IAT: 47.00 CLT: 77 Volt: 12.80 AFR: 19.70 RPM: 0 VSS: 0 FuelP: 1.60 OilP: 0.30
Data Verified. Payload Length: 123
MAP: 100 IAT: 47.00 CLT: 77 Volt: 12.80 AFR: 19.70 RPM: 0 VSS: 0 FuelP: 1.60 OilP: 0.30
Data Verified. Payload Length: 123
MAP: 100 IAT: 47.00 CLT: 77 Volt: 12.80 AFR: 19.70 RPM: 0 VSS: 0 FuelP: 1.60 OilP: 0.30
Data Verified. Payload Length: 123
MAP: 100 IAT: 47.00 CLT: 77 Volt: 12.80 AFR: 19.70 RPM: 0 VSS: 0 FuelP: 1.60 OilP: 0.30
Data Verified. Payload Length: 123
MAP: 100 IAT: 47.00 CLT: 77 Volt: 12.80 AFR: 19.70 RPM: 0 VSS: 0 FuelP: 1.60 OilP: 0.30
Data Verified. Payload Length: 123
MAP: 100 IAT: 47.00 CLT: 77 Volt: 12.80 AFR: 19.70 RPM: 0 VSS: 0 FuelP: 1.60 OilP: 0.30
Data Verified. Payload Length: 123
MAP: 100 IAT: 47.00 CLT: 77 Volt: 12.80 AFR: 19.70 RPM: 0 VSS: 0 FuelP: 1.60 OilP: 0.30
Data Verified. Payload Length: 123
MAP: 100 IAT: 47.00 CLT: 77 Volt: 12.80 AFR: 19.70 RPM: 0 VSS: 0 FuelP: 1.60 OilP: 0.30
Data Verified. Payload Length: 123
MAP: 100 IAT: 47.00 CLT: 77 Volt: 12.80 AFR: 19.70 RPM: 0 VSS: 0 FuelP: 1.60 OilP: 0.30
Data Verified. Payload Length: 123
MAP: 100 IAT: 47.00 CLT: 77 Volt: 12.80 AFR: 19.70 RPM: 0 VSS: 0 FuelP: 1.60 OilP: 0.30
Data Verified. Payload Length: 123
MAP: 100 IAT: 47.00 CLT: 77 Volt: 12.80 AFR: 19.70 RPM: 0 VSS: 0 FuelP: 1.60 OilP: 0.30
Data Verified. Payload Length: 123
MAP: 100 IAT: 47.00 CLT: 77 Volt: 12.80 AFR: 19.70 RPM: 0 VSS: 0 FuelP: 1.60 OilP: 0.30
Data Verified. Payload Length: 123
MAP: 100 IAT: 47.00 CLT: 77 Volt: 12.80 AFR: 19.70 RPM: 0 VSS: 0 FuelP: 1.60 OilP: 0.30
Data Verified. Payload Length: 123
MAP: 100 IAT: 47.00 CLT: 77 Volt: 12.80 AFR: 19.70 RPM: 0 VSS: 0 FuelP: 1.60 OilP: 0.30
Data Verified. Payload Length: 123
MAP: 100 IAT: 47.00 CLT: 77 Volt: 12.80 AFR: 19.70 RPM: 0 VSS: 0 FuelP: 1.60 OilP: 0.30
Data Verified. Payload Length: 123
MAP: 100 IAT: 47.00 CLT: 77 Volt: 12.80 AFR: 19.70 RPM: 0 VSS: 0 FuelP: 1.60 OilP: 0.30
Data Verified. Payload Length: 123
MAP: 100 IAT: 47.00 CLT: 77 Volt: 12.80 AFR: 19.70 RPM: 0 VSS: 0 FuelP: 1.60 OilP: 0.30
Data Verified. Payload Length: 123
MAP: 100 IAT: 47.00 CLT: 77 Volt: 12.80 AFR: 19.70 RPM: 0 VSS: 0 FuelP: 1.60 OilP: 0.30
Data Verified. Payload Length: 123
MAP: 100 IAT: 47.00 CLT: 77 Volt: 12.80 AFR: 19.70 RPM: 0 VSS: 0 FuelP: 1.60 OilP: 0.30
Data Verified. Payload Length: 123
MAP: 100 IAT: 47.00 CLT: 77 Volt: 12.80 AFR: 19.70 RPM: 0 VSS: 0 FuelP: 1.60 OilP: 0.30
Data Verified. Payload Length: 123
MAP: 100 IAT: 47.00 CLT: 77 Volt: 12.80 AFR: 19.70 RPM: 0 VSS: 0 FuelP: 1.60 OilP: 0.30
Data Verified. Payload Length: 123
MAP: 100 IAT: 47.00 CLT: 77 Volt: 12.80 AFR: 19.70 RPM: 0 VSS: 0 FuelP: 1.60 OilP: 0.30
Data Verified. Payload Length: 123
MAP: 100 IAT: 47.00 CLT: 77 Volt: 12.80 AFR: 19.70 RPM: 0 VSS: 0 FuelP: 1.60 OilP: 0.30
Data Verified. Payload Length: 123
MAP: 100 IAT: 47.00 CLT: 77 Volt: 12.80 AFR: 19.70 RPM: 0 VSS: 0 FuelP: 1.60 OilP: 0.30
Data Verified. Payload Length: 123
MAP: 100 IAT: 47.00 CLT: 77 Volt: 12.70 AFR: 19.70 RPM: 0 VSS: 0 FuelP: 1.60 OilP: 0.30
Data Verified. Payload Length: 123
MAP: 100 IAT: 47.00 CLT: 77 Volt: 12.70 AFR: 19.70 RPM: 0 VSS: 0 FuelP: 1.60 OilP: 0.30
Data Verified. Payload Length: 123
MAP: 100 IAT: 47.00 CLT: 77 Volt: 12.70 AFR: 19.70 RPM: 0 VSS: 0 FuelP: 1.60 OilP: 0.30
Data Verified. Payload Length: 123
MAP: 100 IAT: 47.00 CLT: 77 Volt: 12.70 AFR: 19.70 RPM: 0 VSS: 0 FuelP: 1.60 OilP: 0.30
Data Verified. Payload Length: 123
MAP: 100 IAT: 47.00 CLT: 77 Volt: 12.70 AFR: 19.70 RPM: 0 VSS: 0 FuelP: 1.60 OilP: 0.30
Data Verified. Payload Length: 123
MAP: 100 IAT: 47.00 CLT: 77 Volt: 12.70 AFR: 19.70 RPM: 0 VSS: 0 FuelP: 1.60 OilP: 0.30
Data Verified. Payload Length: 123
MAP: 100 IAT: 47.00 CLT: 77 Volt: 12.70 AFR: 19.70 RPM: 0 VSS: 0 FuelP: 1.60 OilP: 0.30
Data Verified. Payload Length: 123
MAP: 100 IAT: 47.00 CLT: 77 Volt: 12.70 AFR: 19.70 RPM: 0 VSS: 0 FuelP: 1.60 OilP: 0.30
Data Verified. Payload Length: 123
MAP: 100 IAT: 47.00 CLT: 77 Volt: 12.70 AFR: 19.70 RPM: 0 VSS: 0 FuelP: 1.60 OilP: 0.30
Data Verified. Payload Length: 123
MAP: 100 IAT: 47.00 CLT: 77 Volt: 12.70 AFR: 19.70 RPM: 0 VSS: 0 FuelP: 1.60 OilP: 0.30
Data Verified. Payload Length: 123
MAP: 100 IAT: 47.00 CLT: 77 Volt: 12.70 AFR: 19.70 RPM: 0 VSS: 0 FuelP: 1.60 OilP: 0.30
Data Verified. Payload Length: 123
MAP: 100 IAT: 47.00 CLT: 77 Volt: 12.80 AFR: 19.70 RPM: 0 VSS: 0 FuelP: 1.60 OilP: 0.30
Data Verified. Payload Length: 123
MAP: 100 IAT: 47.00 CLT: 77 Volt: 12.80 AFR: 19.70 RPM: 0 VSS: 0 FuelP: 1.60 OilP: 0.30
Data Verified. Payload Length: 123
MAP: 100 IAT: 47.00 CLT: 77 Volt: 12.80 AFR: 19.70 RPM: 0 VSS: 0 FuelP: 1.60 OilP: 0.30
Data Verified. Payload Length: 123
MAP: 100 IAT: 47.00 CLT: 77 Volt: 12.80 AFR: 19.70 RPM: 0 VSS: 0 FuelP: 1.60 OilP: 0.30
Data Verified. Payload Length: 123
MAP: 100 IAT: 47.00 CLT: 77 Volt: 12.80 AFR: 19.70 RPM: 0 VSS: 0 FuelP: 1.60 OilP: 0.30
Data Verified. Payload Length: 123
MAP: 100 IAT: 47.00 CLT: 77 Volt: 12.80 AFR: 19.70 RPM: 0 VSS: 0 FuelP: 1.70 OilP: 0.30
Data Verified. Payload Length: 123
MAP: 100 IAT: 47.00 CLT: 77 Volt: 12.80 AFR: 19.70 RPM: 0 VSS: 0 FuelP: 1.70 OilP: 0.30
Data Verified. Payload Length: 123
MAP: 100 IAT: 47.00 CLT: 77 Volt: 12.80 AFR: 19.70 RPM: 0 VSS: 0 FuelP: 1.70 OilP: 0.30
Data Verified. Payload Length: 123
MAP: 100 IAT: 47.00 CLT: 77 Volt: 12.80 AFR: 19.70 RPM: 0 VSS: 0 FuelP: 1.70 OilP: 0.30
Data Verified. Payload Length: 123
MAP: 100 IAT: 47.00 CLT: 77 Volt: 12.80 AFR: 19.70 RPM: 0 VSS: 0 FuelP: 1.70 OilP: 0.30
Data Verified. Payload Length: 123
MAP: 100 IAT: 47.00 CLT: 77 Volt: 12.70 AFR: 19.70 RPM: 0 VSS: 0 FuelP: 1.70 OilP: 0.30
Data Verified. Payload Length: 123
MAP: 100 IAT: 47.00 CLT: 77 Volt: 12.70 AFR: 19.70 RPM: 0 VSS: 0 FuelP: 1.70 OilP: 0.30
Data Verified. Payload Length: 123
MAP: 100 IAT: 47.00 CLT: 77 Volt: 12.70 AFR: 19.70 RPM: 0 VSS: 0 FuelP: 1.70 OilP: 0.30
Data Verified. Payload Length: 123
MAP: 100 IAT: 47.00 CLT: 77 Volt: 12.70 AFR: 19.70 RPM: 0 VSS: 0 FuelP: 1.70 OilP: 0.30
Data Verified. Payload Length: 123
MAP: 100 IAT: 47.00 CLT: 77 Volt: 12.70 AFR: 19.70 RPM: 0 VSS: 0 FuelP: 1.70 OilP: 0.30
Data Verified. Payload Length: 123
MAP: 100 IAT: 47.00 CLT: 77 Volt: 12.70 AFR: 19.70 RPM: 0 VSS: 0 FuelP: 1.70 OilP: 0.30
Data Verified. Payload Length: 123
MAP: 100 IAT: 47.00 CLT: 77 Volt: 12.70 AFR: 19.70 RPM: 0 VSS: 0 FuelP: 1.70 OilP: 0.30
Data Verified. Payload Length: 123
MAP: 100 IAT: 47.00 CLT: 77 Volt: 12.70 AFR: 19.70 RPM: 0 VSS: 0 FuelP: 1.70 OilP: 0.30
Data Verified. Payload Length: 123
MAP: 100 IAT: 47.00 CLT: 77 Volt: 12.70 AFR: 19.70 RPM: 0 VSS: 0 FuelP: 1.70 OilP: 0.30
Data Verified. Payload Length: 123
MAP: 100 IAT: 47.00 CLT: 77 Volt: 12.70 AFR: 19.70 RPM: 0 VSS: 0 FuelP: 1.70 OilP: 0.30
Data Verified. Payload Length: 123
MAP: 100 IAT: 47.00 CLT: 77 Volt: 12.70 AFR: 19.70 RPM: 0 VSS: 0 FuelP: 1.70 OilP: 0.30
Data Verified. Payload Length: 123
MAP: 100 IAT: 47.00 CLT: 77 Volt: 12.70 AFR: 19.70 RPM: 0 VSS: 0 FuelP: 1.70 OilP: 0.30
Data Verified. Payload Length: 123
MAP: 100 IAT: 47.00 CLT: 77 Volt: 12.70 AFR: 19.70 RPM: 0 VSS: 0 FuelP: 1.70 OilP: 0.30
Data Verified. Payload Length: 123
MAP: 100 IAT: 47.00 CLT: 77 Volt: 12.70 AFR: 19.70 RPM: 0 VSS: 0 FuelP: 1.70 OilP: 0.30
Data Verified. Payload Length: 123
MAP: 100 IAT: 47.00 CLT: 77 Volt: 12.70 AFR: 19.70 RPM: 0 VSS: 0 FuelP: 1.70 OilP: 0.30
Data Verified. Payload Length: 123
MAP: 100 IAT: 47.00 CLT: 77 Volt: 12.80 AFR: 19.70 RPM: 0 VSS: 0 FuelP: 1.70 OilP: 0.30
Data Verified. Payload Length: 123
MAP: 100 IAT: 47.00 CLT: 77 Volt: 12.80 AFR: 19.70 RPM: 0 VSS: 0 FuelP: 1.70 OilP: 0.30
Data Verified. Payload Length: 123
MAP: 100 IAT: 47.00 CLT: 77 Volt: 12.80 AFR: 19.70 RPM: 0 VSS: 0 FuelP: 1.70 OilP: 0.30
Data Verified. Payload Length: 123
MAP: 100 IAT: 47.00 CLT: 77 Volt: 12.80 AFR: 19.70 RPM: 0 VSS: 0 FuelP: 1.70 OilP: 0.30
Data Verified. Payload Length: 123
MAP: 100 IAT: 47.00 CLT: 77 Volt: 12.80 AFR: 19.70 RPM: 0 VSS: 0 FuelP: 1.70 OilP: 0.30
Data Verified. Payload Length: 123
MAP: 100 IAT: 47.00 CLT: 77 Volt: 12.70 AFR: 19.70 RPM: 0 VSS: 0 FuelP: 1.70 OilP: 0.30
Data Verified. Payload Length: 123
MAP: 100 IAT: 47.00 CLT: 77 Volt: 12.70 AFR: 19.70 RPM: 0 VSS: 0 FuelP: 1.70 OilP: 0.30
Data Verified. Payload Length: 123
MAP: 100 IAT: 47.00 CLT: 77 Volt: 12.70 AFR: 19.70 RPM: 0 VSS: 0 FuelP: 1.70 OilP: 0.30
Data Verified. Payload Length: 123
MAP: 100 IAT: 47.00 CLT: 77 Volt: 12.70 AFR: 19.70 RPM: 0 VSS: 0 FuelP: 1.70 OilP: 0.30
Data Verified. Payload Length: 123
MAP: 100 IAT: 47.00 CLT: 77 Volt: 12.70 AFR: 19.70 RPM: 0 VSS: 0 FuelP: 1.70 OilP: 0.30
Data Verified. Payload Length: 123
MAP: 100 IAT: 47.00 CLT: 77 Volt: 12.70 AFR: 19.70 RPM: 0 VSS: 0 FuelP: 1.70 OilP: 0.30
Data Verified. Payload Length: 123
MAP: 100 IAT: 47.00 CLT: 77 Volt: 12.70 AFR: 19.70 RPM: 0 VSS: 0 FuelP: 1.70 OilP: 0.30
Data Verified. Payload Length: 123
MAP: 100 IAT: 47.00 CLT: 77 Volt: 12.70 AFR: 19.70 RPM: 0 VSS: 0 FuelP: 1.70 OilP: 0.30
Data Verified. Payload Length: 123
MAP: 100 IAT: 47.00 CLT: 77 Volt: 12.70 AFR: 19.70 RPM: 0 VSS: 0 FuelP: 1.70 OilP: 0.30
Data Verified. Payload Length: 123
MAP: 100 IAT: 47.00 CLT: 77 Volt: 12.70 AFR: 19.70 RPM: 0 VSS: 0 FuelP: 1.70 OilP: 0.30
Data Verified. Payload Length: 123
MAP: 100 IAT: 47.00 CLT: 77 Volt: 12.80 AFR: 19.70 RPM: 0 VSS: 0 FuelP: 1.70 OilP: 0.30
Data Verified. Payload Length: 123
MAP: 100 IAT: 47.00 CLT: 77 Volt: 12.80 AFR: 19.70 RPM: 0 VSS: 0 FuelP: 1.70 OilP: 0.30
Data Verified. Payload Length: 123
MAP: 100 IAT: 47.00 CLT: 77 Volt: 12.80 AFR: 19.70 RPM: 0 VSS: 0 FuelP: 1.70 OilP: 0.30
Data Verified. Payload Length: 123
MAP: 100 IAT: 47.00 CLT: 77 Volt: 12.80 AFR: 19.70 RPM: 0 VSS: 0 FuelP: 1.70 OilP: 0.30
Data Verified. Payload Length: 123
MAP: 100 IAT: 47.00 CLT: 77 Volt: 12.80 AFR: 19.70 RPM: 0 VSS: 0 FuelP: 1.70 OilP: 0.30
Data Verified. Payload Length: 123
MAP: 100 IAT: 47.00 CLT: 77 Volt: 12.80 AFR: 19.70 RPM: 0 VSS: 0 FuelP: 1.70 OilP: 0.30
Data Verified. Payload Length: 123
MAP: 100 IAT: 47.00 CLT: 77 Volt: 12.80 AFR: 19.70 RPM: 0 VSS: 0 FuelP: 1.70 OilP: 0.30
Data Verified. Payload Length: 123
MAP: 100 IAT: 47.00 CLT: 77 Volt: 12.80 AFR: 19.70 RPM: 0 VSS: 0 FuelP: 1.70 OilP: 0.30
Data Verified. Payload Length: 123
MAP: 100 IAT: 47.00 CLT: 77 Volt: 12.80 AFR: 19.70 RPM: 0 VSS: 0 FuelP: 1.70 OilP: 0.30
Data Verified. Payload Length: 123
MAP: 100 IAT: 47.00 CLT: 77 Volt: 12.80 AFR: 19.70 RPM: 0 VSS: 0 FuelP: 1.70 OilP: 0.30
Data Verified. Payload Length: 123
MAP: 100 IAT: 47.00 CLT: 77 Volt: 12.70 AFR: 19.70 RPM: 0 VSS: 0 FuelP: 1.70 OilP: 0.30
Data Verified. Payload Length: 123
MAP: 100 IAT: 47.00 CLT: 77 Volt: 12.70 AFR: 19.70 RPM: 0 VSS: 0 FuelP: 1.70 OilP: 0.30
Data Verified. Payload Length: 123
MAP: 100 IAT: 47.00 CLT: 77 Volt: 12.70 AFR: 19.70 RPM: 0 VSS: 0 FuelP: 1.70 OilP: 0.30
Data Verified. Payload Length: 123
MAP: 100 IAT: 47.00 CLT: 77 Volt: 12.70 AFR: 19.70 RPM: 0 VSS: 0 FuelP: 1.70 OilP: 0.30
Data Verified. Payload Length: 123
MAP: 100 IAT: 47.00 CLT: 77 Volt: 12.70 AFR: 19.70 RPM: 0 VSS: 0 FuelP: 1.70 OilP: 0.30
Data Verified. Payload Length: 123
MAP: 100 IAT: 47.00 CLT: 77 Volt: 12.70 AFR: 19.70 RPM: 0 VSS: 0 FuelP: 1.70 OilP: 0.30
Data Verified. Payload Length: 123
MAP: 100 IAT: 47.00 CLT: 77 Volt: 12.70 AFR: 19.70 RPM: 0 VSS: 0 FuelP: 1.70 OilP: 0.30
Data Verified. Payload Length: 123
MAP: 100 IAT: 47.00 CLT: 77 Volt: 12.70 AFR: 19.70 RPM: 0 VSS: 0 FuelP: 1.70 OilP: 0.30
Data Verified. Payload Length: 123
MAP: 100 IAT: 47.00 CLT: 77 Volt: 12.70 AFR: 19.70 RPM: 0 VSS: 0 FuelP: 1.70 OilP: 0.30
Data Verified. Payload Length: 123
MAP: 100 IAT: 47.00 CLT: 77 Volt: 12.70 AFR: 19.70 RPM: 0 VSS: 0 FuelP: 1.70 OilP: 0.30
Data Verified. Payload Length: 123
MAP: 100 IAT: 47.00 CLT: 77 Volt: 12.80 AFR: 19.70 RPM: 0 VSS: 0 FuelP: 1.70 OilP: 0.30
Data Verified. Payload Length: 123
MAP: 100 IAT: 47.00 CLT: 77 Volt: 12.80 AFR: 19.70 RPM: 0 VSS: 0 FuelP: 1.70 OilP: 0.30
Data Verified. Payload Length: 123
MAP: 100 IAT: 47.00 CLT: 77 Volt: 12.80 AFR: 19.70 RPM: 0 VSS: 0 FuelP: 1.70 OilP: 0.30
Data Verified. Payload Length: 123
MAP: 100 IAT: 47.00 CLT: 77 Volt: 12.80 AFR: 19.70 RPM: 0 VSS: 0 FuelP: 1.70 OilP: 0.30
Data Verified. Payload Length: 123
MAP: 100 IAT: 47.00 CLT: 77 Volt: 12.80 AFR: 19.70 RPM: 0 VSS: 0 FuelP: 1.70 OilP: 0.30
Data Verified. Payload Length: 123
MAP: 100 IAT: 47.00 CLT: 77 Volt: 12.80 AFR: 19.70 RPM: 0 VSS: 0 FuelP: 1.70 OilP: 0.30
Data Verified. Payload Length: 123
MAP: 100 IAT: 47.00 CLT: 77 Volt: 12.80 AFR: 19.70 RPM: 0 VSS: 0 FuelP: 1.70 OilP: 0.30
Data Verified. Payload Length: 123
MAP: 100 IAT: 47.00 CLT: 77 Volt: 12.80 AFR: 19.70 RPM: 0 VSS: 0 FuelP: 1.70 OilP: 0.30
Data Verified. Payload Length: 123
MAP: 100 IAT: 47.00 CLT: 77 Volt: 12.80 AFR: 19.70 RPM: 0 VSS: 0 FuelP: 1.70 OilP: 0.30
Data Verified. Payload Length: 123
MAP: 100 IAT: 47.00 CLT: 77 Volt: 12.80 AFR: 19.70 RPM: 0 VSS: 0 FuelP: 1.70 OilP: 0.30
Data Verified. Payload Length: 123
MAP: 100 IAT: 47.00 CLT: 77 Volt: 12.80 AFR: 19.70 RPM: 0 VSS: 0 FuelP: 1.70 OilP: 0.30
Data Verified. Payload Length: 123
MAP: 100 IAT: 47.00 CLT: 77 Volt: 12.70 AFR: 19.70 RPM: 0 VSS: 0 FuelP: 1.70 OilP: 0.30
Data Verified. Payload Length: 123
MAP: 100 IAT: 47.00 CLT: 77 Volt: 12.70 AFR: 19.70 RPM: 0 VSS: 0 FuelP: 1.70 OilP: 0.30
Data Verified. Payload Length: 123
MAP: 100 IAT: 47.00 CLT: 77 Volt: 12.70 AFR: 19.70 RPM: 0 VSS: 0 FuelP: 1.70 OilP: 0.30
Data Verified. Payload Length: 123
MAP: 100 IAT: 47.00 CLT: 77 Volt: 12.70 AFR: 19.70 RPM: 0 VSS: 0 FuelP: 1.70 OilP: 0.30
Data Verified. Payload Length: 123
MAP: 100 IAT: 47.00 CLT: 77 Volt: 12.70 AFR: 19.70 RPM: 0 VSS: 0 FuelP: 1.70 OilP: 0.30
Data Verified. Payload Length: 123
MAP: 100 IAT: 47.00 CLT: 77 Volt: 12.70 AFR: 19.70 RPM: 0 VSS: 0 FuelP: 1.70 OilP: 0.30
Data Verified. Payload Length: 123
MAP: 100 IAT: 47.00 CLT: 77 Volt: 12.70 AFR: 19.70 RPM: 0 VSS: 0 FuelP: 1.70 OilP: 0.30
Data Verified. Payload Length: 123
MAP: 100 IAT: 47.00 CLT: 77 Volt: 12.70 AFR: 19.70 RPM: 0 VSS: 0 FuelP: 1.70 OilP: 0.30
Data Verified. Payload Length: 123
MAP: 100 IAT: 47.00 CLT: 77 Volt: 12.70 AFR: 19.70 RPM: 0 VSS: 0 FuelP: 1.70 OilP: 0.30
Data Verified. Payload Length: 123
MAP: 100 IAT: 47.00 CLT: 77 Volt: 12.70 AFR: 19.70 RPM: 0 VSS: 0 FuelP: 1.70 OilP: 0.30
Data Verified. Payload Length: 123
MAP: 100 IAT: 47.00 CLT: 77 Volt: 12.70 AFR: 19.70 RPM: 0 VSS: 0 FuelP: 1.70 OilP: 0.30
Data Verified. Payload Length: 123
MAP: 100 IAT: 47.00 CLT: 77 Volt: 12.70 AFR: 19.70 RPM: 0 VSS: 0 FuelP: 1.70 OilP: 0.30
Data Verified. Payload Length: 123
MAP: 100 IAT: 47.00 CLT: 77 Volt: 12.70 AFR: 19.70 RPM: 0 VSS: 0 FuelP: 1.70 OilP: 0.30
Data Verified. Payload Length: 123
MAP: 100 IAT: 47.00 CLT: 77 Volt: 12.70 AFR: 19.70 RPM: 0 VSS: 0 FuelP: 1.70 OilP: 0.30
Data Verified. Payload Length: 123
MAP: 100 IAT: 47.00 CLT: 77 Volt: 12.70 AFR: 19.70 RPM: 0 VSS: 0 FuelP: 1.70 OilP: 0.30
Data Verified. Payload Length: 123
MAP: 100 IAT: 47.00 CLT: 77 Volt: 12.80 AFR: 19.70 RPM: 0 VSS: 0 FuelP: 1.70 OilP: 0.30
Data Verified. Payload Length: 123
MAP: 100 IAT: 47.00 CLT: 77 Volt: 12.80 AFR: 19.70 RPM: 0 VSS: 0 FuelP: 1.70 OilP: 0.30
Data Verified. Payload Length: 123
MAP: 100 IAT: 47.00 CLT: 77 Volt: 12.80 AFR: 19.70 RPM: 0 VSS: 0 FuelP: 1.70 OilP: 0.30
Data Verified. Payload Length: 123
MAP: 100 IAT: 47.00 CLT: 77 Volt: 12.80 AFR: 19.70 RPM: 0 VSS: 0 FuelP: 1.70 OilP: 0.30
Data Verified. Payload Length: 123
MAP: 100 IAT: 47.00 CLT: 77 Volt: 12.80 AFR: 19.70 RPM: 0 VSS: 0 FuelP: 1.70 OilP: 0.30
Data Verified. Payload Length: 123
MAP: 100 IAT: 47.00 CLT: 77 Volt: 12.80 AFR: 19.70 RPM: 0 VSS: 0 FuelP: 1.70 OilP: 0.30
Data Verified. Payload Length: 123
MAP: 100 IAT: 47.00 CLT: 77 Volt: 12.80 AFR: 19.70 RPM: 0 VSS: 0 FuelP: 1.70 OilP: 0.30
Data Verified. Payload Length: 123
MAP: 100 IAT: 47.00 CLT: 77 Volt: 12.80 AFR: 19.70 RPM: 0 VSS: 0 FuelP: 1.70 OilP: 0.30
Data Verified. Payload Length: 123
MAP: 100 IAT: 47.00 CLT: 77 Volt: 12.80 AFR: 19.70 RPM: 0 VSS: 0 FuelP: 1.70 OilP: 0.30
Data Verified. Payload Length: 123
MAP: 100 IAT: 47.00 CLT: 77 Volt: 12.80 AFR: 19.70 RPM: 0 VSS: 0 FuelP: 1.70 OilP: 0.30
Data Verified. Payload Length: 123
MAP: 100 IAT: 47.00 CLT: 77 Volt: 12.70 AFR: 19.70 RPM: 0 VSS: 0 FuelP: 1.70 OilP: 0.30
Data Verified. Payload Length: 123
MAP: 100 IAT: 47.00 CLT: 77 Volt: 12.70 AFR: 19.70 RPM: 0 VSS: 0 FuelP: 1.70 OilP: 0.30
Data Verified. Payload Length: 123
MAP: 100 IAT: 47.00 CLT: 77 Volt: 12.70 AFR: 19.70 RPM: 0 VSS: 0 FuelP: 1.70 OilP: 0.30
Data Verified. Payload Length: 123
MAP: 100 IAT: 47.00 CLT: 77 Volt: 12.70 AFR: 19.70 RPM: 0 VSS: 0 FuelP: 1.70 OilP: 0.30
Data Verified. Payload Length: 123
MAP: 100 IAT: 47.00 CLT: 77 Volt: 12.70 AFR: 19.70 RPM: 0 VSS: 0 FuelP: 1.70 OilP: 0.30
Data Verified. Payload Length: 123
MAP: 100 IAT: 47.00 CLT: 77 Volt: 12.70 AFR: 19.70 RPM: 0 VSS: 0 FuelP: 1.70 OilP: 0.30
Data Verified. Payload Length: 123
MAP: 100 IAT: 47.00 CLT: 77 Volt: 12.70 AFR: 19.70 RPM: 0 VSS: 0 FuelP: 1.70 OilP: 0.30
Data Verified. Payload Length: 123
MAP: 100 IAT: 47.00 CLT: 77 Volt: 12.70 AFR: 19.70 RPM: 0 VSS: 0 FuelP: 1.70 OilP: 0.30
Data Verified. Payload Length: 123
MAP: 100 IAT: 47.00 CLT: 77 Volt: 12.70 AFR: 19.70 RPM: 0 VSS: 0 FuelP: 1.70 OilP: 0.30
Data Verified. Payload Length: 123
MAP: 100 IAT: 47.00 CLT: 77 Volt: 12.70 AFR: 19.70 RPM: 0 VSS: 0 FuelP: 1.70 OilP: 0.30
Data Verified. Payload Length: 123
MAP: 100 IAT: 47.00 CLT: 77 Volt: 12.70 AFR: 19.70 RPM: 0 VSS: 0 FuelP: 1.60 OilP: 0.30
Data Verified. Payload Length: 123
MAP: 100 IAT: 47.00 CLT: 77 Volt: 12.70 AFR: 19.70 RPM: 0 VSS: 0 FuelP: 1.60 OilP: 0.30
Data Verified. Payload Length: 123
MAP: 100 IAT: 47.00 CLT: 77 Volt: 12.70 AFR: 19.70 RPM: 0 VSS: 0 FuelP: 1.60 OilP: 0.30
Data Verified. Payload Length: 123
MAP: 100 IAT: 47.00 CLT: 77 Volt: 12.70 AFR: 19.70 RPM: 0 VSS: 0 FuelP: 1.60 OilP: 0.30
Data Verified. Payload Length: 123
MAP: 100 IAT: 47.00 CLT: 77 Volt: 12.70 AFR: 19.70 RPM: 0 VSS: 0 FuelP: 1.60 OilP: 0.30
Data Verified. Payload Length: 123
MAP: 100 IAT: 47.00 CLT: 77 Volt: 12.70 AFR: 19.70 RPM: 0 VSS: 0 FuelP: 1.60 OilP: 0.30
Data Verified. Payload Length: 123
MAP: 100 IAT: 47.00 CLT: 77 Volt: 12.70 AFR: 19.70 RPM: 0 VSS: 0 FuelP: 1.60 OilP: 0.30
Data Verified. Payload Length: 123
MAP: 100 IAT: 47.00 CLT: 77 Volt: 12.70 AFR: 19.70 RPM: 0 VSS: 0 FuelP: 1.60 OilP: 0.30
Data Verified. Payload Length: 123
MAP: 100 IAT: 47.00 CLT: 77 Volt: 12.70 AFR: 19.70 RPM: 0 VSS: 0 FuelP: 1.60 OilP: 0.30
Data Verified. Payload Length: 123
MAP: 100 IAT: 47.00 CLT: 77 Volt: 12.70 AFR: 19.70 RPM: 0 VSS: 0 FuelP: 1.60 OilP: 0.30
Data Verified. Payload Length: 123
MAP: 100 IAT: 47.00 CLT: 77 Volt: 12.70 AFR: 19.70 RPM: 0 VSS: 0 FuelP: 1.60 OilP: 0.30
Data Verified. Payload Length: 123
MAP: 100 IAT: 47.00 CLT: 77 Volt: 12.70 AFR: 19.70 RPM: 0 VSS: 0 FuelP: 1.60 OilP: 0.30
Data Verified. Payload Length: 123
MAP: 100 IAT: 47.00 CLT: 77 Volt: 12.70 AFR: 19.70 RPM: 0 VSS: 0 FuelP: 1.60 OilP: 0.30
Data Verified. Payload Length: 123
MAP: 100 IAT: 47.00 CLT: 77 Volt: 12.70 AFR: 19.70 RPM: 0 VSS: 0 FuelP: 1.60 OilP: 0.30
Data Verified. Payload Length: 123
MAP: 100 IAT: 47.00 CLT: 77 Volt: 12.70 AFR: 19.70 RPM: 0 VSS: 0 FuelP: 1.60 OilP: 0.30
Data Verified. Payload Length: 123
MAP: 100 IAT: 47.00 CLT: 77 Volt: 12.70 AFR: 19.70 RPM: 0 VSS: 0 FuelP: 1.60 OilP: 0.30
Data Verified. Payload Length: 123
MAP: 100 IAT: 47.00 CLT: 77 Volt: 12.70 AFR: 19.70 RPM: 0 VSS: 0 FuelP: 1.60 OilP: 0.30
Data Verified. Payload Length: 123
MAP: 100 IAT: 47.00 CLT: 77 Volt: 12.70 AFR: 19.70 RPM: 0 VSS: 0 FuelP: 1.60 OilP: 0.30
Data Verified. Payload Length: 123
MAP: 100 IAT: 47.00 CLT: 77 Volt: 12.70 AFR: 19.70 RPM: 0 VSS: 0 FuelP: 1.60 OilP: 0.30
Data Verified. Payload Length: 123
MAP: 100 IAT: 47.00 CLT: 77 Volt: 12.70 AFR: 19.70 RPM: 0 VSS: 0 FuelP: 1.60 OilP: 0.30
Data Verified. Payload Length: 123
MAP: 100 IAT: 47.00 CLT: 77 Volt: 12.80 AFR: 19.70 RPM: 0 VSS: 0 FuelP: 1.50 OilP: 0.30
Data Verified. Payload Length: 123
MAP: 100 IAT: 47.00 CLT: 77 Volt: 12.80 AFR: 19.70 RPM: 0 VSS: 0 FuelP: 1.50 OilP: 0.30
Data Verified. Payload Length: 123
MAP: 100 IAT: 47.00 CLT: 77 Volt: 12.80 AFR: 19.70 RPM: 0 VSS: 0 FuelP: 1.50 OilP: 0.30
Data Verified. Payload Length: 123
MAP: 100 IAT: 47.00 CLT: 77 Volt: 12.80 AFR: 19.70 RPM: 0 VSS: 0 FuelP: 1.50 OilP: 0.30
Data Verified. Payload Length: 123
MAP: 100 IAT: 47.00 CLT: 77 Volt: 12.80 AFR: 19.70 RPM: 0 VSS: 0 FuelP: 1.50 OilP: 0.30
Data Verified. Payload Length: 123
MAP: 100 IAT: 47.00 CLT: 77 Volt: 12.80 AFR: 19.70 RPM: 0 VSS: 0 FuelP: 1.50 OilP: 0.30
Data Verified. Payload Length: 123
MAP: 100 IAT: 47.00 CLT: 77 Volt: 12.80 AFR: 19.70 RPM: 0 VSS: 0 FuelP: 1.50 OilP: 0.30
Data Verified. Payload Length: 123
MAP: 100 IAT: 47.00 CLT: 77 Volt: 12.80 AFR: 19.70 RPM: 0 VSS: 0 FuelP: 1.50 OilP: 0.30
Data Verified. Payload Length: 123
MAP: 100 IAT: 47.00 CLT: 77 Volt: 12.80 AFR: 19.70 RPM: 0 VSS: 0 FuelP: 1.50 OilP: 0.30
Data Verified. Payload Length: 123
MAP: 100 IAT: 47.00 CLT: 77 Volt: 12.80 AFR: 19.70 RPM: 0 VSS: 0 FuelP: 1.50 OilP: 0.30
Data Verified. Payload Length: 123
MAP: 100 IAT: 47.00 CLT: 77 Volt: 12.70 AFR: 19.70 RPM: 0 VSS: 0 FuelP: 1.50 OilP: 0.30
Data Verified. Payload Length: 123
MAP: 100 IAT: 47.00 CLT: 77 Volt: 12.70 AFR: 19.70 RPM: 0 VSS: 0 FuelP: 1.50 OilP: 0.30
Data Verified. Payload Length: 123
MAP: 100 IAT: 47.00 CLT: 77 Volt: 12.70 AFR: 19.70 RPM: 0 VSS: 0 FuelP: 1.50 OilP: 0.30
Data Verified. Payload Length: 123
MAP: 100 IAT: 47.00 CLT: 77 Volt: 12.70 AFR: 19.70 RPM: 0 VSS: 0 FuelP: 1.50 OilP: 0.30
Data Verified. Payload Length: 123
MAP: 100 IAT: 47.00 CLT: 77 Volt: 12.70 AFR: 19.70 RPM: 0 VSS: 0 FuelP: 1.50 OilP: 0.30
Data Verified. Payload Length: 123
MAP: 100 IAT: 47.00 CLT: 77 Volt: 12.70 AFR: 19.70 RPM: 0 VSS: 0 FuelP: 1.50 OilP: 0.30
Data Verified. Payload Length: 123
MAP: 100 IAT: 47.00 CLT: 77 Volt: 12.70 AFR: 19.70 RPM: 0 VSS: 0 FuelP: 1.50 OilP: 0.30
Data Verified. Payload Length: 123
MAP: 100 IAT: 47.00 CLT: 77 Volt: 12.70 AFR: 19.70 RPM: 0 VSS: 0 FuelP: 1.50 OilP: 0.30
Data Verified. Payload Length: 123
MAP: 100 IAT: 47.00 CLT: 77 Volt: 12.70 AFR: 19.70 RPM: 0 VSS: 0 FuelP: 1.50 OilP: 0.30
Data Verified. Payload Length: 123
MAP: 100 IAT: 47.00 CLT: 77 Volt: 12.70 AFR: 19.70 RPM: 0 VSS: 0 FuelP: 1.50 OilP: 0.30
Data Verified. Payload Length: 123
MAP: 100 IAT: 47.00 CLT: 77 Volt: 12.70 AFR: 19.70 RPM: 0 VSS: 0 FuelP: 1.50 OilP: 0.30
Data Verified. Payload Length: 123
MAP: 100 IAT: 47.00 CLT: 77 Volt: 12.80 AFR: 19.70 RPM: 0 VSS: 0 FuelP: 1.50 OilP: 0.30
Data Verified. Payload Length: 123
MAP: 100 IAT: 47.00 CLT: 77 Volt: 12.80 AFR: 19.70 RPM: 0 VSS: 0 FuelP: 1.50 OilP: 0.30
Data Verified. Payload Length: 123
MAP: 100 IAT: 47.00 CLT: 77 Volt: 12.80 AFR: 19.70 RPM: 0 VSS: 0 FuelP: 1.50 OilP: 0.30
Data Verified. Payload Length: 123
MAP: 100 IAT: 47.00 CLT: 77 Volt: 12.80 AFR: 19.70 RPM: 0 VSS: 0 FuelP: 1.50 OilP: 0.30
Data Verified. Payload Length: 123
MAP: 100 IAT: 47.00 CLT: 77 Volt: 12.80 AFR: 19.70 RPM: 0 VSS: 0 FuelP: 1.50 OilP: 0.30
Data Verified. Payload Length: 123
MAP: 100 IAT: 47.00 CLT: 77 Volt: 12.80 AFR: 19.70 RPM: 0 VSS: 0 FuelP: 1.50 OilP: 0.30
Data Verified. Payload Length: 123
MAP: 100 IAT: 47.00 CLT: 77 Volt: 12.80 AFR: 19.70 RPM: 0 VSS: 0 FuelP: 1.50 OilP: 0.30
Data Verified. Payload Length: 123
MAP: 100 IAT: 47.00 CLT: 77 Volt: 12.80 AFR: 19.70 RPM: 0 VSS: 0 FuelP: 1.50 OilP: 0.30
Data Verified. Payload Length: 123
MAP: 100 IAT: 47.00 CLT: 77 Volt: 12.80 AFR: 19.70 RPM: 0 VSS: 0 FuelP: 1.50 OilP: 0.30
Data Verified. Payload Length: 123
MAP: 100 IAT: 47.00 CLT: 77 Volt: 12.80 AFR: 19.70 RPM: 0 VSS: 0 FuelP: 1.50 OilP: 0.30
Data Verified. Payload Length: 123
MAP: 100 IAT: 47.00 CLT: 77 Volt: 12.80 AFR: 19.70 RPM: 0 VSS: 0 FuelP: 1.50 OilP: 0.30
Data Verified. Payload Length: 123
MAP: 100 IAT: 47.00 CLT: 77 Volt: 12.80 AFR: 19.70 RPM: 0 VSS: 0 FuelP: 1.50 OilP: 0.30
Data Verified. Payload Length: 123
MAP: 100 IAT: 47.00 CLT: 77 Volt: 12.80 AFR: 19.70 RPM: 0 VSS: 0 FuelP: 1.50 OilP: 0.30
Data Verified. Payload Length: 123
MAP: 100 IAT: 47.00 CLT: 77 Volt: 12.80 AFR: 19.70 RPM: 0 VSS: 0 FuelP: 1.50 OilP: 0.30
Data Verified. Payload Length: 123
MAP: 100 IAT: 47.00 CLT: 77 Volt: 12.80 AFR: 19.70 RPM: 0 VSS: 0 FuelP: 1.50 OilP: 0.30
Data Verified. Payload Length: 123
MAP: 100 IAT: 47.00 CLT: 77 Volt: 12.80 AFR: 19.70 RPM: 0 VSS: 0 FuelP: 1.50 OilP: 0.30
Data Verified. Payload Length: 123
MAP: 100 IAT: 47.00 CLT: 77 Volt: 12.80 AFR: 19.70 RPM: 0 VSS: 0 FuelP: 1.50 OilP: 0.30
Data Verified. Payload Length: 123
MAP: 100 IAT: 47.00 CLT: 77 Volt: 12.80 AFR: 19.70 RPM: 0 VSS: 0 FuelP: 1.50 OilP: 0.30
Data Verified. Payload Length: 123
MAP: 100 IAT: 47.00 CLT: 77 Volt: 12.80 AFR: 19.70 RPM: 0 VSS: 0 FuelP: 1.50 OilP: 0.30
Data Verified. Payload Length: 123
MAP: 100 IAT: 47.00 CLT: 77 Volt: 12.80 AFR: 19.70 RPM: 0 VSS: 0 FuelP: 1.50 OilP: 0.30
Data Verified. Payload Length: 123
MAP: 100 IAT: 47.00 CLT: 77 Volt: 12.80 AFR: 19.70 RPM: 0 VSS: 0 FuelP: 1.50 OilP: 0.30
Data Verified. Payload Length: 123
MAP: 100 IAT: 47.00 CLT: 77 Volt: 12.80 AFR: 19.70 RPM: 0 VSS: 0 FuelP: 1.50 OilP: 0.30
Data Verified. Payload Length: 123
MAP: 100 IAT: 47.00 CLT: 77 Volt: 12.80 AFR: 19.70 RPM: 0 VSS: 0 FuelP: 1.50 OilP: 0.30
Data Verified. Payload Length: 123
MAP: 100 IAT: 47.00 CLT: 77 Volt: 12.80 AFR: 19.70 RPM: 0 VSS: 0 FuelP: 1.50 OilP: 0.30
Data Verified. Payload Length: 123
MAP: 100 IAT: 47.00 CLT: 77 Volt: 12.80 AFR: 19.70 RPM: 0 VSS: 0 FuelP: 1.50 OilP: 0.30
Data Verified. Payload Length: 123
MAP: 100 IAT: 47.00 CLT: 77 Volt: 12.80 AFR: 19.70 RPM: 0 VSS: 0 FuelP: 1.50 OilP: 0.30
Data Verified. Payload Length: 123
MAP: 100 IAT: 47.00 CLT: 77 Volt: 12.80 AFR: 19.70 RPM: 0 VSS: 0 FuelP: 1.50 OilP: 0.30
Data Verified. Payload Length: 123
MAP: 100 IAT: 47.00 CLT: 77 Volt: 12.80 AFR: 19.70 RPM: 0 VSS: 0 FuelP: 1.50 OilP: 0.30
Data Verified. Payload Length: 123
MAP: 100 IAT: 47.00 CLT: 77 Volt: 12.80 AFR: 19.70 RPM: 0 VSS: 0 FuelP: 1.50 OilP: 0.30
Data Verified. Payload Length: 123
MAP: 100 IAT: 47.00 CLT: 77 Volt: 12.80 AFR: 19.70 RPM: 0 VSS: 0 FuelP: 1.50 OilP: 0.30
Data Verified. Payload Length: 123
MAP: 100 IAT: 47.00 CLT: 77 Volt: 12.80 AFR: 19.70 RPM: 0 VSS: 0 FuelP: 1.50 OilP: 0.30
Data Verified. Payload Length: 123
MAP: 100 IAT: 47.00 CLT: 77 Volt: 12.80 AFR: 19.70 RPM: 0 VSS: 0 FuelP: 1.50 OilP: 0.30
Data Verified. Payload Length: 123
MAP: 100 IAT: 47.00 CLT: 77 Volt: 12.80 AFR: 19.70 RPM: 0 VSS: 0 FuelP: 1.50 OilP: 0.30
Data Verified. Payload Length: 123
MAP: 100 IAT: 47.00 CLT: 77 Volt: 12.80 AFR: 19.70 RPM: 0 VSS: 0 FuelP: 1.50 OilP: 0.30
Data Verified. Payload Length: 123
MAP: 100 IAT: 47.00 CLT: 77 Volt: 12.80 AFR: 19.70 RPM: 0 VSS: 0 FuelP: 1.50 OilP: 0.30
Data Verified. Payload Length: 123
MAP: 100 IAT: 47.00 CLT: 77 Volt: 12.80 AFR: 19.70 RPM: 0 VSS: 0 FuelP: 1.50 OilP: 0.30
Data Verified. Payload Length: 123
MAP: 100 IAT: 47.00 CLT: 77 Volt: 12.80 AFR: 19.70 RPM: 0 VSS: 0 FuelP: 1.50 OilP: 0.30
Data Verified. Payload Length: 123
MAP: 100 IAT: 47.00 CLT: 77 Volt: 12.80 AFR: 19.70 RPM: 0 VSS: 0 FuelP: 1.50 OilP: 0.30
Data Verified. Payload Length: 123
MAP: 100 IAT: 47.00 CLT: 77 Volt: 12.80 AFR: 19.70 RPM: 0 VSS: 0 FuelP: 1.50 OilP: 0.30
Data Verified. Payload Length: 123
MAP: 100 IAT: 47.00 CLT: 77 Volt: 12.80 AFR: 19.70 RPM: 0 VSS: 0 FuelP: 1.50 OilP: 0.30
Data Verified. Payload Length: 123
MAP: 100 IAT: 47.00 CLT: 77 Volt: 12.80 AFR: 19.70 RPM: 0 VSS: 0 FuelP: 1.50 OilP: 0.30
Data Verified. Payload Length: 123
MAP: 100 IAT: 47.00 CLT: 77 Volt: 12.80 AFR: 19.70 RPM: 0 VSS: 0 FuelP: 1.50 OilP: 0.30
Data Verified. Payload Length: 123
MAP: 100 IAT: 47.00 CLT: 77 Volt: 12.80 AFR: 19.70 RPM: 0 VSS: 0 FuelP: 1.50 OilP: 0.30
Data Verified. Payload Length: 123
MAP: 100 IAT: 47.00 CLT: 77 Volt: 12.80 AFR: 19.70 RPM: 0 VSS: 0 FuelP: 1.50 OilP: 0.30
Data Verified. Payload Length: 123
MAP: 100 IAT: 47.00 CLT: 77 Volt: 12.80 AFR: 19.70 RPM: 0 VSS: 0 FuelP: 1.50 OilP: 0.30
Data Verified. Payload Length: 123
MAP: 100 IAT: 47.00 CLT: 77 Volt: 12.80 AFR: 19.70 RPM: 0 VSS: 0 FuelP: 1.50 OilP: 0.30
Data Verified. Payload Length: 123
MAP: 100 IAT: 47.00 CLT: 77 Volt: 12.80 AFR: 19.70 RPM: 0 VSS: 0 FuelP: 1.50 OilP: 0.30
Data Verified. Payload Length: 123
MAP: 100 IAT: 47.00 CLT: 77 Volt: 12.80 AFR: 19.70 RPM: 0 VSS: 0 FuelP: 1.50 OilP: 0.30
Data Verified. Payload Length: 123
MAP: 100 IAT: 47.00 CLT: 77 Volt: 12.80 AFR: 19.70 RPM: 0 VSS: 0 FuelP: 1.50 OilP: 0.30
Data Verified. Payload Length: 123
MAP: 100 IAT: 47.00 CLT: 77 Volt: 12.80 AFR: 19.70 RPM: 0 VSS: 0 FuelP: 1.50 OilP: 0.30
Data Verified. Payload Length: 123
MAP: 100 IAT: 47.00 CLT: 77 Volt: 12.80 AFR: 19.70 RPM: 0 VSS: 0 FuelP: 1.50 OilP: 0.30
Data Verified. Payload Length: 123
MAP: 100 IAT: 47.00 CLT: 77 Volt: 12.80 AFR: 19.70 RPM: 0 VSS: 0 FuelP: 1.50 OilP: 0.30
Data Verified. Payload Length: 123
MAP: 100 IAT: 47.00 CLT: 77 Volt: 12.80 AFR: 19.70 RPM: 0 VSS: 0 FuelP: 1.50 OilP: 0.30
Data Verified. Payload Length: 123
MAP: 100 IAT: 47.00 CLT: 77 Volt: 12.80 AFR: 19.70 RPM: 0 VSS: 0 FuelP: 1.50 OilP: 0.30
Data Verified. Payload Length: 123
MAP: 100 IAT: 47.00 CLT: 77 Volt: 12.80 AFR: 19.70 RPM: 0 VSS: 0 FuelP: 1.50 OilP: 0.30
Data Verified. Payload Length: 123
MAP: 100 IAT: 47.00 CLT: 77 Volt: 12.80 AFR: 19.70 RPM: 0 VSS: 0 FuelP: 1.50 OilP: 0.30
Data Verified. Payload Length: 123
MAP: 100 IAT: 47.00 CLT: 77 Volt: 12.80 AFR: 19.70 RPM: 0 VSS: 0 FuelP: 1.50 OilP: 0.30
Data Verified. Payload Length: 123
MAP: 100 IAT: 47.00 CLT: 77 Volt: 12.80 AFR: 19.70 RPM: 0 VSS: 0 FuelP: 1.50 OilP: 0.30
Data Verified. Payload Length: 123
MAP: 100 IAT: 47.00 CLT: 77 Volt: 12.80 AFR: 19.70 RPM: 0 VSS: 0 FuelP: 1.50 OilP: 0.30
Data Verified. Payload Length: 123
MAP: 100 IAT: 47.00 CLT: 77 Volt: 12.80 AFR: 19.70 RPM: 0 VSS: 0 FuelP: 1.50 OilP: 0.30
Data Verified. Payload Length: 123
MAP: 100 IAT: 47.00 CLT: 77 Volt: 12.80 AFR: 19.70 RPM: 0 VSS: 0 FuelP: 1.50 OilP: 0.30
Data Verified. Payload Length: 123
MAP: 100 IAT: 47.00 CLT: 77 Volt: 12.80 AFR: 19.70 RPM: 0 VSS: 0 FuelP: 1.50 OilP: 0.30
Data Verified. Payload Length: 123
MAP: 100 IAT: 47.00 CLT: 77 Volt: 12.80 AFR: 19.70 RPM: 0 VSS: 0 FuelP: 1.50 OilP: 0.30
Data Verified. Payload Length: 123
MAP: 100 IAT: 47.00 CLT: 77 Volt: 12.80 AFR: 19.70 RPM: 0 VSS: 0 FuelP: 1.50 OilP: 0.30
Data Verified. Payload Length: 123
MAP: 100 IAT: 47.00 CLT: 77 Volt: 12.80 AFR: 19.70 RPM: 0 VSS: 0 FuelP: 1.50 OilP: 0.30
Data Verified. Payload Length: 123
MAP: 100 IAT: 47.00 CLT: 77 Volt: 12.80 AFR: 19.70 RPM: 0 VSS: 0 FuelP: 1.50 OilP: 0.30
Data Verified. Payload Length: 123
MAP: 100 IAT: 47.00 CLT: 77 Volt: 12.80 AFR: 19.70 RPM: 0 VSS: 0 FuelP: 1.50 OilP: 0.30
Data Verified. Payload Length: 123
MAP: 100 IAT: 47.00 CLT: 77 Volt: 12.80 AFR: 19.70 RPM: 0 VSS: 0 FuelP: 1.50 OilP: 0.30
Data Verified. Payload Length: 123
MAP: 100 IAT: 47.00 CLT: 77 Volt: 12.80 AFR: 19.70 RPM: 0 VSS: 0 FuelP: 1.50 OilP: 0.30
Data Verified. Payload Length: 123
MAP: 100 IAT: 47.00 CLT: 77 Volt: 12.80 AFR: 19.70 RPM: 0 VSS: 0 FuelP: 1.50 OilP: 0.30
Data Verified. Payload Length: 123
MAP: 100 IAT: 47.00 CLT: 77 Volt: 12.80 AFR: 19.70 RPM: 0 VSS: 0 FuelP: 1.50 OilP: 0.30
Data Verified. Payload Length: 123
MAP: 100 IAT: 47.00 CLT: 77 Volt: 12.80 AFR: 19.70 RPM: 0 VSS: 0 FuelP: 1.50 OilP: 0.30
Data Verified. Payload Length: 123
MAP: 100 IAT: 47.00 CLT: 77 Volt: 12.80 AFR: 19.70 RPM: 0 VSS: 0 FuelP: 1.50 OilP: 0.30
Data Verified. Payload Length: 123
MAP: 100 IAT: 47.00 CLT: 77 Volt: 12.80 AFR: 19.70 RPM: 0 VSS: 0 FuelP: 1.50 OilP: 0.30
Data Verified. Payload Length: 123
MAP: 100 IAT: 47.00 CLT: 77 Volt: 12.80 AFR: 19.70 RPM: 0 VSS: 0 FuelP: 1.50 OilP: 0.30
Data Verified. Payload Length: 123
MAP: 100 IAT: 47.00 CLT: 77 Volt: 12.80 AFR: 19.70 RPM: 0 VSS: 0 FuelP: 1.50 OilP: 0.30
Data Verified. Payload Length: 123
MAP: 100 IAT: 47.00 CLT: 77 Volt: 12.80 AFR: 19.70 RPM: 0 VSS: 0 FuelP: 1.50 OilP: 0.30
Data Verified. Payload Length: 123
MAP: 100 IAT: 47.00 CLT: 77 Volt: 12.80 AFR: 19.70 RPM: 0 VSS: 0 FuelP: 1.50 OilP: 0.30
Data Verified. Payload Length: 123
MAP: 100 IAT: 47.00 CLT: 77 Volt: 12.80 AFR: 19.70 RPM: 0 VSS: 0 FuelP: 1.50 OilP: 0.30
Data Verified. Payload Length: 123
MAP: 100 IAT: 47.00 CLT: 77 Volt: 12.80 AFR: 19.70 RPM: 0 VSS: 0 FuelP: 1.50 OilP: 0.30
Data Verified. Payload Length: 123
MAP: 100 IAT: 47.00 CLT: 77 Volt: 12.80 AFR: 19.70 RPM: 0 VSS: 0 FuelP: 1.50 OilP: 0.30
Data Verified. Payload Length: 123
MAP: 100 IAT: 47.00 CLT: 77 Volt: 12.80 AFR: 19.70 RPM: 0 VSS: 0 FuelP: 1.50 OilP: 0.30
Data Verified. Payload Length: 123
MAP: 100 IAT: 47.00 CLT: 77 Volt: 12.80 AFR: 19.70 RPM: 0 VSS: 0 FuelP: 1.50 OilP: 0.30
Data Verified. Payload Length: 123
MAP: 100 IAT: 47.00 CLT: 77 Volt: 12.80 AFR: 19.70 RPM: 0 VSS: 0 FuelP: 1.50 OilP: 0.30
Data Verified. Payload Length: 123
MAP: 100 IAT: 47.00 CLT: 77 Volt: 12.80 AFR: 19.70 RPM: 0 VSS: 0 FuelP: 1.50 OilP: 0.30
Data Verified. Payload Length: 123
MAP: 100 IAT: 47.00 CLT: 77 Volt: 12.80 AFR: 19.70 RPM: 0 VSS: 0 FuelP: 1.50 OilP: 0.30
Data Verified. Payload Length: 123
MAP: 100 IAT: 47.00 CLT: 77 Volt: 12.80 AFR: 19.70 RPM: 0 VSS: 0 FuelP: 1.50 OilP: 0.30
Data Verified. Payload Length: 123
MAP: 100 IAT: 47.00 CLT: 77 Volt: 12.80 AFR: 19.70 RPM: 0 VSS: 0 FuelP: 1.50 OilP: 0.30
Data Verified. Payload Length: 123
MAP: 100 IAT: 47.00 CLT: 77 Volt: 12.80 AFR: 19.70 RPM: 0 VSS: 0 FuelP: 1.50 OilP: 0.30
Data Verified. Payload Length: 123
MAP: 100 IAT: 47.00 CLT: 77 Volt: 12.80 AFR: 19.70 RPM: 0 VSS: 0 FuelP: 1.50 OilP: 0.30
Data Verified. Payload Length: 123
MAP: 100 IAT: 47.00 CLT: 77 Volt: 12.80 AFR: 19.70 RPM: 0 VSS: 0 FuelP: 1.50 OilP: 0.30
Data Verified. Payload Length: 123
MAP: 100 IAT: 47.00 CLT: 77 Volt: 12.80 AFR: 19.70 RPM: 0 VSS: 0 FuelP: 1.50 OilP: 0.30
Data Verified. Payload Length: 123
MAP: 100 IAT: 47.00 CLT: 77 Volt: 12.80 AFR: 19.70 RPM: 0 VSS: 0 FuelP: 1.50 OilP: 0.30
Data Verified. Payload Length: 123
MAP: 100 IAT: 47.00 CLT: 77 Volt: 12.80 AFR: 19.70 RPM: 0 VSS: 0 FuelP: 1.50 OilP: 0.30
Data Verified. Payload Length: 123
MAP: 100 IAT: 47.00 CLT: 77 Volt: 12.80 AFR: 19.70 RPM: 0 VSS: 0 FuelP: 1.50 OilP: 0.30
Data Verified. Payload Length: 123
MAP: 100 IAT: 47.00 CLT: 77 Volt: 12.80 AFR: 19.70 RPM: 0 VSS: 0 FuelP: 1.50 OilP: 0.30
Data Verified. Payload Length: 123
MAP: 100 IAT: 47.00 CLT: 77 Volt: 12.80 AFR: 19.70 RPM: 0 VSS: 0 FuelP: 1.50 OilP: 0.30
Data Verified. Payload Length: 123
MAP: 100 IAT: 47.00 CLT: 77 Volt: 12.80 AFR: 19.70 RPM: 0 VSS: 0 FuelP: 1.50 OilP: 0.30
Data Verified. Payload Length: 123
MAP: 100 IAT: 47.00 CLT: 77 Volt: 12.80 AFR: 19.70 RPM: 0 VSS: 0 FuelP: 1.50 OilP: 0.30
Data Verified. Payload Length: 123
MAP: 100 IAT: 47.00 CLT: 77 Volt: 12.80 AFR: 19.70 RPM: 0 VSS: 0 FuelP: 1.50 OilP: 0.30
Data Verified. Payload Length: 123
MAP: 100 IAT: 47.00 CLT: 77 Volt: 12.80 AFR: 19.70 RPM: 0 VSS: 0 FuelP: 1.50 OilP: 0.30
Data Verified. Payload Length: 123
MAP: 100 IAT: 47.00 CLT: 77 Volt: 12.80 AFR: 19.70 RPM: 0 VSS: 0 FuelP: 1.50 OilP: 0.30
Data Verified. Payload Length: 123
MAP: 100 IAT: 47.00 CLT: 77 Volt: 12.80 AFR: 19.70 RPM: 0 VSS: 0 FuelP: 1.50 OilP: 0.30
Data Verified. Payload Length: 123
MAP: 100 IAT: 47.00 CLT: 77 Volt: 12.80 AFR: 19.70 RPM: 0 VSS: 0 FuelP: 1.50 OilP: 0.30
Data Verified. Payload Length: 123
MAP: 100 IAT: 47.00 CLT: 77 Volt: 12.80 AFR: 19.70 RPM: 0 VSS: 0 FuelP: 1.50 OilP: 0.30
Data Verified. Payload Length: 123
MAP: 100 IAT: 47.00 CLT: 77 Volt: 12.80 AFR: 19.70 RPM: 0 VSS: 0 FuelP: 1.50 OilP: 0.30
Data Verified. Payload Length: 123
MAP: 100 IAT: 47.00 CLT: 77 Volt: 12.80 AFR: 19.70 RPM: 0 VSS: 0 FuelP: 1.50 OilP: 0.30
Data Verified. Payload Length: 123
MAP: 100 IAT: 47.00 CLT: 77 Volt: 12.80 AFR: 19.70 RPM: 0 VSS: 0 FuelP: 1.50 OilP: 0.30
Data Verified. Payload Length: 123
MAP: 100 IAT: 47.00 CLT: 77 Volt: 12.80 AFR: 19.70 RPM: 0 VSS: 0 FuelP: 1.50 OilP: 0.30
Data Verified. Payload Length: 123
MAP: 100 IAT: 47.00 CLT: 77 Volt: 12.80 AFR: 19.70 RPM: 0 VSS: 0 FuelP: 1.50 OilP: 0.30
Data Verified. Payload Length: 123
MAP: 100 IAT: 47.00 CLT: 77 Volt: 12.80 AFR: 19.70 RPM: 0 VSS: 0 FuelP: 1.50 OilP: 0.30
Data Verified. Payload Length: 123
MAP: 100 IAT: 47.00 CLT: 77 Volt: 12.80 AFR: 19.70 RPM: 0 VSS: 0 FuelP: 1.50 OilP: 0.30
Data Verified. Payload Length: 123
MAP: 100 IAT: 47.00 CLT: 77 Volt: 12.80 AFR: 19.70 RPM: 0 VSS: 0 FuelP: 1.50 OilP: 0.30
Data Verified. Payload Length: 123
MAP: 100 IAT: 47.00 CLT: 77 Volt: 12.80 AFR: 19.70 RPM: 0 VSS: 0 FuelP: 1.50 OilP: 0.30
Data Verified. Payload Length: 123
MAP: 100 IAT: 47.00 CLT: 77 Volt: 12.80 AFR: 19.70 RPM: 0 VSS: 0 FuelP: 1.50 OilP: 0.30
Data Verified. Payload Length: 123
MAP: 100 IAT: 47.00 CLT: 77 Volt: 12.80 AFR: 19.70 RPM: 0 VSS: 0 FuelP: 1.50 OilP: 0.30
Data Verified. Payload Length: 123
MAP: 100 IAT: 47.00 CLT: 77 Volt: 12.80 AFR: 19.70 RPM: 0 VSS: 0 FuelP: 1.50 OilP: 0.30
Data Verified. Payload Length: 123
MAP: 100 IAT: 47.00 CLT: 77 Volt: 12.80 AFR: 19.70 RPM: 0 VSS: 0 FuelP: 1.50 OilP: 0.30
Data Verified. Payload Length: 123
MAP: 100 IAT: 47.00 CLT: 77 Volt: 12.80 AFR: 19.70 RPM: 0 VSS: 0 FuelP: 1.50 OilP: 0.30
Data Verified. Payload Length: 123
MAP: 100 IAT: 47.00 CLT: 77 Volt: 12.80 AFR: 19.70 RPM: 0 VSS: 0 FuelP: 1.50 OilP: 0.30
Data Verified. Payload Length: 123
MAP: 100 IAT: 47.00 CLT: 77 Volt: 12.80 AFR: 19.70 RPM: 0 VSS: 0 FuelP: 1.50 OilP: 0.30
Data Verified. Payload Length: 123
MAP: 100 IAT: 47.00 CLT: 77 Volt: 12.80 AFR: 19.70 RPM: 0 VSS: 0 FuelP: 1.50 OilP: 0.30
Data Verified. Payload Length: 123
MAP: 100 IAT: 47.00 CLT: 77 Volt: 12.80 AFR: 19.70 RPM: 0 VSS: 0 FuelP: 1.50 OilP: 0.30
Data Verified. Payload Length: 123
MAP: 100 IAT: 47.00 CLT: 77 Volt: 12.80 AFR: 19.70 RPM: 0 VSS: 0 FuelP: 1.50 OilP: 0.30
Data Verified. Payload Length: 123
MAP: 100 IAT: 47.00 CLT: 77 Volt: 12.80 AFR: 19.70 RPM: 0 VSS: 0 FuelP: 1.50 OilP: 0.30
Data Verified. Payload Length: 123
MAP: 100 IAT: 47.00 CLT: 77 Volt: 12.80 AFR: 19.70 RPM: 0 VSS: 0 FuelP: 1.50 OilP: 0.30
Data Verified. Payload Length: 123
MAP: 100 IAT: 47.00 CLT: 77 Volt: 12.80 AFR: 19.70 RPM: 0 VSS: 0 FuelP: 1.50 OilP: 0.30
Data Verified. Payload Length: 123
MAP: 100 IAT: 47.00 CLT: 77 Volt: 12.80 AFR: 19.70 RPM: 0 VSS: 0 FuelP: 1.50 OilP: 0.30
Data Verified. Payload Length: 123
MAP: 100 IAT: 47.00 CLT: 77 Volt: 12.80 AFR: 19.70 RPM: 0 VSS: 0 FuelP: 1.50 OilP: 0.30
Data Verified. Payload Length: 123
MAP: 100 IAT: 47.00 CLT: 77 Volt: 12.80 AFR: 19.70 RPM: 0 VSS: 0 FuelP: 1.50 OilP: 0.30
Data Verified. Payload Length: 123
MAP: 100 IAT: 47.00 CLT: 77 Volt: 12.80 AFR: 19.70 RPM: 0 VSS: 0 FuelP: 1.50 OilP: 0.30
Data Verified. Payload Length: 123
MAP: 100 IAT: 47.00 CLT: 77 Volt: 12.80 AFR: 19.70 RPM: 0 VSS: 0 FuelP: 1.50 OilP: 0.30
Data Verified. Payload Length: 123
MAP: 100 IAT: 47.00 CLT: 77 Volt: 12.80 AFR: 19.70 RPM: 0 VSS: 0 FuelP: 1.50 OilP: 0.30
Data Verified. Payload Length: 123
MAP: 100 IAT: 47.00 CLT: 77 Volt: 12.80 AFR: 19.70 RPM: 0 VSS: 0 FuelP: 1.50 OilP: 0.30
Data Verified. Payload Length: 123
MAP: 100 IAT: 47.00 CLT: 77 Volt: 12.80 AFR: 19.70 RPM: 0 VSS: 0 FuelP: 1.50 OilP: 0.30
Data Verified. Payload Length: 123
MAP: 100 IAT: 47.00 CLT: 77 Volt: 12.80 AFR: 19.70 RPM: 0 VSS: 0 FuelP: 1.50 OilP: 0.30
Data Verified. Payload Length: 123
MAP: 100 IAT: 47.00 CLT: 77 Volt: 12.80 AFR: 19.70 RPM: 0 VSS: 0 FuelP: 1.50 OilP: 0.30
Data Verified. Payload Length: 123
MAP: 100 IAT: 47.00 CLT: 77 Volt: 12.80 AFR: 19.70 RPM: 0 VSS: 0 FuelP: 1.50 OilP: 0.30
Data Verified. Payload Length: 123
MAP: 100 IAT: 47.00 CLT: 77 Volt: 12.80 AFR: 19.70 RPM: 0 VSS: 0 FuelP: 1.50 OilP: 0.30
Data Verified. Payload Length: 123
MAP: 100 IAT: 47.00 CLT: 77 Volt: 12.80 AFR: 19.70 RPM: 0 VSS: 0 FuelP: 1.50 OilP: 0.30
Data Verified. Payload Length: 123
MAP: 100 IAT: 47.00 CLT: 77 Volt: 12.80 AFR: 19.70 RPM: 0 VSS: 0 FuelP: 1.50 OilP: 0.30
Data Verified. Payload Length: 123
MAP: 100 IAT: 47.00 CLT: 77 Volt: 12.80 AFR: 19.70 RPM: 0 VSS: 0 FuelP: 1.50 OilP: 0.30
Data Verified. Payload Length: 123
MAP: 100 IAT: 47.00 CLT: 77 Volt: 12.80 AFR: 19.70 RPM: 0 VSS: 0 FuelP: 1.50 OilP: 0.30
Data Verified. Payload Length: 123
MAP: 100 IAT: 47.00 CLT: 77 Volt: 12.80 AFR: 19.70 RPM: 0 VSS: 0 FuelP: 1.50 OilP: 0.30
Data Verified. Payload Length: 123
MAP: 100 IAT: 47.00 CLT: 77 Volt: 12.80 AFR: 19.70 RPM: 0 VSS: 0 FuelP: 1.50 OilP: 0.30
Data Verified. Payload Length: 123
MAP: 100 IAT: 47.00 CLT: 77 Volt: 12.80 AFR: 19.70 RPM: 0 VSS: 0 FuelP: 1.50 OilP: 0.30
Data Verified. Payload Length: 123
MAP: 100 IAT: 47.00 CLT: 77 Volt: 12.80 AFR: 19.70 RPM: 0 VSS: 0 FuelP: 1.50 OilP: 0.30
Data Verified. Payload Length: 123
MAP: 100 IAT: 47.00 CLT: 77 Volt: 12.80 AFR: 19.70 RPM: 0 VSS: 0 FuelP: 1.50 OilP: 0.30
Data Verified. Payload Length: 123
MAP: 100 IAT: 47.00 CLT: 77 Volt: 12.80 AFR: 19.70 RPM: 0 VSS: 0 FuelP: 1.50 OilP: 0.30
Data Verified. Payload Length: 123
MAP: 100 IAT: 47.00 CLT: 77 Volt: 12.80 AFR: 19.70 RPM: 0 VSS: 0 FuelP: 1.50 OilP: 0.30
Data Verified. Payload Length: 123
MAP: 100 IAT: 47.00 CLT: 77 Volt: 12.80 AFR: 19.70 RPM: 0 VSS: 0 FuelP: 1.50 OilP: 0.30
Data Verified. Payload Length: 123
MAP: 100 IAT: 47.00 CLT: 77 Volt: 12.80 AFR: 19.70 RPM: 0 VSS: 0 FuelP: 1.50 OilP: 0.30
Data Verified. Payload Length: 123
MAP: 100 IAT: 47.00 CLT: 77 Volt: 12.80 AFR: 19.70 RPM: 0 VSS: 0 FuelP: 1.50 OilP: 0.30
Data Verified. Payload Length: 123
MAP: 100 IAT: 47.00 CLT: 77 Volt: 12.80 AFR: 19.70 RPM: 0 VSS: 0 FuelP: 1.50 OilP: 0.30
Data Verified. Payload Length: 123
MAP: 100 IAT: 47.00 CLT: 77 Volt: 12.80 AFR: 19.70 RPM: 0 VSS: 0 FuelP: 1.50 OilP: 0.30
Data Verified. Payload Length: 123
MAP: 100 IAT: 47.00 CLT: 77 Volt: 12.80 AFR: 19.70 RPM: 0 VSS: 0 FuelP: 1.50 OilP: 0.30
Data Verified. Payload Length: 123
MAP: 100 IAT: 47.00 CLT: 77 Volt: 12.80 AFR: 19.70 RPM: 0 VSS: 0 FuelP: 1.50 OilP: 0.30
Data Verified. Payload Length: 123
MAP: 100 IAT: 47.00 CLT: 77 Volt: 12.80 AFR: 19.70 RPM: 0 VSS: 0 FuelP: 1.50 OilP: 0.30
Data Verified. Payload Length: 123
MAP: 100 IAT: 47.00 CLT: 77 Volt: 12.80 AFR: 19.70 RPM: 0 VSS: 0 FuelP: 1.50 OilP: 0.30
Data Verified. Payload Length: 123
MAP: 100 IAT: 47.00 CLT: 77 Volt: 12.80 AFR: 19.70 RPM: 0 VSS: 0 FuelP: 1.50 OilP: 0.30
Data Verified. Payload Length: 123
MAP: 100 IAT: 47.00 CLT: 77 Volt: 12.80 AFR: 19.70 RPM: 0 VSS: 0 FuelP: 1.50 OilP: 0.30
Data Verified. Payload Length: 123
MAP: 100 IAT: 47.00 CLT: 77 Volt: 12.80 AFR: 19.70 RPM: 0 VSS: 0 FuelP: 1.50 OilP: 0.30
Data Verified. Payload Length: 123
MAP: 100 IAT: 47.00 CLT: 77 Volt: 12.80 AFR: 19.70 RPM: 0 VSS: 0 FuelP: 1.50 OilP: 0.30
Data Verified. Payload Length: 123
MAP: 100 IAT: 47.00 CLT: 77 Volt: 12.80 AFR: 19.70 RPM: 0 VSS: 0 FuelP: 1.50 OilP: 0.30
Data Verified. Payload Length: 123
MAP: 100 IAT: 47.00 CLT: 77 Volt: 12.80 AFR: 19.70 RPM: 0 VSS: 0 FuelP: 1.50 OilP: 0.30
Data Verified. Payload Length: 123
MAP: 100 IAT: 47.00 CLT: 77 Volt: 12.80 AFR: 19.70 RPM: 0 VSS: 0 FuelP: 1.50 OilP: 0.30
Data Verified. Payload Length: 123
MAP: 100 IAT: 47.00 CLT: 77 Volt: 12.80 AFR: 19.70 RPM: 0 VSS: 0 FuelP: 1.50 OilP: 0.30
Data Verified. Payload Length: 123
MAP: 100 IAT: 47.00 CLT: 77 Volt: 12.80 AFR: 19.70 RPM: 0 VSS: 0 FuelP: 1.50 OilP: 0.30
Data Verified. Payload Length: 123
MAP: 100 IAT: 47.00 CLT: 77 Volt: 12.80 AFR: 19.70 RPM: 0 VSS: 0 FuelP: 1.50 OilP: 0.30
Data Verified. Payload Length: 123
MAP: 100 IAT: 47.00 CLT: 77 Volt: 12.80 AFR: 19.70 RPM: 0 VSS: 0 FuelP: 1.50 OilP: 0.30
Data Verified. Payload Length: 123
MAP: 100 IAT: 47.00 CLT: 77 Volt: 12.80 AFR: 19.70 RPM: 0 VSS: 0 FuelP: 1.50 OilP: 0.30
Data Verified. Payload Length: 123
MAP: 100 IAT: 47.00 CLT: 77 Volt: 12.80 AFR: 19.70 RPM: 0 VSS: 0 FuelP: 1.50 OilP: 0.30
Data Verified. Payload Length: 123
MAP: 100 IAT: 47.00 CLT: 77 Volt: 12.80 AFR: 19.70 RPM: 0 VSS: 0 FuelP: 1.50 OilP: 0.30
Data Verified. Payload Length: 123
MAP: 100 IAT: 47.00 CLT: 77 Volt: 12.80 AFR: 19.70 RPM: 0 VSS: 0 FuelP: 1.50 OilP: 0.30
Data Verified. Payload Length: 123
MAP: 100 IAT: 47.00 CLT: 77 Volt: 12.80 AFR: 19.70 RPM: 0 VSS: 0 FuelP: 1.50 OilP: 0.30
Data Verified. Payload Length: 123
MAP: 100 IAT: 47.00 CLT: 77 Volt: 12.80 AFR: 19.70 RPM: 0 VSS: 0 FuelP: 1.50 OilP: 0.30
Data Verified. Payload Length: 123
MAP: 100 IAT: 47.00 CLT: 77 Volt: 12.80 AFR: 19.70 RPM: 0 VSS: 0 FuelP: 1.50 OilP: 0.30
Data Verified. Payload Length: 123
MAP: 100 IAT: 47.00 CLT: 77 Volt: 12.80 AFR: 19.70 RPM: 0 VSS: 0 FuelP: 1.50 OilP: 0.30
Data Verified. Payload Length: 123
MAP: 100 IAT: 47.00 CLT: 77 Volt: 12.80 AFR: 19.70 RPM: 0 VSS: 0 FuelP: 1.50 OilP: 0.30
Data Verified. Payload Length: 123
MAP: 100 IAT: 47.00 CLT: 77 Volt: 12.80 AFR: 19.70 RPM: 0 VSS: 0 FuelP: 1.50 OilP: 0.30
Data Verified. Payload Length: 123
MAP: 100 IAT: 47.00 CLT: 77 Volt: 12.80 AFR: 19.70 RPM: 0 VSS: 0 FuelP: 1.50 OilP: 0.30
Data Verified. Payload Length: 123
MAP: 100 IAT: 47.00 CLT: 77 Volt: 12.80 AFR: 19.70 RPM: 0 VSS: 0 FuelP: 1.50 OilP: 0.30
Data Verified. Payload Length: 123
MAP: 100 IAT: 47.00 CLT: 77 Volt: 12.80 AFR: 19.70 RPM: 0 VSS: 0 FuelP: 1.50 OilP: 0.30
Data Verified. Payload Length: 123
MAP: 100 IAT: 47.00 CLT: 77 Volt: 12.80 AFR: 19.70 RPM: 0 VSS: 0 FuelP: 1.50 OilP: 0.30
Data Verified. Payload Length: 123
MAP: 100 IAT: 47.00 CLT: 77 Volt: 12.80 AFR: 19.70 RPM: 0 VSS: 0 FuelP: 1.50 OilP: 0.30
Data Verified. Payload Length: 123
MAP: 100 IAT: 47.00 CLT: 77 Volt: 12.80 AFR: 19.70 RPM: 0 VSS: 0 FuelP: 1.50 OilP: 0.30
Data Verified. Payload Length: 123
MAP: 100 IAT: 47.00 CLT: 77 Volt: 12.80 AFR: 19.70 RPM: 0 VSS: 0 FuelP: 1.50 OilP: 0.30
Data Verified. Payload Length: 123
MAP: 100 IAT: 47.00 CLT: 77 Volt: 12.80 AFR: 19.70 RPM: 0 VSS: 0 FuelP: 1.50 OilP: 0.30
Data Verified. Payload Length: 123
MAP: 100 IAT: 47.00 CLT: 77 Volt: 12.80 AFR: 19.70 RPM: 0 VSS: 0 FuelP: 1.50 OilP: 0.30
Data Verified. Payload Length: 123
MAP: 100 IAT: 47.00 CLT: 77 Volt: 12.80 AFR: 19.70 RPM: 0 VSS: 0 FuelP: 1.50 OilP: 0.30
Data Verified. Payload Length: 123
MAP: 100 IAT: 47.00 CLT: 77 Volt: 12.80 AFR: 19.70 RPM: 0 VSS: 0 FuelP: 1.50 OilP: 0.30
Data Verified. Payload Length: 123
MAP: 100 IAT: 47.00 CLT: 77 Volt: 12.80 AFR: 19.70 RPM: 0 VSS: 0 FuelP: 1.50 OilP: 0.30
Data Verified. Payload Length: 123
MAP: 100 IAT: 47.00 CLT: 77 Volt: 12.80 AFR: 19.70 RPM: 0 VSS: 0 FuelP: 1.50 OilP: 0.30
Data Verified. Payload Length: 123
MAP: 100 IAT: 47.00 CLT: 77 Volt: 12.80 AFR: 19.70 RPM: 0 VSS: 0 FuelP: 1.50 OilP: 0.30
Data Verified. Payload Length: 123
MAP: 100 IAT: 47.00 CLT: 77 Volt: 12.80 AFR: 19.70 RPM: 0 VSS: 0 FuelP: 1.50 OilP: 0.30
Data Verified. Payload Length: 123
MAP: 100 IAT: 47.00 CLT: 77 Volt: 12.80 AFR: 19.70 RPM: 0 VSS: 0 FuelP: 1.50 OilP: 0.30
Data Verified. Payload Length: 123
MAP: 100 IAT: 47.00 CLT: 77 Volt: 12.80 AFR: 19.70 RPM: 0 VSS: 0 FuelP: 1.50 OilP: 0.30
Data Verified. Payload Length: 123
MAP: 100 IAT: 47.00 CLT: 77 Volt: 12.80 AFR: 19.70 RPM: 0 VSS: 0 FuelP: 1.50 OilP: 0.30
Data Verified. Payload Length: 123
MAP: 100 IAT: 47.00 CLT: 77 Volt: 12.80 AFR: 19.70 RPM: 0 VSS: 0 FuelP: 1.50 OilP: 0.30
Data Verified. Payload Length: 123
MAP: 100 IAT: 47.00 CLT: 77 Volt: 12.80 AFR: 19.70 RPM: 0 VSS: 0 FuelP: 1.50 OilP: 0.30
Data Verified. Payload Length: 123
MAP: 100 IAT: 47.00 CLT: 77 Volt: 12.80 AFR: 19.70 RPM: 0 VSS: 0 FuelP: 1.50 OilP: 0.30
Data Verified. Payload Length: 123
MAP: 100 IAT: 47.00 CLT: 77 Volt: 12.80 AFR: 19.70 RPM: 0 VSS: 0 FuelP: 1.50 OilP: 0.30
Data Verified. Payload Length: 123
MAP: 100 IAT: 47.00 CLT: 77 Volt: 12.80 AFR: 19.70 RPM: 0 VSS: 0 FuelP: 1.50 OilP: 0.30
Data Verified. Payload Length: 123
MAP: 100 IAT: 47.00 CLT: 77 Volt: 12.80 AFR: 19.70 RPM: 0 VSS: 0 FuelP: 1.50 OilP: 0.30
Data Verified. Payload Length: 123
MAP: 100 IAT: 47.00 CLT: 77 Volt: 12.80 AFR: 19.70 RPM: 0 VSS: 0 FuelP: 1.50 OilP: 0.30
Data Verified. Payload Length: 123
MAP: 100 IAT: 47.00 CLT: 77 Volt: 12.80 AFR: 19.70 RPM: 0 VSS: 0 FuelP: 1.50 OilP: 0.30
Data Verified. Payload Length: 123
MAP: 100 IAT: 47.00 CLT: 77 Volt: 12.80 AFR: 19.70 RPM: 0 VSS: 0 FuelP: 1.50 OilP: 0.30
Data Verified. Payload Length: 123
MAP: 100 IAT: 47.00 CLT: 77 Volt: 12.80 AFR: 19.70 RPM: 0 VSS: 0 FuelP: 1.50 OilP: 0.30
Data Verified. Payload Length: 123
MAP: 100 IAT: 47.00 CLT: 77 Volt: 12.80 AFR: 19.70 RPM: 0 VSS: 0 FuelP: 1.50 OilP: 0.30
Data Verified. Payload Length: 123
MAP: 100 IAT: 47.00 CLT: 77 Volt: 12.80 AFR: 19.70 RPM: 0 VSS: 0 FuelP: 1.50 OilP: 0.30
Data Verified. Payload Length: 123
MAP: 100 IAT: 47.00 CLT: 77 Volt: 12.80 AFR: 19.70 RPM: 0 VSS: 0 FuelP: 1.50 OilP: 0.30
Data Verified. Payload Length: 123
MAP: 100 IAT: 47.00 CLT: 77 Volt: 12.80 AFR: 19.70 RPM: 0 VSS: 0 FuelP: 1.50 OilP: 0.30
Data Verified. Payload Length: 123
MAP: 100 IAT: 47.00 CLT: 77 Volt: 12.80 AFR: 19.70 RPM: 0 VSS: 0 FuelP: 1.50 OilP: 0.30
Data Verified. Payload Length: 123
MAP: 100 IAT: 47.00 CLT: 77 Volt: 12.80 AFR: 19.70 RPM: 0 VSS: 0 FuelP: 1.50 OilP: 0.30
Data Verified. Payload Length: 123
MAP: 100 IAT: 47.00 CLT: 77 Volt: 12.80 AFR: 19.70 RPM: 0 VSS: 0 FuelP: 1.50 OilP: 0.30
Data Verified. Payload Length: 123
MAP: 100 IAT: 47.00 CLT: 77 Volt: 12.80 AFR: 19.70 RPM: 0 VSS: 0 FuelP: 1.50 OilP: 0.30
Data Verified. Payload Length: 123
MAP: 100 IAT: 47.00 CLT: 77 Volt: 12.80 AFR: 19.70 RPM: 0 VSS: 0 FuelP: 1.50 OilP: 0.30
Data Verified. Payload Length: 123
MAP: 100 IAT: 47.00 CLT: 77 Volt: 12.80 AFR: 19.70 RPM: 0 VSS: 0 FuelP: 1.50 OilP: 0.30
Data Verified. Payload Length: 123
MAP: 100 IAT: 47.00 CLT: 77 Volt: 12.80 AFR: 19.70 RPM: 0 VSS: 0 FuelP: 1.50 OilP: 0.30
Data Verified. Payload Length: 123
MAP: 100 IAT: 47.00 CLT: 77 Volt: 12.80 AFR: 19.70 RPM: 0 VSS: 0 FuelP: 1.50 OilP: 0.30
Data Verified. Payload Length: 123
MAP: 100 IAT: 47.00 CLT: 77 Volt: 12.80 AFR: 19.70 RPM: 0 VSS: 0 FuelP: 1.50 OilP: 0.30
Data Verified. Payload Length: 123
MAP: 100 IAT: 47.00 CLT: 77 Volt: 12.80 AFR: 19.70 RPM: 0 VSS: 0 FuelP: 1.50 OilP: 0.30
Data Verified. Payload Length: 123
MAP: 100 IAT: 47.00 CLT: 77 Volt: 12.80 AFR: 19.70 RPM: 0 VSS: 0 FuelP: 1.50 OilP: 0.30
Data Verified. Payload Length: 123
MAP: 100 IAT: 47.00 CLT: 77 Volt: 12.80 AFR: 19.70 RPM: 0 VSS: 0 FuelP: 1.50 OilP: 0.30
Data Verified. Payload Length: 123
MAP: 100 IAT: 47.00 CLT: 77 Volt: 12.80 AFR: 19.70 RPM: 0 VSS: 0 FuelP: 1.50 OilP: 0.30
Data Verified. Payload Length: 123
MAP: 100 IAT: 47.00 CLT: 77 Volt: 12.80 AFR: 19.70 RPM: 0 VSS: 0 FuelP: 1.50 OilP: 0.30
Data Verified. Payload Length: 123
MAP: 100 IAT: 47.00 CLT: 77 Volt: 12.80 AFR: 19.70 RPM: 0 VSS: 0 FuelP: 1.50 OilP: 0.30
Data Verified. Payload Length: 123
MAP: 100 IAT: 47.00 CLT: 77 Volt: 12.80 AFR: 19.70 RPM: 0 VSS: 0 FuelP: 1.50 OilP: 0.30
Data Verified. Payload Length: 123
MAP: 100 IAT: 47.00 CLT: 77 Volt: 12.80 AFR: 19.70 RPM: 0 VSS: 0 FuelP: 1.50 OilP: 0.30
Data Verified. Payload Length: 123
MAP: 100 IAT: 47.00 CLT: 77 Volt: 12.80 AFR: 19.70 RPM: 0 VSS: 0 FuelP: 1.50 OilP: 0.30
Data Verified. Payload Length: 123
MAP: 100 IAT: 47.00 CLT: 77 Volt: 12.80 AFR: 19.70 RPM: 0 VSS: 0 FuelP: 1.50 OilP: 0.30
Data Verified. Payload Length: 123
MAP: 100 IAT: 47.00 CLT: 77 Volt: 12.80 AFR: 19.70 RPM: 0 VSS: 0 FuelP: 1.50 OilP: 0.30
Data Verified. Payload Length: 123
MAP: 100 IAT: 47.00 CLT: 77 Volt: 12.80 AFR: 19.70 RPM: 0 VSS: 0 FuelP: 1.50 OilP: 0.30
Data Verified. Payload Length: 123
MAP: 100 IAT: 47.00 CLT: 77 Volt: 12.80 AFR: 19.70 RPM: 0 VSS: 0 FuelP: 1.50 OilP: 0.30
Data Verified. Payload Length: 123
MAP: 100 IAT: 47.00 CLT: 77 Volt: 12.80 AFR: 19.70 RPM: 0 VSS: 0 FuelP: 1.50 OilP: 0.30
Data Verified. Payload Length: 123
MAP: 100 IAT: 47.00 CLT: 77 Volt: 12.80 AFR: 19.70 RPM: 0 VSS: 0 FuelP: 1.50 OilP: 0.30
Data Verified. Payload Length: 123
MAP: 100 IAT: 47.00 CLT: 77 Volt: 12.80 AFR: 19.70 RPM: 0 VSS: 0 FuelP: 1.50 OilP: 0.30
Data Verified. Payload Length: 123
MAP: 100 IAT: 47.00 CLT: 77 Volt: 12.80 AFR: 19.70 RPM: 0 VSS: 0 FuelP: 1.50 OilP: 0.30
Data Verified. Payload Length: 123
MAP: 100 IAT: 47.00 CLT: 77 Volt: 12.80 AFR: 19.70 RPM: 0 VSS: 0 FuelP: 1.50 OilP: 0.30
Data Verified. Payload Length: 123
MAP: 100 IAT: 47.00 CLT: 77 Volt: 12.80 AFR: 19.70 RPM: 0 VSS: 0 FuelP: 1.50 OilP: 0.30
Data Verified. Payload Length: 123
MAP: 100 IAT: 47.00 CLT: 77 Volt: 12.80 AFR: 19.70 RPM: 0 VSS: 0 FuelP: 1.50 OilP: 0.30
Data Verified. Payload Length: 123
MAP: 100 IAT: 47.00 CLT: 77 Volt: 12.80 AFR: 19.70 RPM: 0 VSS: 0 FuelP: 1.50 OilP: 0.30
Data Verified. Payload Length: 123
MAP: 100 IAT: 47.00 CLT: 77 Volt: 12.80 AFR: 19.70 RPM: 0 VSS: 0 FuelP: 1.50 OilP: 0.30
Data Verified. Payload Length: 123
MAP: 100 IAT: 47.00 CLT: 77 Volt: 12.80 AFR: 19.70 RPM: 0 VSS: 0 FuelP: 1.50 OilP: 0.30
Data Verified. Payload Length: 123
MAP: 100 IAT: 47.00 CLT: 77 Volt: 12.80 AFR: 19.70 RPM: 0 VSS: 0 FuelP: 1.50 OilP: 0.30
Data Verified. Payload Length: 123
MAP: 100 IAT: 47.00 CLT: 77 Volt: 12.80 AFR: 19.70 RPM: 0 VSS: 0 FuelP: 1.50 OilP: 0.30
Data Verified. Payload Length: 123
MAP: 100 IAT: 47.00 CLT: 77 Volt: 12.80 AFR: 19.70 RPM: 0 VSS: 0 FuelP: 1.50 OilP: 0.30
Data Verified. Payload Length: 123
MAP: 100 IAT: 47.00 CLT: 77 Volt: 12.80 AFR: 19.70 RPM: 0 VSS: 0 FuelP: 1.50 OilP: 0.30
Data Verified. Payload Length: 123
MAP: 100 IAT: 47.00 CLT: 77 Volt: 12.80 AFR: 19.70 RPM: 0 VSS: 0 FuelP: 1.50 OilP: 0.30
Data Verified. Payload Length: 123
MAP: 100 IAT: 47.00 CLT: 77 Volt: 12.80 AFR: 19.70 RPM: 0 VSS: 0 FuelP: 1.50 OilP: 0.30
Data Verified. Payload Length: 123
MAP: 100 IAT: 47.00 CLT: 77 Volt: 12.80 AFR: 19.70 RPM: 0 VSS: 0 FuelP: 1.50 OilP: 0.30
Data Verified. Payload Length: 123
MAP: 100 IAT: 47.00 CLT: 77 Volt: 12.80 AFR: 19.70 RPM: 0 VSS: 0 FuelP: 1.50 OilP: 0.30
Data Verified. Payload Length: 123
MAP: 100 IAT: 47.00 CLT: 77 Volt: 12.80 AFR: 19.70 RPM: 0 VSS: 0 FuelP: 1.50 OilP: 0.30
Data Verified. Payload Length: 123
MAP: 100 IAT: 47.00 CLT: 77 Volt: 12.80 AFR: 19.70 RPM: 0 VSS: 0 FuelP: 1.50 OilP: 0.30
Data Verified. Payload Length: 123
MAP: 100 IAT: 47.00 CLT: 77 Volt: 12.80 AFR: 19.70 RPM: 0 VSS: 0 FuelP: 1.50 OilP: 0.30
Data Verified. Payload Length: 123
MAP: 100 IAT: 47.00 CLT: 77 Volt: 12.80 AFR: 19.70 RPM: 0 VSS: 0 FuelP: 1.50 OilP: 0.30
Data Verified. Payload Length: 123
MAP: 100 IAT: 47.00 CLT: 77 Volt: 12.80 AFR: 19.70 RPM: 0 VSS: 0 FuelP: 1.50 OilP: 0.30
Data Verified. Payload Length: 123
MAP: 100 IAT: 47.00 CLT: 77 Volt: 12.80 AFR: 19.70 RPM: 0 VSS: 0 FuelP: 1.50 OilP: 0.30
Data Verified. Payload Length: 123
MAP: 100 IAT: 47.00 CLT: 77 Volt: 12.80 AFR: 19.70 RPM: 0 VSS: 0 FuelP: 1.50 OilP: 0.30
Data Verified. Payload Length: 123
MAP: 100 IAT: 47.00 CLT: 77 Volt: 12.80 AFR: 19.70 RPM: 0 VSS: 0 FuelP: 1.50 OilP: 0.30
Data Verified. Payload Length: 123
MAP: 100 IAT: 47.00 CLT: 77 Volt: 12.80 AFR: 19.70 RPM: 0 VSS: 0 FuelP: 1.50 OilP: 0.30
Data Verified. Payload Length: 123
MAP: 100 IAT: 47.00 CLT: 77 Volt: 12.80 AFR: 19.70 RPM: 0 VSS: 0 FuelP: 1.50 OilP: 0.30
Data Verified. Payload Length: 123
MAP: 100 IAT: 47.00 CLT: 77 Volt: 12.80 AFR: 19.70 RPM: 0 VSS: 0 FuelP: 1.50 OilP: 0.30
Data Verified. Payload Length: 123
MAP: 100 IAT: 47.00 CLT: 77 Volt: 12.80 AFR: 19.70 RPM: 0 VSS: 0 FuelP: 1.50 OilP: 0.30
Data Verified. Payload Length: 123
MAP: 100 IAT: 47.00 CLT: 77 Volt: 12.80 AFR: 19.70 RPM: 0 VSS: 0 FuelP: 1.50 OilP: 0.30
Data Verified. Payload Length: 123
MAP: 100 IAT: 47.00 CLT: 77 Volt: 12.80 AFR: 19.70 RPM: 0 VSS: 0 FuelP: 1.50 OilP: 0.30
Data Verified. Payload Length: 123
MAP: 100 IAT: 47.00 CLT: 77 Volt: 12.80 AFR: 19.70 RPM: 0 VSS: 0 FuelP: 1.50 OilP: 0.30
Data Verified. Payload Length: 123
MAP: 100 IAT: 47.00 CLT: 77 Volt: 12.80 AFR: 19.70 RPM: 0 VSS: 0 FuelP: 1.50 OilP: 0.30
Data Verified. Payload Length: 123
MAP: 100 IAT: 47.00 CLT: 77 Volt: 12.80 AFR: 19.70 RPM: 0 VSS: 0 FuelP: 1.50 OilP: 0.30
Data Verified. Payload Length: 123
MAP: 100 IAT: 47.00 CLT: 77 Volt: 12.80 AFR: 19.70 RPM: 0 VSS: 0 FuelP: 1.50 OilP: 0.30
Data Verified. Payload Length: 123
MAP: 100 IAT: 47.00 CLT: 77 Volt: 12.80 AFR: 19.70 RPM: 0 VSS: 0 FuelP: 1.50 OilP: 0.30
Data Verified. Payload Length: 123
MAP: 100 IAT: 47.00 CLT: 77 Volt: 12.80 AFR: 19.70 RPM: 0 VSS: 0 FuelP: 1.50 OilP: 0.30
Data Verified. Payload Length: 123
MAP: 100 IAT: 47.00 CLT: 77 Volt: 12.80 AFR: 19.70 RPM: 0 VSS: 0 FuelP: 1.50 OilP: 0.30
Data Verified. Payload Length: 123
MAP: 100 IAT: 47.00 CLT: 77 Volt: 12.80 AFR: 19.70 RPM: 0 VSS: 0 FuelP: 1.50 OilP: 0.30
Data Verified. Payload Length: 123
MAP: 100 IAT: 47.00 CLT: 77 Volt: 12.80 AFR: 19.70 RPM: 0 VSS: 0 FuelP: 1.50 OilP: 0.30
Data Verified. Payload Length: 123
MAP: 100 IAT: 47.00 CLT: 77 Volt: 12.80 AFR: 19.70 RPM: 0 VSS: 0 FuelP: 1.50 OilP: 0.30
Data Verified. Payload Length: 123
MAP: 100 IAT: 47.00 CLT: 77 Volt: 12.80 AFR: 19.70 RPM: 0 VSS: 0 FuelP: 1.50 OilP: 0.30
Data Verified. Payload Length: 123
MAP: 100 IAT: 47.00 CLT: 77 Volt: 12.80 AFR: 19.70 RPM: 0 VSS: 0 FuelP: 1.50 OilP: 0.30
Data Verified. Payload Length: 123
MAP: 100 IAT: 47.00 CLT: 77 Volt: 12.80 AFR: 19.70 RPM: 0 VSS: 0 FuelP: 1.50 OilP: 0.30
Data Verified. Payload Length: 123
MAP: 100 IAT: 47.00 CLT: 77 Volt: 12.80 AFR: 19.70 RPM: 0 VSS: 0 FuelP: 1.50 OilP: 0.30
Data Verified. Payload Length: 123
MAP: 100 IAT: 47.00 CLT: 77 Volt: 12.80 AFR: 19.70 RPM: 0 VSS: 0 FuelP: 1.50 OilP: 0.30
Data Verified. Payload Length: 123
MAP: 100 IAT: 47.00 CLT: 77 Volt: 12.80 AFR: 19.70 RPM: 0 VSS: 0 FuelP: 1.50 OilP: 0.30
Data Verified. Payload Length: 123
MAP: 100 IAT: 47.00 CLT: 77 Volt: 12.80 AFR: 19.70 RPM: 0 VSS: 0 FuelP: 1.50 OilP: 0.30
Data Verified. Payload Length: 123
MAP: 100 IAT: 47.00 CLT: 77 Volt: 12.80 AFR: 19.70 RPM: 0 VSS: 0 FuelP: 1.50 OilP: 0.30
Data Verified. Payload Length: 123
MAP: 100 IAT: 47.00 CLT: 77 Volt: 12.80 AFR: 19.70 RPM: 0 VSS: 0 FuelP: 1.50 OilP: 0.30
Data Verified. Payload Length: 123
MAP: 100 IAT: 47.00 CLT: 77 Volt: 12.80 AFR: 19.70 RPM: 0 VSS: 0 FuelP: 1.50 OilP: 0.30
Data Verified. Payload Length: 123
MAP: 100 IAT: 47.00 CLT: 77 Volt: 12.80 AFR: 19.70 RPM: 0 VSS: 0 FuelP: 1.50 OilP: 0.30
Data Verified. Payload Length: 123
MAP: 100 IAT: 47.00 CLT: 77 Volt: 12.80 AFR: 19.70 RPM: 0 VSS: 0 FuelP: 1.50 OilP: 0.30
Data Verified. Payload Length: 123
MAP: 100 IAT: 47.00 CLT: 77 Volt: 12.80 AFR: 19.70 RPM: 0 VSS: 0 FuelP: 1.50 OilP: 0.30
Data Verified. Payload Length: 123
MAP: 100 IAT: 47.00 CLT: 77 Volt: 12.80 AFR: 19.70 RPM: 0 VSS: 0 FuelP: 1.50 OilP: 0.30
Data Verified. Payload Length: 123
MAP: 100 IAT: 47.00 CLT: 77 Volt: 12.80 AFR: 19.70 RPM: 0 VSS: 0 FuelP: 1.50 OilP: 0.30
Data Verified. Payload Length: 123
MAP: 100 IAT: 47.00 CLT: 77 Volt: 12.80 AFR: 19.70 RPM: 0 VSS: 0 FuelP: 1.50 OilP: 0.30
Data Verified. Payload Length: 123
MAP: 100 IAT: 47.00 CLT: 77 Volt: 12.80 AFR: 19.70 RPM: 0 VSS: 0 FuelP: 1.50 OilP: 0.30
Data Verified. Payload Length: 123
MAP: 100 IAT: 47.00 CLT: 77 Volt: 12.80 AFR: 19.70 RPM: 0 VSS: 0 FuelP: 1.50 OilP: 0.30
Data Verified. Payload Length: 123
MAP: 100 IAT: 47.00 CLT: 77 Volt: 12.80 AFR: 19.70 RPM: 0 VSS: 0 FuelP: 1.50 OilP: 0.30
Data Verified. Payload Length: 123
MAP: 100 IAT: 47.00 CLT: 77 Volt: 12.80 AFR: 19.70 RPM: 0 VSS: 0 FuelP: 1.50 OilP: 0.30
Data Verified. Payload Length: 123
MAP: 100 IAT: 47.00 CLT: 77 Volt: 12.80 AFR: 19.70 RPM: 0 VSS: 0 FuelP: 1.50 OilP: 0.30
Data Verified. Payload Length: 123
MAP: 100 IAT: 47.00 CLT: 77 Volt: 12.80 AFR: 19.70 RPM: 0 VSS: 0 FuelP: 1.50 OilP: 0.30
Data Verified. Payload Length: 123
MAP: 100 IAT: 47.00 CLT: 77 Volt: 12.80 AFR: 19.70 RPM: 0 VSS: 0 FuelP: 1.50 OilP: 0.30
Data Verified. Payload Length: 123
MAP: 100 IAT: 47.00 CLT: 77 Volt: 12.80 AFR: 19.70 RPM: 0 VSS: 0 FuelP: 1.50 OilP: 0.30
Data Verified. Payload Length: 123
MAP: 100 IAT: 47.00 CLT: 77 Volt: 12.80 AFR: 19.70 RPM: 0 VSS: 0 FuelP: 1.50 OilP: 0.30
Data Verified. Payload Length: 123
MAP: 100 IAT: 47.00 CLT: 77 Volt: 12.80 AFR: 19.70 RPM: 0 VSS: 0 FuelP: 1.50 OilP: 0.30
Data Verified. Payload Length: 123
MAP: 100 IAT: 47.00 CLT: 77 Volt: 12.80 AFR: 19.70 RPM: 0 VSS: 0 FuelP: 1.50 OilP: 0.30
Data Verified. Payload Length: 123
MAP: 100 IAT: 47.00 CLT: 77 Volt: 12.80 AFR: 19.70 RPM: 0 VSS: 0 FuelP: 1.50 OilP: 0.30
Data Verified. Payload Length: 123
MAP: 100 IAT: 47.00 CLT: 77 Volt: 12.80 AFR: 19.70 RPM: 0 VSS: 0 FuelP: 1.50 OilP: 0.30
Data Verified. Payload Length: 123
MAP: 100 IAT: 47.00 CLT: 77 Volt: 12.80 AFR: 19.70 RPM: 0 VSS: 0 FuelP: 1.50 OilP: 0.30
Data Verified. Payload Length: 123
MAP: 100 IAT: 47.00 CLT: 77 Volt: 12.80 AFR: 19.70 RPM: 0 VSS: 0 FuelP: 1.50 OilP: 0.30
Data Verified. Payload Length: 123
MAP: 100 IAT: 47.00 CLT: 77 Volt: 12.80 AFR: 19.70 RPM: 0 VSS: 0 FuelP: 1.50 OilP: 0.30
Data Verified. Payload Length: 123
MAP: 100 IAT: 47.00 CLT: 77 Volt: 12.80 AFR: 19.70 RPM: 0 VSS: 0 FuelP: 1.50 OilP: 0.30
Data Verified. Payload Length: 123
MAP: 100 IAT: 47.00 CLT: 77 Volt: 12.80 AFR: 19.70 RPM: 0 VSS: 0 FuelP: 1.50 OilP: 0.30
Data Verified. Payload Length: 123
MAP: 100 IAT: 47.00 CLT: 77 Volt: 12.80 AFR: 19.70 RPM: 0 VSS: 0 FuelP: 1.50 OilP: 0.30
Data Verified. Payload Length: 123
MAP: 100 IAT: 47.00 CLT: 77 Volt: 12.80 AFR: 19.70 RPM: 0 VSS: 0 FuelP: 1.50 OilP: 0.30
Data Verified. Payload Length: 123
MAP: 100 IAT: 47.00 CLT: 77 Volt: 12.80 AFR: 19.70 RPM: 0 VSS: 0 FuelP: 1.50 OilP: 0.30
Data Verified. Payload Length: 123
MAP: 100 IAT: 47.00 CLT: 77 Volt: 12.80 AFR: 19.70 RPM: 0 VSS: 0 FuelP: 1.50 OilP: 0.30
Data Verified. Payload Length: 123
MAP: 100 IAT: 47.00 CLT: 77 Volt: 12.80 AFR: 19.70 RPM: 0 VSS: 0 FuelP: 1.50 OilP: 0.30
Data Verified. Payload Length: 123
MAP: 100 IAT: 47.00 CLT: 77 Volt: 12.80 AFR: 19.70 RPM: 0 VSS: 0 FuelP: 1.50 OilP: 0.30
Data Verified. Payload Length: 123
MAP: 100 IAT: 47.00 CLT: 77 Volt: 12.80 AFR: 19.70 RPM: 0 VSS: 0 FuelP: 1.50 OilP: 0.30
Data Verified. Payload Length: 123
MAP: 100 IAT: 47.00 CLT: 77 Volt: 12.80 AFR: 19.70 RPM: 0 VSS: 0 FuelP: 1.50 OilP: 0.30
Data Verified. Payload Length: 123
MAP: 100 IAT: 47.00 CLT: 77 Volt: 12.80 AFR: 19.70 RPM: 0 VSS: 0 FuelP: 1.50 OilP: 0.30
Data Verified. Payload Length: 123
MAP: 100 IAT: 47.00 CLT: 77 Volt: 12.80 AFR: 19.70 RPM: 0 VSS: 0 FuelP: 1.50 OilP: 0.30
Data Verified. Payload Length: 123
MAP: 100 IAT: 47.00 CLT: 77 Volt: 12.80 AFR: 19.70 RPM: 0 VSS: 0 FuelP: 1.50 OilP: 0.30
Data Verified. Payload Length: 123
MAP: 100 IAT: 47.00 CLT: 77 Volt: 12.80 AFR: 19.70 RPM: 0 VSS: 0 FuelP: 1.50 OilP: 0.30
Data Verified. Payload Length: 123
MAP: 100 IAT: 47.00 CLT: 77 Volt: 12.80 AFR: 19.70 RPM: 0 VSS: 0 FuelP: 1.50 OilP: 0.30
Data Verified. Payload Length: 123
MAP: 100 IAT: 47.00 CLT: 77 Volt: 12.80 AFR: 19.70 RPM: 0 VSS: 0 FuelP: 1.50 OilP: 0.30
Data Verified. Payload Length: 123
MAP: 100 IAT: 47.00 CLT: 77 Volt: 12.80 AFR: 19.70 RPM: 0 VSS: 0 FuelP: 1.50 OilP: 0.30
Data Verified. Payload Length: 123
MAP: 100 IAT: 47.00 CLT: 77 Volt: 12.80 AFR: 19.70 RPM: 0 VSS: 0 FuelP: 1.50 OilP: 0.30
Data Verified. Payload Length: 123
MAP: 100 IAT: 47.00 CLT: 77 Volt: 12.80 AFR: 19.70 RPM: 0 VSS: 0 FuelP: 1.50 OilP: 0.30
Data Verified. Payload Length: 123
MAP: 100 IAT: 47.00 CLT: 77 Volt: 12.80 AFR: 19.70 RPM: 0 VSS: 0 FuelP: 1.50 OilP: 0.30
Data Verified. Payload Length: 123
MAP: 100 IAT: 47.00 CLT: 77 Volt: 12.80 AFR: 19.70 RPM: 0 VSS: 0 FuelP: 1.50 OilP: 0.30
Data Verified. Payload Length: 123
MAP: 100 IAT: 47.00 CLT: 77 Volt: 12.80 AFR: 19.70 RPM: 0 VSS: 0 FuelP: 1.50 OilP: 0.30
Data Verified. Payload Length: 123
MAP: 100 IAT: 47.00 CLT: 77 Volt: 12.80 AFR: 19.70 RPM: 0 VSS: 0 FuelP: 1.50 OilP: 0.30
Data Verified. Payload Length: 123
MAP: 100 IAT: 47.00 CLT: 77 Volt: 12.80 AFR: 19.70 RPM: 0 VSS: 0 FuelP: 1.50 OilP: 0.30
Data Verified. Payload Length: 123
MAP: 100 IAT: 47.00 CLT: 77 Volt: 12.80 AFR: 19.70 RPM: 0 VSS: 0 FuelP: 1.50 OilP: 0.30
Data Verified. Payload Length: 123
MAP: 100 IAT: 47.00 CLT: 77 Volt: 12.80 AFR: 19.70 RPM: 0 VSS: 0 FuelP: 1.50 OilP: 0.30
Data Verified. Payload Length: 123
MAP: 100 IAT: 47.00 CLT: 77 Volt: 12.80 AFR: 19.70 RPM: 0 VSS: 0 FuelP: 1.50 OilP: 0.30
Data Verified. Payload Length: 123
MAP: 100 IAT: 47.00 CLT: 77 Volt: 12.80 AFR: 19.70 RPM: 0 VSS: 0 FuelP: 1.50 OilP: 0.30
Data Verified. Payload Length: 123
MAP: 100 IAT: 47.00 CLT: 77 Volt: 12.80 AFR: 19.70 RPM: 0 VSS: 0 FuelP: 1.50 OilP: 0.30
Data Verified. Payload Length: 123
MAP: 100 IAT: 47.00 CLT: 77 Volt: 12.80 AFR: 19.70 RPM: 0 VSS: 0 FuelP: 1.50 OilP: 0.30
Data Verified. Payload Length: 123
MAP: 100 IAT: 47.00 CLT: 77 Volt: 12.80 AFR: 19.70 RPM: 0 VSS: 0 FuelP: 1.50 OilP: 0.30
Data Verified. Payload Length: 123
MAP: 100 IAT: 47.00 CLT: 77 Volt: 12.80 AFR: 19.70 RPM: 0 VSS: 0 FuelP: 1.50 OilP: 0.30
Data Verified. Payload Length: 123
MAP: 100 IAT: 47.00 CLT: 77 Volt: 12.80 AFR: 19.70 RPM: 0 VSS: 0 FuelP: 1.50 OilP: 0.30
Data Verified. Payload Length: 123
MAP: 100 IAT: 47.00 CLT: 77 Volt: 12.80 AFR: 19.70 RPM: 0 VSS: 0 FuelP: 1.50 OilP: 0.30
Data Verified. Payload Length: 123
MAP: 100 IAT: 47.00 CLT: 77 Volt: 12.80 AFR: 19.70 RPM: 0 VSS: 0 FuelP: 1.50 OilP: 0.30
Data Verified. Payload Length: 123
MAP: 100 IAT: 47.00 CLT: 77 Volt: 12.80 AFR: 19.70 RPM: 0 VSS: 0 FuelP: 1.50 OilP: 0.30
Data Verified. Payload Length: 123
MAP: 100 IAT: 47.00 CLT: 77 Volt: 12.80 AFR: 19.70 RPM: 0 VSS: 0 FuelP: 1.50 OilP: 0.30
Data Verified. Payload Length: 123
MAP: 100 IAT: 47.00 CLT: 77 Volt: 12.80 AFR: 19.70 RPM: 0 VSS: 0 FuelP: 1.50 OilP: 0.30
Data Verified. Payload Length: 123
MAP: 100 IAT: 47.00 CLT: 77 Volt: 12.80 AFR: 19.70 RPM: 0 VSS: 0 FuelP: 1.50 OilP: 0.30
Data Verified. Payload Length: 123
MAP: 100 IAT: 47.00 CLT: 77 Volt: 12.80 AFR: 19.70 RPM: 0 VSS: 0 FuelP: 1.50 OilP: 0.30
Data Verified. Payload Length: 123
MAP: 100 IAT: 47.00 CLT: 77 Volt: 12.80 AFR: 19.70 RPM: 0 VSS: 0 FuelP: 1.50 OilP: 0.30
Data Verified. Payload Length: 123
MAP: 100 IAT: 47.00 CLT: 77 Volt: 12.80 AFR: 19.70 RPM: 0 VSS: 0 FuelP: 1.50 OilP: 0.30
Data Verified. Payload Length: 123
MAP: 100 IAT: 47.00 CLT: 77 Volt: 12.80 AFR: 19.70 RPM: 0 VSS: 0 FuelP: 1.50 OilP: 0.30
Data Verified. Payload Length: 123
MAP: 100 IAT: 47.00 CLT: 77 Volt: 12.80 AFR: 19.70 RPM: 0 VSS: 0 FuelP: 1.50 OilP: 0.30
Data Verified. Payload Length: 123
MAP: 100 IAT: 47.00 CLT: 77 Volt: 12.80 AFR: 19.70 RPM: 0 VSS: 0 FuelP: 1.50 OilP: 0.30
Data Verified. Payload Length: 123
MAP: 100 IAT: 47.00 CLT: 77 Volt: 12.80 AFR: 19.70 RPM: 0 VSS: 0 FuelP: 1.50 OilP: 0.30
Data Verified. Payload Length: 123
MAP: 100 IAT: 47.00 CLT: 77 Volt: 12.80 AFR: 19.70 RPM: 0 VSS: 0 FuelP: 1.50 OilP: 0.30
Data Verified. Payload Length: 123
MAP: 100 IAT: 47.00 CLT: 77 Volt: 12.80 AFR: 19.70 RPM: 0 VSS: 0 FuelP: 1.50 OilP: 0.30
Data Verified. Payload Length: 123
MAP: 100 IAT: 47.00 CLT: 77 Volt: 12.80 AFR: 19.70 RPM: 0 VSS: 0 FuelP: 1.50 OilP: 0.30
Data Verified. Payload Length: 123
MAP: 100 IAT: 47.00 CLT: 77 Volt: 12.80 AFR: 19.70 RPM: 0 VSS: 0 FuelP: 1.50 OilP: 0.30
Data Verified. Payload Length: 123
MAP: 100 IAT: 47.00 CLT: 77 Volt: 12.80 AFR: 19.70 RPM: 0 VSS: 0 FuelP: 1.50 OilP: 0.30
Data Verified. Payload Length: 123
MAP: 100 IAT: 47.00 CLT: 77 Volt: 12.80 AFR: 19.70 RPM: 0 VSS: 0 FuelP: 1.50 OilP: 0.30
Data Verified. Payload Length: 123
MAP: 100 IAT: 47.00 CLT: 77 Volt: 12.80 AFR: 19.70 RPM: 0 VSS: 0 FuelP: 1.50 OilP: 0.30
Data Verified. Payload Length: 123
MAP: 100 IAT: 47.00 CLT: 77 Volt: 12.80 AFR: 19.70 RPM: 0 VSS: 0 FuelP: 1.50 OilP: 0.30
Data Verified. Payload Length: 123
MAP: 100 IAT: 47.00 CLT: 77 Volt: 12.80 AFR: 19.70 RPM: 0 VSS: 0 FuelP: 1.50 OilP: 0.30
Data Verified. Payload Length: 123
MAP: 100 IAT: 47.00 CLT: 77 Volt: 12.80 AFR: 19.70 RPM: 0 VSS: 0 FuelP: 1.50 OilP: 0.30
Data Verified. Payload Length: 123
MAP: 100 IAT: 47.00 CLT: 77 Volt: 12.80 AFR: 19.70 RPM: 0 VSS: 0 FuelP: 1.50 OilP: 0.30
Data Verified. Payload Length: 123
MAP: 100 IAT: 47.00 CLT: 77 Volt: 12.80 AFR: 19.70 RPM: 0 VSS: 0 FuelP: 1.50 OilP: 0.30
Data Verified. Payload Length: 123
MAP: 100 IAT: 47.00 CLT: 77 Volt: 12.80 AFR: 19.70 RPM: 0 VSS: 0 FuelP: 1.50 OilP: 0.30
Data Verified. Payload Length: 123
MAP: 100 IAT: 47.00 CLT: 77 Volt: 12.80 AFR: 19.70 RPM: 0 VSS: 0 FuelP: 1.50 OilP: 0.30
Data Verified. Payload Length: 123
MAP: 100 IAT: 47.00 CLT: 77 Volt: 12.80 AFR: 19.70 RPM: 0 VSS: 0 FuelP: 1.50 OilP: 0.30
Data Verified. Payload Length: 123
MAP: 100 IAT: 47.00 CLT: 77 Volt: 12.80 AFR: 19.70 RPM: 0 VSS: 0 FuelP: 1.50 OilP: 0.30
Data Verified. Payload Length: 123
MAP: 100 IAT: 47.00 CLT: 77 Volt: 12.80 AFR: 19.70 RPM: 0 VSS: 0 FuelP: 1.50 OilP: 0.30
Data Verified. Payload Length: 123
MAP: 100 IAT: 47.00 CLT: 77 Volt: 12.80 AFR: 19.70 RPM: 0 VSS: 0 FuelP: 1.50 OilP: 0.30
Data Verified. Payload Length: 123
MAP: 100 IAT: 47.00 CLT: 77 Volt: 12.80 AFR: 19.70 RPM: 0 VSS: 0 FuelP: 1.50 OilP: 0.30
Data Verified. Payload Length: 123
MAP: 100 IAT: 47.00 CLT: 77 Volt: 12.80 AFR: 19.70 RPM: 0 VSS: 0 FuelP: 1.50 OilP: 0.30
Data Verified. Payload Length: 123
MAP: 100 IAT: 47.00 CLT: 77 Volt: 12.80 AFR: 19.70 RPM: 0 VSS: 0 FuelP: 1.50 OilP: 0.30
Data Verified. Payload Length: 123
MAP: 100 IAT: 47.00 CLT: 77 Volt: 12.80 AFR: 19.70 RPM: 0 VSS: 0 FuelP: 1.50 OilP: 0.30
Data Verified. Payload Length: 123
MAP: 100 IAT: 47.00 CLT: 77 Volt: 12.80 AFR: 19.70 RPM: 0 VSS: 0 FuelP: 1.50 OilP: 0.30
Data Verified. Payload Length: 123
MAP: 99 IAT: 47.00 CLT: 77 Volt: 12.80 AFR: 19.70 RPM: 0 VSS: 0 FuelP: 1.50 OilP: 0.30
Data Verified. Payload Length: 123
MAP: 98 IAT: 47.00 CLT: 77 Volt: 12.80 AFR: 19.70 RPM: 0 VSS: 0 FuelP: 1.50 OilP: 0.30
Data Verified. Payload Length: 123
MAP: 96 IAT: 47.00 CLT: 77 Volt: 12.80 AFR: 19.70 RPM: 0 VSS: 0 FuelP: 1.50 OilP: 0.30
Data Verified. Payload Length: 123
MAP: 96 IAT: 47.00 CLT: 77 Volt: 11.20 AFR: 19.70 RPM: 0 VSS: 0 FuelP: 1.50 OilP: 0.30
Data Verified. Payload Length: 123
MAP: 97 IAT: 47.00 CLT: 77 Volt: 11.20 AFR: 19.70 RPM: 0 VSS: 0 FuelP: 1.50 OilP: 0.30
Data Verified. Payload Length: 123
MAP: 96 IAT: 47.00 CLT: 77 Volt: 11.20 AFR: 19.70 RPM: 0 VSS: 0 FuelP: 1.50 OilP: 0.30
Data Verified. Payload Length: 123
MAP: 92 IAT: 47.00 CLT: 77 Volt: 11.20 AFR: 19.70 RPM: 0 VSS: 0 FuelP: 1.50 OilP: 0.30
Data Verified. Payload Length: 123
MAP: 90 IAT: 47.00 CLT: 77 Volt: 11.20 AFR: 19.70 RPM: 0 VSS: 0 FuelP: 1.50 OilP: 0.30
Data Verified. Payload Length: 123
MAP: 91 IAT: 47.00 CLT: 76 Volt: 10.70 AFR: 19.70 RPM: 0 VSS: 0 FuelP: 1.50 OilP: 0.30
Data Verified. Payload Length: 123
MAP: 93 IAT: 47.00 CLT: 76 Volt: 10.70 AFR: 19.70 RPM: 0 VSS: 0 FuelP: 1.50 OilP: 0.30
Data Verified. Payload Length: 123
MAP: 88 IAT: 47.00 CLT: 76 Volt: 10.70 AFR: 19.70 RPM: 0 VSS: 0 FuelP: 1.50 OilP: 0.30
Data Verified. Payload Length: 123
MAP: 87 IAT: 47.00 CLT: 76 Volt: 10.70 AFR: 19.70 RPM: 0 VSS: 0 FuelP: 1.50 OilP: 0.30
Data Verified. Payload Length: 123
MAP: 91 IAT: 47.00 CLT: 76 Volt: 10.70 AFR: 19.70 RPM: 0 VSS: 0 FuelP: 1.50 OilP: 0.30
Data Verified. Payload Length: 123
MAP: 86 IAT: 47.00 CLT: 76 Volt: 10.70 AFR: 19.70 RPM: 0 VSS: 0 FuelP: 1.50 OilP: 0.30
Data Verified. Payload Length: 123
MAP: 85 IAT: 47.00 CLT: 76 Volt: 10.70 AFR: 19.70 RPM: 0 VSS: 0 FuelP: 1.50 OilP: 0.30
Data Verified. Payload Length: 123
MAP: 89 IAT: 47.00 CLT: 76 Volt: 10.70 AFR: 19.70 RPM: 0 VSS: 0 FuelP: 1.50 OilP: 0.30
Data Verified. Payload Length: 123
MAP: 85 IAT: 47.00 CLT: 76 Volt: 10.70 AFR: 19.70 RPM: 0 VSS: 0 FuelP: 1.50 OilP: 0.30
Data Verified. Payload Length: 123
MAP: 83 IAT: 47.00 CLT: 76 Volt: 10.70 AFR: 19.70 RPM: 0 VSS: 0 FuelP: 1.50 OilP: 0.30
Data Verified. Payload Length: 123
MAP: 87 IAT: 47.00 CLT: 76 Volt: 10.70 AFR: 19.70 RPM: 315 VSS: 0 FuelP: 1.50 OilP: 0.30
Data Verified. Payload Length: 123
MAP: 82 IAT: 47.00 CLT: 76 Volt: 10.70 AFR: 19.70 RPM: 246 VSS: 0 FuelP: 1.50 OilP: 0.30
Data Verified. Payload Length: 123
MAP: 83 IAT: 47.00 CLT: 76 Volt: 10.70 AFR: 19.70 RPM: 189 VSS: 0 FuelP: 1.50 OilP: 0.30
Data Verified. Payload Length: 123
MAP: 87 IAT: 47.00 CLT: 76 Volt: 10.70 AFR: 19.70 RPM: 277 VSS: 0 FuelP: 1.50 OilP: 0.30
Data Verified. Payload Length: 123
MAP: 83 IAT: 47.00 CLT: 76 Volt: 10.70 AFR: 19.70 RPM: 339 VSS: 0 FuelP: 1.50 OilP: 0.30
Data Verified. Payload Length: 123
MAP: 83 IAT: 47.00 CLT: 76 Volt: 10.80 AFR: 19.70 RPM: 382 VSS: 0 FuelP: 2.20 OilP: 0.30
Data Verified. Payload Length: 123
MAP: 83 IAT: 47.00 CLT: 76 Volt: 10.80 AFR: 19.70 RPM: 464 VSS: 0 FuelP: 2.20 OilP: 0.30
Data Verified. Payload Length: 123
MAP: 83 IAT: 47.00 CLT: 76 Volt: 10.80 AFR: 19.70 RPM: 659 VSS: 0 FuelP: 2.20 OilP: 0.30
Data Verified. Payload Length: 123
MAP: 83 IAT: 47.00 CLT: 76 Volt: 10.80 AFR: 19.70 RPM: 690 VSS: 0 FuelP: 2.20 OilP: 0.30
Data Verified. Payload Length: 123
MAP: 83 IAT: 47.00 CLT: 77 Volt: 11.00 AFR: 19.70 RPM: 690 VSS: 0 FuelP: 2.50 OilP: 0.30
Data Verified. Payload Length: 123
MAP: 72 IAT: 47.00 CLT: 77 Volt: 11.00 AFR: 19.70 RPM: 891 VSS: 0 FuelP: 2.50 OilP: 0.30
Data Verified. Payload Length: 123
MAP: 72 IAT: 47.00 CLT: 77 Volt: 11.00 AFR: 19.70 RPM: 1008 VSS: 0 FuelP: 2.50 OilP: 0.30
Data Verified. Payload Length: 123
MAP: 57 IAT: 47.00 CLT: 77 Volt: 11.00 AFR: 19.70 RPM: 1098 VSS: 0 FuelP: 2.50 OilP: 0.30
Data Verified. Payload Length: 123
MAP: 57 IAT: 47.00 CLT: 77 Volt: 11.00 AFR: 18.20 RPM: 1147 VSS: 0 FuelP: 2.50 OilP: 0.30
Data Verified. Payload Length: 123
MAP: 48 IAT: 47.00 CLT: 77 Volt: 11.70 AFR: 17.50 RPM: 1202 VSS: 0 FuelP: 2.50 OilP: 0.30
Data Verified. Payload Length: 123
MAP: 48 IAT: 47.00 CLT: 77 Volt: 11.70 AFR: 15.70 RPM: 1254 VSS: 0 FuelP: 2.50 OilP: 0.30
Data Verified. Payload Length: 123
MAP: 42 IAT: 47.00 CLT: 77 Volt: 11.70 AFR: 13.30 RPM: 1319 VSS: 0 FuelP: 2.50 OilP: 0.30
Data Verified. Payload Length: 123
MAP: 38 IAT: 47.00 CLT: 77 Volt: 11.70 AFR: 12.60 RPM: 1335 VSS: 0 FuelP: 2.50 OilP: 0.30
Data Verified. Payload Length: 123
MAP: 38 IAT: 47.00 CLT: 77 Volt: 12.90 AFR: 11.70 RPM: 1339 VSS: 0 FuelP: 2.50 OilP: 0.30
Data Verified. Payload Length: 123
MAP: 35 IAT: 47.00 CLT: 77 Volt: 12.90 AFR: 11.40 RPM: 1336 VSS: 0 FuelP: 2.50 OilP: 0.30
Data Verified. Payload Length: 123
MAP: 33 IAT: 47.00 CLT: 77 Volt: 12.90 AFR: 11.00 RPM: 1325 VSS: 0 FuelP: 2.50 OilP: 0.30
Data Verified. Payload Length: 123
MAP: 33 IAT: 47.00 CLT: 77 Volt: 12.90 AFR: 10.90 RPM: 1313 VSS: 0 FuelP: 2.50 OilP: 0.30
Data Verified. Payload Length: 123
MAP: 32 IAT: 47.00 CLT: 77 Volt: 12.90 AFR: 10.70 RPM: 1302 VSS: 0 FuelP: 2.50 OilP: 0.30
Data Verified. Payload Length: 123
MAP: 32 IAT: 47.00 CLT: 77 Volt: 13.70 AFR: 10.60 RPM: 1291 VSS: 0 FuelP: 2.50 OilP: 0.50
Data Verified. Payload Length: 123
MAP: 32 IAT: 47.00 CLT: 77 Volt: 13.70 AFR: 10.60 RPM: 1264 VSS: 0 FuelP: 2.50 OilP: 0.50
Data Verified. Payload Length: 123
MAP: 32 IAT: 47.00 CLT: 77 Volt: 13.70 AFR: 10.60 RPM: 1253 VSS: 0 FuelP: 2.50 OilP: 0.50
Data Verified. Payload Length: 123
MAP: 32 IAT: 47.00 CLT: 77 Volt: 13.70 AFR: 10.60 RPM: 1232 VSS: 0 FuelP: 2.50 OilP: 0.50
Data Verified. Payload Length: 123
MAP: 32 IAT: 46.00 CLT: 78 Volt: 14.20 AFR: 10.60 RPM: 1208 VSS: 0 FuelP: 2.50 OilP: 1.10
Data Verified. Payload Length: 123
MAP: 32 IAT: 46.00 CLT: 78 Volt: 14.20 AFR: 10.70 RPM: 1193 VSS: 0 FuelP: 2.50 OilP: 1.10
Data Verified. Payload Length: 123
MAP: 32 IAT: 46.00 CLT: 78 Volt: 14.20 AFR: 10.90 RPM: 1169 VSS: 0 FuelP: 2.50 OilP: 1.10
Data Verified. Payload Length: 123
MAP: 32 IAT: 46.00 CLT: 78 Volt: 14.20 AFR: 11.30 RPM: 1148 VSS: 0 FuelP: 2.50 OilP: 1.10
Data Verified. Payload Length: 123
MAP: 33 IAT: 46.00 CLT: 78 Volt: 14.20 AFR: 11.70 RPM: 1104 VSS: 0 FuelP: 2.50 OilP: 1.10
Data Verified. Payload Length: 123
MAP: 33 IAT: 46.00 CLT: 78 Volt: 14.40 AFR: 12.10 RPM: 1077 VSS: 0 FuelP: 2.50 OilP: 2.00
Data Verified. Payload Length: 123
MAP: 33 IAT: 46.00 CLT: 78 Volt: 14.40 AFR: 12.40 RPM: 1056 VSS: 0 FuelP: 2.50 OilP: 2.00
Data Verified. Payload Length: 123
MAP: 35 IAT: 46.00 CLT: 78 Volt: 14.40 AFR: 12.70 RPM: 1035 VSS: 0 FuelP: 2.50 OilP: 2.00
Data Verified. Payload Length: 123
MAP: 35 IAT: 46.00 CLT: 78 Volt: 14.40 AFR: 12.90 RPM: 1004 VSS: 0 FuelP: 2.50 OilP: 2.00
Data Verified. Payload Length: 123
MAP: 36 IAT: 46.00 CLT: 78 Volt: 14.50 AFR: 13.20 RPM: 974 VSS: 0 FuelP: 2.50 OilP: 2.80
Data Verified. Payload Length: 123
MAP: 36 IAT: 46.00 CLT: 78 Volt: 14.50 AFR: 13.60 RPM: 953 VSS: 0 FuelP: 2.50 OilP: 2.80
Data Verified. Payload Length: 123
MAP: 36 IAT: 46.00 CLT: 78 Volt: 14.50 AFR: 13.90 RPM: 953 VSS: 0 FuelP: 2.50 OilP: 2.80
Data Verified. Payload Length: 123
MAP: 38 IAT: 46.00 CLT: 78 Volt: 14.50 AFR: 14.20 RPM: 916 VSS: 0 FuelP: 2.50 OilP: 2.80
Data Verified. Payload Length: 123
MAP: 38 IAT: 46.00 CLT: 78 Volt: 14.50 AFR: 14.30 RPM: 886 VSS: 0 FuelP: 2.50 OilP: 3.10
Data Verified. Payload Length: 123
MAP: 40 IAT: 46.00 CLT: 78 Volt: 14.50 AFR: 15.90 RPM: 840 VSS: 0 FuelP: 2.50 OilP: 3.10
Data Verified. Payload Length: 123
MAP: 40 IAT: 46.00 CLT: 78 Volt: 14.50 AFR: 16.50 RPM: 840 VSS: 0 FuelP: 2.50 OilP: 3.10
Data Verified. Payload Length: 123
MAP: 40 IAT: 46.00 CLT: 78 Volt: 14.50 AFR: 16.00 RPM: 825 VSS: 0 FuelP: 2.50 OilP: 3.10
Data Verified. Payload Length: 123
MAP: 42 IAT: 46.00 CLT: 78 Volt: 14.50 AFR: 15.70 RPM: 802 VSS: 0 FuelP: 2.50 OilP: 3.10
Data Verified. Payload Length: 123
MAP: 42 IAT: 45.00 CLT: 78 Volt: 14.60 AFR: 15.80 RPM: 801 VSS: 0 FuelP: 2.50 OilP: 3.20
Data Verified. Payload Length: 123
MAP: 42 IAT: 45.00 CLT: 78 Volt: 14.60 AFR: 15.80 RPM: 801 VSS: 0 FuelP: 2.50 OilP: 3.20
Data Verified. Payload Length: 123
MAP: 44 IAT: 45.00 CLT: 78 Volt: 14.60 AFR: 15.80 RPM: 786 VSS: 0 FuelP: 2.50 OilP: 3.20
Data Verified. Payload Length: 123
MAP: 44 IAT: 45.00 CLT: 78 Volt: 14.60 AFR: 15.80 RPM: 800 VSS: 0 FuelP: 2.50 OilP: 3.20
Data Verified. Payload Length: 123
MAP: 44 IAT: 45.00 CLT: 78 Volt: 14.60 AFR: 15.90 RPM: 800 VSS: 0 FuelP: 2.50 OilP: 3.20
Data Verified. Payload Length: 123
MAP: 45 IAT: 45.00 CLT: 78 Volt: 14.60 AFR: 16.30 RPM: 803 VSS: 0 FuelP: 2.60 OilP: 3.20
Data Verified. Payload Length: 123
MAP: 45 IAT: 45.00 CLT: 78 Volt: 14.60 AFR: 16.40 RPM: 815 VSS: 0 FuelP: 2.60 OilP: 3.20
Data Verified. Payload Length: 123
MAP: 46 IAT: 45.00 CLT: 78 Volt: 14.60 AFR: 16.40 RPM: 827 VSS: 0 FuelP: 2.60 OilP: 3.20
Data Verified. Payload Length: 123
MAP: 46 IAT: 45.00 CLT: 78 Volt: 14.60 AFR: 16.70 RPM: 827 VSS: 0 FuelP: 2.60 OilP: 3.20
Data Verified. Payload Length: 123
MAP: 46 IAT: 45.00 CLT: 78 Volt: 14.60 AFR: 16.80 RPM: 851 VSS: 0 FuelP: 2.60 OilP: 3.20
Data Verified. Payload Length: 123
MAP: 45 IAT: 45.00 CLT: 78 Volt: 14.60 AFR: 16.90 RPM: 869 VSS: 0 FuelP: 2.60 OilP: 3.30
Data Verified. Payload Length: 123
MAP: 45 IAT: 45.00 CLT: 78 Volt: 14.60 AFR: 16.90 RPM: 897 VSS: 0 FuelP: 2.60 OilP: 3.30
Data Verified. Payload Length: 123
MAP: 44 IAT: 45.00 CLT: 78 Volt: 14.60 AFR: 17.20 RPM: 921 VSS: 0 FuelP: 2.60 OilP: 3.30
Data Verified. Payload Length: 123
MAP: 44 IAT: 45.00 CLT: 78 Volt: 14.60 AFR: 17.20 RPM: 921 VSS: 0 FuelP: 2.60 OilP: 3.30
Data Verified. Payload Length: 123
MAP: 44 IAT: 45.00 CLT: 78 Volt: 14.60 AFR: 17.30 RPM: 952 VSS: 0 FuelP: 2.60 OilP: 3.30
Data Verified. Payload Length: 123
MAP: 42 IAT: 44.00 CLT: 78 Volt: 14.70 AFR: 17.30 RPM: 980 VSS: 0 FuelP: 2.60 OilP: 3.60
Data Verified. Payload Length: 123
MAP: 42 IAT: 44.00 CLT: 78 Volt: 14.70 AFR: 17.30 RPM: 1010 VSS: 0 FuelP: 2.60 OilP: 3.60
Data Verified. Payload Length: 123
MAP: 41 IAT: 44.00 CLT: 78 Volt: 14.70 AFR: 17.30 RPM: 1030 VSS: 0 FuelP: 2.60 OilP: 3.60
Data Verified. Payload Length: 123
MAP: 41 IAT: 44.00 CLT: 78 Volt: 14.70 AFR: 17.30 RPM: 1042 VSS: 0 FuelP: 2.60 OilP: 3.60
Data Verified. Payload Length: 123
MAP: 40 IAT: 44.00 CLT: 78 Volt: 14.70 AFR: 17.20 RPM: 1052 VSS: 0 FuelP: 2.60 OilP: 3.90
Data Verified. Payload Length: 123
MAP: 40 IAT: 44.00 CLT: 78 Volt: 14.70 AFR: 16.90 RPM: 1066 VSS: 0 FuelP: 2.60 OilP: 3.90
Data Verified. Payload Length: 123
MAP: 39 IAT: 44.00 CLT: 78 Volt: 14.70 AFR: 16.60 RPM: 1073 VSS: 0 FuelP: 2.60 OilP: 3.90
Data Verified. Payload Length: 123
MAP: 39 IAT: 44.00 CLT: 78 Volt: 14.70 AFR: 16.60 RPM: 1080 VSS: 0 FuelP: 2.60 OilP: 3.90
Data Verified. Payload Length: 123
MAP: 38 IAT: 44.00 CLT: 78 Volt: 14.70 AFR: 16.50 RPM: 1088 VSS: 0 FuelP: 2.60 OilP: 3.90
Data Verified. Payload Length: 123
MAP: 38 IAT: 43.00 CLT: 78 Volt: 14.60 AFR: 15.80 RPM: 1090 VSS: 0 FuelP: 2.60 OilP: 4.20
Data Verified. Payload Length: 123
MAP: 37 IAT: 43.00 CLT: 78 Volt: 14.60 AFR: 15.40 RPM: 1088 VSS: 0 FuelP: 2.60 OilP: 4.20
Data Verified. Payload Length: 123
MAP: 37 IAT: 43.00 CLT: 78 Volt: 14.60 AFR: 15.30 RPM: 1091 VSS: 0 FuelP: 2.60 OilP: 4.20
Data Verified. Payload Length: 123
MAP: 36 IAT: 43.00 CLT: 78 Volt: 14.60 AFR: 15.30 RPM: 1095 VSS: 0 FuelP: 2.60 OilP: 4.20
Data Verified. Payload Length: 123
MAP: 36 IAT: 43.00 CLT: 78 Volt: 14.70 AFR: 15.20 RPM: 1094 VSS: 0 FuelP: 2.60 OilP: 4.40
Data Verified. Payload Length: 123
MAP: 36 IAT: 43.00 CLT: 78 Volt: 14.70 AFR: 14.90 RPM: 1090 VSS: 0 FuelP: 2.60 OilP: 4.40
Data Verified. Payload Length: 123
MAP: 36 IAT: 43.00 CLT: 78 Volt: 14.70 AFR: 14.80 RPM: 1087 VSS: 0 FuelP: 2.60 OilP: 4.40
Data Verified. Payload Length: 123
MAP: 36 IAT: 43.00 CLT: 78 Volt: 14.70 AFR: 14.70 RPM: 1076 VSS: 0 FuelP: 2.60 OilP: 4.40
Data Verified. Payload Length: 123
MAP: 36 IAT: 43.00 CLT: 78 Volt: 14.70 AFR: 14.70 RPM: 1072 VSS: 0 FuelP: 2.60 OilP: 4.40
Data Verified. Payload Length: 123
MAP: 36 IAT: 43.00 CLT: 78 Volt: 14.80 AFR: 14.70 RPM: 1066 VSS: 0 FuelP: 2.60 OilP: 4.50
Data Verified. Payload Length: 123
MAP: 36 IAT: 43.00 CLT: 78 Volt: 14.80 AFR: 14.70 RPM: 1055 VSS: 0 FuelP: 2.60 OilP: 4.50
Data Verified. Payload Length: 123
MAP: 37 IAT: 43.00 CLT: 78 Volt: 14.80 AFR: 14.70 RPM: 1040 VSS: 0 FuelP: 2.60 OilP: 4.50
Data Verified. Payload Length: 123
MAP: 37 IAT: 43.00 CLT: 78 Volt: 14.80 AFR: 14.70 RPM: 1037 VSS: 0 FuelP: 2.60 OilP: 4.50
Data Verified. Payload Length: 123
MAP: 37 IAT: 43.00 CLT: 78 Volt: 14.80 AFR: 14.90 RPM: 1022 VSS: 0 FuelP: 2.60 OilP: 4.50
Data Verified. Payload Length: 123
MAP: 37 IAT: 42.00 CLT: 78 Volt: 14.80 AFR: 14.90 RPM: 1008 VSS: 0 FuelP: 2.60 OilP: 4.50
Data Verified. Payload Length: 123
MAP: 38 IAT: 42.00 CLT: 78 Volt: 14.80 AFR: 14.90 RPM: 996 VSS: 0 FuelP: 2.60 OilP: 4.50
Data Verified. Payload Length: 123
MAP: 38 IAT: 42.00 CLT: 78 Volt: 14.80 AFR: 14.90 RPM: 981 VSS: 0 FuelP: 2.60 OilP: 4.50
Data Verified. Payload Length: 123
MAP: 38 IAT: 42.00 CLT: 78 Volt: 14.80 AFR: 14.90 RPM: 973 VSS: 0 FuelP: 2.60 OilP: 4.50
Data Verified. Payload Length: 123
MAP: 38 IAT: 42.00 CLT: 78 Volt: 14.80 AFR: 15.00 RPM: 973 VSS: 0 FuelP: 2.60 OilP: 4.40
Data Verified. Payload Length: 123
MAP: 38 IAT: 42.00 CLT: 78 Volt: 14.80 AFR: 15.10 RPM: 974 VSS: 0 FuelP: 2.60 OilP: 4.40
Data Verified. Payload Length: 123
MAP: 39 IAT: 42.00 CLT: 78 Volt: 14.80 AFR: 15.10 RPM: 970 VSS: 0 FuelP: 2.60 OilP: 4.40
Data Verified. Payload Length: 123
MAP: 39 IAT: 42.00 CLT: 78 Volt: 14.80 AFR: 15.20 RPM: 971 VSS: 0 FuelP: 2.60 OilP: 4.40
Data Verified. Payload Length: 123
MAP: 39 IAT: 42.00 CLT: 78 Volt: 14.80 AFR: 15.20 RPM: 964 VSS: 0 FuelP: 2.60 OilP: 4.40
Data Verified. Payload Length: 123
MAP: 39 IAT: 42.00 CLT: 78 Volt: 14.80 AFR: 15.30 RPM: 964 VSS: 0 FuelP: 2.60 OilP: 4.30
Data Verified. Payload Length: 123
MAP: 39 IAT: 42.00 CLT: 78 Volt: 14.80 AFR: 15.30 RPM: 961 VSS: 0 FuelP: 2.60 OilP: 4.30
Data Verified. Payload Length: 123
MAP: 39 IAT: 42.00 CLT: 78 Volt: 14.80 AFR: 15.30 RPM: 961 VSS: 0 FuelP: 2.60 OilP: 4.30
Data Verified. Payload Length: 123
MAP: 39 IAT: 42.00 CLT: 78 Volt: 14.80 AFR: 15.40 RPM: 963 VSS: 0 FuelP: 2.60 OilP: 4.30
Data Verified. Payload Length: 123
MAP: 40 IAT: 41.00 CLT: 78 Volt: 14.80 AFR: 15.30 RPM: 969 VSS: 0 FuelP: 2.60 OilP: 4.30
Data Verified. Payload Length: 123
MAP: 40 IAT: 41.00 CLT: 78 Volt: 14.80 AFR: 15.40 RPM: 981 VSS: 0 FuelP: 2.60 OilP: 4.30
Data Verified. Payload Length: 123
MAP: 40 IAT: 41.00 CLT: 78 Volt: 14.80 AFR: 15.40 RPM: 985 VSS: 0 FuelP: 2.60 OilP: 4.30
Data Verified. Payload Length: 123
MAP: 40 IAT: 41.00 CLT: 78 Volt: 14.80 AFR: 15.50 RPM: 999 VSS: 0 FuelP: 2.60 OilP: 4.30
Data Verified. Payload Length: 123
MAP: 39 IAT: 41.00 CLT: 78 Volt: 14.80 AFR: 15.60 RPM: 1017 VSS: 0 FuelP: 2.60 OilP: 4.30
Data Verified. Payload Length: 123
MAP: 39 IAT: 41.00 CLT: 78 Volt: 14.80 AFR: 15.80 RPM: 1029 VSS: 0 FuelP: 2.60 OilP: 4.30
Data Verified. Payload Length: 123
MAP: 39 IAT: 41.00 CLT: 78 Volt: 14.80 AFR: 15.90 RPM: 1028 VSS: 0 FuelP: 2.60 OilP: 4.30
Data Verified. Payload Length: 123
MAP: 39 IAT: 41.00 CLT: 78 Volt: 14.80 AFR: 16.00 RPM: 1035 VSS: 0 FuelP: 2.60 OilP: 4.30
Data Verified. Payload Length: 123
MAP: 38 IAT: 41.00 CLT: 78 Volt: 14.80 AFR: 15.90 RPM: 1035 VSS: 0 FuelP: 2.60 OilP: 4.30
Data Verified. Payload Length: 123
MAP: 38 IAT: 41.00 CLT: 78 Volt: 14.80 AFR: 15.80 RPM: 1036 VSS: 0 FuelP: 2.60 OilP: 4.30
Data Verified. Payload Length: 123
MAP: 38 IAT: 41.00 CLT: 78 Volt: 14.80 AFR: 15.80 RPM: 1036 VSS: 0 FuelP: 2.60 OilP: 4.30
Data Verified. Payload Length: 123
MAP: 38 IAT: 41.00 CLT: 78 Volt: 14.80 AFR: 15.80 RPM: 1037 VSS: 0 FuelP: 2.60 OilP: 4.30
Data Verified. Payload Length: 123
MAP: 38 IAT: 41.00 CLT: 78 Volt: 14.80 AFR: 15.80 RPM: 1037 VSS: 0 FuelP: 2.60 OilP: 4.30
Data Verified. Payload Length: 123
MAP: 38 IAT: 41.00 CLT: 78 Volt: 14.80 AFR: 15.80 RPM: 1041 VSS: 0 FuelP: 2.60 OilP: 4.30
Data Verified. Payload Length: 123
MAP: 38 IAT: 41.00 CLT: 78 Volt: 14.90 AFR: 15.80 RPM: 1041 VSS: 0 FuelP: 2.60 OilP: 4.40
Data Verified. Payload Length: 123
MAP: 38 IAT: 41.00 CLT: 78 Volt: 14.90 AFR: 15.60 RPM: 1033 VSS: 0 FuelP: 2.60 OilP: 4.40
Data Verified. Payload Length: 123
MAP: 38 IAT: 41.00 CLT: 78 Volt: 14.90 AFR: 15.60 RPM: 1031 VSS: 0 FuelP: 2.60 OilP: 4.40
Data Verified. Payload Length: 123
MAP: 38 IAT: 41.00 CLT: 78 Volt: 14.90 AFR: 15.60 RPM: 1031 VSS: 0 FuelP: 2.60 OilP: 4.40
Data Verified. Payload Length: 123
MAP: 38 IAT: 41.00 CLT: 78 Volt: 14.90 AFR: 15.60 RPM: 1033 VSS: 0 FuelP: 2.60 OilP: 4.40
Data Verified. Payload Length: 123
MAP: 38 IAT: 40.00 CLT: 78 Volt: 14.70 AFR: 15.60 RPM: 1032 VSS: 0 FuelP: 2.60 OilP: 4.40
Data Verified. Payload Length: 123
MAP: 38 IAT: 40.00 CLT: 78 Volt: 14.70 AFR: 15.60 RPM: 1031 VSS: 0 FuelP: 2.60 OilP: 4.40
Data Verified. Payload Length: 123
MAP: 38 IAT: 40.00 CLT: 78 Volt: 14.70 AFR: 15.60 RPM: 1033 VSS: 0 FuelP: 2.60 OilP: 4.40
Data Verified. Payload Length: 123
MAP: 38 IAT: 40.00 CLT: 78 Volt: 14.70 AFR: 15.60 RPM: 1041 VSS: 0 FuelP: 2.60 OilP: 4.40
Data Verified. Payload Length: 123
MAP: 38 IAT: 40.00 CLT: 78 Volt: 14.80 AFR: 15.60 RPM: 1047 VSS: 0 FuelP: 2.60 OilP: 4.40
Data Verified. Payload Length: 123
MAP: 38 IAT: 40.00 CLT: 78 Volt: 14.80 AFR: 15.60 RPM: 1050 VSS: 0 FuelP: 2.60 OilP: 4.40
Data Verified. Payload Length: 123
MAP: 38 IAT: 40.00 CLT: 78 Volt: 14.80 AFR: 15.60 RPM: 1052 VSS: 0 FuelP: 2.60 OilP: 4.40
Data Verified. Payload Length: 123
MAP: 38 IAT: 40.00 CLT: 78 Volt: 14.80 AFR: 15.60 RPM: 1061 VSS: 0 FuelP: 2.60 OilP: 4.40
Data Verified. Payload Length: 123
MAP: 37 IAT: 40.00 CLT: 78 Volt: 14.80 AFR: 15.60 RPM: 1065 VSS: 0 FuelP: 2.60 OilP: 4.40
Data Verified. Payload Length: 123
MAP: 37 IAT: 40.00 CLT: 78 Volt: 14.80 AFR: 15.60 RPM: 1069 VSS: 0 FuelP: 2.60 OilP: 4.50
Data Verified. Payload Length: 123
MAP: 37 IAT: 40.00 CLT: 78 Volt: 14.80 AFR: 15.60 RPM: 1069 VSS: 0 FuelP: 2.60 OilP: 4.50
Data Verified. Payload Length: 123
MAP: 37 IAT: 40.00 CLT: 78 Volt: 14.80 AFR: 15.60 RPM: 1068 VSS: 0 FuelP: 2.60 OilP: 4.50
Data Verified. Payload Length: 123
MAP: 37 IAT: 40.00 CLT: 78 Volt: 14.80 AFR: 15.60 RPM: 1063 VSS: 0 FuelP: 2.60 OilP: 4.50
Data Verified. Payload Length: 123
MAP: 37 IAT: 40.00 CLT: 78 Volt: 14.80 AFR: 15.60 RPM: 1061 VSS: 0 FuelP: 2.60 OilP: 4.50
Data Verified. Payload Length: 123
MAP: 37 IAT: 40.00 CLT: 78 Volt: 14.80 AFR: 15.60 RPM: 1061 VSS: 0 FuelP: 2.60 OilP: 4.50
Data Verified. Payload Length: 123
MAP: 37 IAT: 40.00 CLT: 78 Volt: 14.80 AFR: 15.50 RPM: 1061 VSS: 0 FuelP: 2.60 OilP: 4.50
Data Verified. Payload Length: 123
MAP: 37 IAT: 40.00 CLT: 78 Volt: 14.80 AFR: 15.40 RPM: 1064 VSS: 0 FuelP: 2.60 OilP: 4.50
Data Verified. Payload Length: 123
MAP: 37 IAT: 40.00 CLT: 78 Volt: 14.80 AFR: 15.50 RPM: 1066 VSS: 0 FuelP: 2.60 OilP: 4.50
Data Verified. Payload Length: 123
MAP: 37 IAT: 39.00 CLT: 78 Volt: 14.70 AFR: 15.40 RPM: 1066 VSS: 0 FuelP: 2.60 OilP: 4.50
Data Verified. Payload Length: 123
MAP: 37 IAT: 39.00 CLT: 78 Volt: 14.70 AFR: 15.30 RPM: 1066 VSS: 0 FuelP: 2.60 OilP: 4.50
Data Verified. Payload Length: 123
MAP: 37 IAT: 39.00 CLT: 78 Volt: 14.70 AFR: 15.30 RPM: 1058 VSS: 0 FuelP: 2.60 OilP: 4.50
Data Verified. Payload Length: 123
MAP: 37 IAT: 39.00 CLT: 78 Volt: 14.70 AFR: 15.20 RPM: 1063 VSS: 0 FuelP: 2.60 OilP: 4.50
Data Verified. Payload Length: 123
MAP: 37 IAT: 39.00 CLT: 78 Volt: 14.70 AFR: 15.20 RPM: 1063 VSS: 0 FuelP: 2.60 OilP: 4.50
Data Verified. Payload Length: 123
MAP: 37 IAT: 39.00 CLT: 78 Volt: 14.70 AFR: 15.20 RPM: 1062 VSS: 0 FuelP: 2.60 OilP: 4.50
Data Verified. Payload Length: 123
MAP: 37 IAT: 39.00 CLT: 78 Volt: 14.70 AFR: 15.20 RPM: 1060 VSS: 0 FuelP: 2.60 OilP: 4.50
Data Verified. Payload Length: 123
MAP: 37 IAT: 39.00 CLT: 78 Volt: 14.70 AFR: 15.20 RPM: 1059 VSS: 0 FuelP: 2.60 OilP: 4.50
Data Verified. Payload Length: 123
MAP: 37 IAT: 39.00 CLT: 78 Volt: 14.70 AFR: 15.30 RPM: 1057 VSS: 0 FuelP: 2.60 OilP: 4.50
Data Verified. Payload Length: 123
MAP: 37 IAT: 39.00 CLT: 78 Volt: 14.70 AFR: 15.30 RPM: 1058 VSS: 0 FuelP: 2.60 OilP: 4.50
Data Verified. Payload Length: 123
MAP: 37 IAT: 39.00 CLT: 78 Volt: 14.70 AFR: 15.40 RPM: 1055 VSS: 0 FuelP: 2.60 OilP: 4.50
Data Verified. Payload Length: 123
MAP: 37 IAT: 39.00 CLT: 78 Volt: 14.70 AFR: 15.50 RPM: 1055 VSS: 0 FuelP: 2.60 OilP: 4.50
Data Verified. Payload Length: 123
MAP: 37 IAT: 39.00 CLT: 78 Volt: 14.70 AFR: 15.40 RPM: 1051 VSS: 0 FuelP: 2.60 OilP: 4.50
Data Verified. Payload Length: 123
MAP: 37 IAT: 39.00 CLT: 78 Volt: 14.70 AFR: 15.50 RPM: 1049 VSS: 0 FuelP: 2.60 OilP: 4.50
Data Verified. Payload Length: 123
MAP: 37 IAT: 39.00 CLT: 77 Volt: 14.80 AFR: 15.50 RPM: 1045 VSS: 0 FuelP: 2.60 OilP: 4.50
Data Verified. Payload Length: 123
MAP: 37 IAT: 39.00 CLT: 77 Volt: 14.80 AFR: 15.50 RPM: 1042 VSS: 0 FuelP: 2.60 OilP: 4.50
Data Verified. Payload Length: 123
MAP: 37 IAT: 39.00 CLT: 77 Volt: 14.80 AFR: 15.50 RPM: 1041 VSS: 0 FuelP: 2.60 OilP: 4.50
Data Verified. Payload Length: 123
MAP: 37 IAT: 39.00 CLT: 77 Volt: 14.80 AFR: 15.50 RPM: 1037 VSS: 0 FuelP: 2.60 OilP: 4.50
Data Verified. Payload Length: 123
MAP: 37 IAT: 39.00 CLT: 77 Volt: 14.80 AFR: 15.50 RPM: 1039 VSS: 0 FuelP: 2.60 OilP: 4.50
Data Verified. Payload Length: 123
MAP: 37 IAT: 39.00 CLT: 77 Volt: 14.80 AFR: 15.40 RPM: 1039 VSS: 0 FuelP: 2.60 OilP: 4.50
Data Verified. Payload Length: 123
MAP: 37 IAT: 39.00 CLT: 77 Volt: 14.80 AFR: 15.50 RPM: 1038 VSS: 0 FuelP: 2.60 OilP: 4.50
Data Verified. Payload Length: 123
MAP: 37 IAT: 39.00 CLT: 77 Volt: 14.80 AFR: 15.50 RPM: 1033 VSS: 0 FuelP: 2.60 OilP: 4.50
Data Verified. Payload Length: 123
MAP: 37 IAT: 39.00 CLT: 77 Volt: 14.80 AFR: 15.50 RPM: 1027 VSS: 0 FuelP: 2.60 OilP: 4.50
Data Verified. Payload Length: 123
MAP: 38 IAT: 38.00 CLT: 77 Volt: 14.80 AFR: 15.50 RPM: 1024 VSS: 0 FuelP: 2.60 OilP: 4.50
Data Verified. Payload Length: 123
MAP: 38 IAT: 38.00 CLT: 77 Volt: 14.80 AFR: 15.50 RPM: 1022 VSS: 0 FuelP: 2.60 OilP: 4.50
Data Verified. Payload Length: 123
MAP: 38 IAT: 38.00 CLT: 77 Volt: 14.80 AFR: 15.50 RPM: 1016 VSS: 0 FuelP: 2.60 OilP: 4.50
Data Verified. Payload Length: 123
MAP: 38 IAT: 38.00 CLT: 77 Volt: 14.80 AFR: 15.50 RPM: 1016 VSS: 0 FuelP: 2.60 OilP: 4.50
Data Verified. Payload Length: 123
MAP: 38 IAT: 38.00 CLT: 77 Volt: 14.80 AFR: 15.50 RPM: 1023 VSS: 0 FuelP: 2.60 OilP: 4.50
Data Verified. Payload Length: 123
MAP: 38 IAT: 38.00 CLT: 77 Volt: 14.80 AFR: 15.50 RPM: 1023 VSS: 0 FuelP: 2.60 OilP: 4.40
Data Verified. Payload Length: 123
MAP: 38 IAT: 38.00 CLT: 77 Volt: 14.80 AFR: 15.50 RPM: 1026 VSS: 0 FuelP: 2.60 OilP: 4.40
Data Verified. Payload Length: 123
MAP: 38 IAT: 38.00 CLT: 77 Volt: 14.80 AFR: 15.60 RPM: 1030 VSS: 0 FuelP: 2.60 OilP: 4.40
Data Verified. Payload Length: 123
MAP: 38 IAT: 38.00 CLT: 77 Volt: 14.80 AFR: 15.60 RPM: 1036 VSS: 0 FuelP: 2.60 OilP: 4.40
Data Verified. Payload Length: 123
MAP: 38 IAT: 38.00 CLT: 77 Volt: 14.80 AFR: 15.60 RPM: 1040 VSS: 0 FuelP: 2.60 OilP: 4.40
Data Verified. Payload Length: 123
MAP: 38 IAT: 38.00 CLT: 77 Volt: 14.80 AFR: 15.60 RPM: 1046 VSS: 0 FuelP: 2.60 OilP: 4.40
Data Verified. Payload Length: 123
MAP: 38 IAT: 38.00 CLT: 77 Volt: 14.80 AFR: 15.60 RPM: 1047 VSS: 0 FuelP: 2.60 OilP: 4.40
Data Verified. Payload Length: 123
MAP: 38 IAT: 38.00 CLT: 77 Volt: 14.80 AFR: 15.70 RPM: 1049 VSS: 0 FuelP: 2.60 OilP: 4.40
Data Verified. Payload Length: 123
MAP: 37 IAT: 38.00 CLT: 77 Volt: 14.80 AFR: 15.60 RPM: 1051 VSS: 0 FuelP: 2.60 OilP: 4.40
Data Verified. Payload Length: 123
MAP: 37 IAT: 38.00 CLT: 76 Volt: 14.80 AFR: 15.60 RPM: 1056 VSS: 0 FuelP: 2.60 OilP: 4.40
Data Verified. Payload Length: 123
MAP: 37 IAT: 38.00 CLT: 76 Volt: 14.80 AFR: 15.60 RPM: 1059 VSS: 0 FuelP: 2.60 OilP: 4.40
Data Verified. Payload Length: 123
MAP: 37 IAT: 38.00 CLT: 76 Volt: 14.80 AFR: 15.60 RPM: 1061 VSS: 0 FuelP: 2.60 OilP: 4.40
Data Verified. Payload Length: 123
MAP: 37 IAT: 38.00 CLT: 76 Volt: 14.80 AFR: 15.60 RPM: 1062 VSS: 0 FuelP: 2.60 OilP: 4.40
Data Verified. Payload Length: 123
MAP: 37 IAT: 38.00 CLT: 76 Volt: 14.80 AFR: 15.60 RPM: 1063 VSS: 0 FuelP: 2.60 OilP: 4.40
Data Verified. Payload Length: 123
MAP: 37 IAT: 38.00 CLT: 76 Volt: 14.80 AFR: 15.60 RPM: 1062 VSS: 0 FuelP: 2.60 OilP: 4.50
Data Verified. Payload Length: 123
MAP: 37 IAT: 38.00 CLT: 76 Volt: 14.80 AFR: 15.60 RPM: 1069 VSS: 0 FuelP: 2.60 OilP: 4.50
Data Verified. Payload Length: 123
MAP: 37 IAT: 38.00 CLT: 76 Volt: 14.80 AFR: 15.60 RPM: 1067 VSS: 0 FuelP: 2.60 OilP: 4.50
Data Verified. Payload Length: 123
MAP: 37 IAT: 38.00 CLT: 76 Volt: 14.80 AFR: 15.50 RPM: 1072 VSS: 0 FuelP: 2.60 OilP: 4.50
Data Verified. Payload Length: 123
MAP: 37 IAT: 38.00 CLT: 76 Volt: 14.80 AFR: 15.50 RPM: 1072 VSS: 0 FuelP: 2.60 OilP: 4.50
Data Verified. Payload Length: 123
MAP: 37 IAT: 37.00 CLT: 76 Volt: 14.90 AFR: 15.50 RPM: 1081 VSS: 0 FuelP: 2.60 OilP: 4.50
Data Verified. Payload Length: 123
MAP: 36 IAT: 37.00 CLT: 76 Volt: 14.90 AFR: 15.50 RPM: 1087 VSS: 0 FuelP: 2.60 OilP: 4.50
Data Verified. Payload Length: 123
MAP: 36 IAT: 37.00 CLT: 76 Volt: 14.90 AFR: 15.50 RPM: 1091 VSS: 0 FuelP: 2.60 OilP: 4.50
Data Verified. Payload Length: 123
MAP: 36 IAT: 37.00 CLT: 76 Volt: 14.90 AFR: 15.50 RPM: 1094 VSS: 0 FuelP: 2.60 OilP: 4.50
Data Verified. Payload Length: 123
MAP: 36 IAT: 37.00 CLT: 76 Volt: 14.90 AFR: 15.50 RPM: 1090 VSS: 0 FuelP: 2.60 OilP: 4.50
Data Verified. Payload Length: 123
MAP: 36 IAT: 37.00 CLT: 76 Volt: 14.90 AFR: 15.50 RPM: 1082 VSS: 0 FuelP: 2.60 OilP: 4.50
Data Verified. Payload Length: 123
MAP: 36 IAT: 37.00 CLT: 76 Volt: 14.90 AFR: 15.50 RPM: 1084 VSS: 0 FuelP: 2.60 OilP: 4.50
Data Verified. Payload Length: 123
MAP: 36 IAT: 37.00 CLT: 76 Volt: 14.90 AFR: 15.50 RPM: 1082 VSS: 0 FuelP: 2.60 OilP: 4.50
Data Verified. Payload Length: 123
MAP: 36 IAT: 37.00 CLT: 76 Volt: 14.90 AFR: 15.50 RPM: 1083 VSS: 0 FuelP: 2.60 OilP: 4.50
Data Verified. Payload Length: 123
MAP: 36 IAT: 37.00 CLT: 76 Volt: 14.80 AFR: 15.50 RPM: 1083 VSS: 0 FuelP: 2.60 OilP: 4.50
Data Verified. Payload Length: 123
MAP: 36 IAT: 37.00 CLT: 76 Volt: 14.80 AFR: 15.50 RPM: 1082 VSS: 0 FuelP: 2.60 OilP: 4.50
Data Verified. Payload Length: 123
MAP: 36 IAT: 37.00 CLT: 76 Volt: 14.80 AFR: 15.50 RPM: 1082 VSS: 0 FuelP: 2.60 OilP: 4.50
Data Verified. Payload Length: 123
MAP: 36 IAT: 37.00 CLT: 76 Volt: 14.80 AFR: 15.40 RPM: 1082 VSS: 0 FuelP: 2.60 OilP: 4.50
Data Verified. Payload Length: 123
MAP: 36 IAT: 37.00 CLT: 76 Volt: 14.80 AFR: 15.40 RPM: 1081 VSS: 0 FuelP: 2.60 OilP: 4.50
Data Verified. Payload Length: 123
MAP: 36 IAT: 37.00 CLT: 76 Volt: 14.80 AFR: 15.40 RPM: 1081 VSS: 0 FuelP: 2.60 OilP: 4.50
Data Verified. Payload Length: 123
MAP: 36 IAT: 37.00 CLT: 76 Volt: 14.80 AFR: 15.40 RPM: 1082 VSS: 0 FuelP: 2.60 OilP: 4.50
Data Verified. Payload Length: 123
MAP: 36 IAT: 37.00 CLT: 76 Volt: 14.80 AFR: 15.40 RPM: 1083 VSS: 0 FuelP: 2.60 OilP: 4.50
Data Verified. Payload Length: 123
MAP: 36 IAT: 37.00 CLT: 76 Volt: 14.80 AFR: 15.40 RPM: 1080 VSS: 0 FuelP: 2.60 OilP: 4.50
Data Verified. Payload Length: 123
MAP: 36 IAT: 37.00 CLT: 76 Volt: 14.80 AFR: 15.40 RPM: 1075 VSS: 0 FuelP: 2.60 OilP: 4.50
Data Verified. Payload Length: 123
MAP: 36 IAT: 37.00 CLT: 76 Volt: 14.80 AFR: 15.30 RPM: 1077 VSS: 0 FuelP: 2.60 OilP: 4.50
Data Verified. Payload Length: 123
MAP: 36 IAT: 37.00 CLT: 76 Volt: 14.80 AFR: 15.40 RPM: 1077 VSS: 0 FuelP: 2.60 OilP: 4.50
Data Verified. Payload Length: 123
MAP: 36 IAT: 37.00 CLT: 76 Volt: 14.80 AFR: 15.40 RPM: 1076 VSS: 0 FuelP: 2.60 OilP: 4.50
Data Verified. Payload Length: 123
MAP: 36 IAT: 37.00 CLT: 76 Volt: 14.80 AFR: 15.50 RPM: 1072 VSS: 0 FuelP: 2.60 OilP: 4.50
Data Verified. Payload Length: 123
MAP: 36 IAT: 37.00 CLT: 76 Volt: 14.80 AFR: 15.50 RPM: 1069 VSS: 0 FuelP: 2.60 OilP: 4.50
Data Verified. Payload Length: 123
MAP: 36 IAT: 37.00 CLT: 76 Volt: 14.80 AFR: 15.50 RPM: 1067 VSS: 0 FuelP: 2.60 OilP: 4.50
Data Verified. Payload Length: 123
MAP: 36 IAT: 37.00 CLT: 76 Volt: 14.80 AFR: 15.50 RPM: 1068 VSS: 0 FuelP: 2.60 OilP: 4.50
Data Verified. Payload Length: 123
MAP: 36 IAT: 37.00 CLT: 76 Volt: 14.80 AFR: 15.50 RPM: 1068 VSS: 0 FuelP: 2.60 OilP: 4.50
Data Verified. Payload Length: 123
MAP: 36 IAT: 37.00 CLT: 76 Volt: 14.80 AFR: 15.50 RPM: 1069 VSS: 0 FuelP: 2.60 OilP: 4.50
Data Verified. Payload Length: 123
MAP: 36 IAT: 37.00 CLT: 76 Volt: 14.90 AFR: 15.60 RPM: 1064 VSS: 0 FuelP: 2.60 OilP: 4.50
Data Verified. Payload Length: 123
MAP: 36 IAT: 37.00 CLT: 76 Volt: 14.90 AFR: 15.70 RPM: 1058 VSS: 0 FuelP: 2.60 OilP: 4.50
Data Verified. Payload Length: 123
MAP: 36 IAT: 37.00 CLT: 76 Volt: 14.90 AFR: 15.70 RPM: 1055 VSS: 0 FuelP: 2.60 OilP: 4.50
Data Verified. Payload Length: 123
MAP: 36 IAT: 37.00 CLT: 76 Volt: 14.90 AFR: 15.70 RPM: 1051 VSS: 0 FuelP: 2.60 OilP: 4.50
Data Verified. Payload Length: 123
MAP: 37 IAT: 37.00 CLT: 76 Volt: 14.90 AFR: 15.70 RPM: 1056 VSS: 0 FuelP: 2.60 OilP: 4.50
Data Verified. Payload Length: 123
MAP: 37 IAT: 37.00 CLT: 76 Volt: 14.90 AFR: 15.70 RPM: 1046 VSS: 0 FuelP: 2.60 OilP: 4.50
Data Verified. Payload Length: 123
MAP: 37 IAT: 37.00 CLT: 76 Volt: 14.90 AFR: 15.70 RPM: 1044 VSS: 0 FuelP: 2.60 OilP: 4.50
Data Verified. Payload Length: 123
MAP: 37 IAT: 37.00 CLT: 76 Volt: 14.90 AFR: 15.70 RPM: 1044 VSS: 0 FuelP: 2.60 OilP: 4.50
Data Verified. Payload Length: 123
MAP: 37 IAT: 37.00 CLT: 76 Volt: 14.90 AFR: 15.70 RPM: 1044 VSS: 0 FuelP: 2.60 OilP: 4.50
Data Verified. Payload Length: 123
MAP: 37 IAT: 37.00 CLT: 76 Volt: 14.90 AFR: 15.70 RPM: 1040 VSS: 0 FuelP: 2.60 OilP: 4.50
Data Verified. Payload Length: 123
MAP: 37 IAT: 37.00 CLT: 76 Volt: 14.90 AFR: 15.70 RPM: 1039 VSS: 0 FuelP: 2.60 OilP: 4.50
Data Verified. Payload Length: 123
MAP: 37 IAT: 37.00 CLT: 76 Volt: 14.90 AFR: 15.70 RPM: 1035 VSS: 0 FuelP: 2.60 OilP: 4.50
Data Verified. Payload Length: 123
MAP: 37 IAT: 37.00 CLT: 76 Volt: 14.90 AFR: 15.70 RPM: 1034 VSS: 0 FuelP: 2.60 OilP: 4.50
Data Verified. Payload Length: 123
MAP: 37 IAT: 37.00 CLT: 76 Volt: 14.90 AFR: 15.70 RPM: 1037 VSS: 0 FuelP: 2.60 OilP: 4.50
Data Verified. Payload Length: 123
MAP: 37 IAT: 37.00 CLT: 75 Volt: 14.90 AFR: 15.70 RPM: 1034 VSS: 0 FuelP: 2.60 OilP: 4.50
Data Verified. Payload Length: 123
MAP: 37 IAT: 37.00 CLT: 75 Volt: 14.90 AFR: 15.70 RPM: 1029 VSS: 0 FuelP: 2.60 OilP: 4.50
Data Verified. Payload Length: 123
MAP: 37 IAT: 37.00 CLT: 75 Volt: 14.90 AFR: 15.70 RPM: 1034 VSS: 0 FuelP: 2.60 OilP: 4.50
Data Verified. Payload Length: 123
MAP: 38 IAT: 37.00 CLT: 75 Volt: 14.90 AFR: 15.70 RPM: 1034 VSS: 0 FuelP: 2.60 OilP: 4.50
Data Verified. Payload Length: 123
MAP: 38 IAT: 37.00 CLT: 75 Volt: 14.90 AFR: 15.70 RPM: 1038 VSS: 0 FuelP: 2.60 OilP: 4.50
Data Verified. Payload Length: 123
MAP: 38 IAT: 37.00 CLT: 75 Volt: 14.90 AFR: 15.70 RPM: 1037 VSS: 0 FuelP: 2.60 OilP: 4.40
Data Verified. Payload Length: 123
MAP: 38 IAT: 37.00 CLT: 75 Volt: 14.90 AFR: 15.70 RPM: 1037 VSS: 0 FuelP: 2.60 OilP: 4.40
Data Verified. Payload Length: 123
MAP: 38 IAT: 37.00 CLT: 75 Volt: 14.90 AFR: 15.70 RPM: 1041 VSS: 0 FuelP: 2.60 OilP: 4.40
Data Verified. Payload Length: 123
MAP: 38 IAT: 37.00 CLT: 75 Volt: 14.90 AFR: 15.70 RPM: 1041 VSS: 0 FuelP: 2.60 OilP: 4.40
Data Verified. Payload Length: 123
MAP: 38 IAT: 37.00 CLT: 75 Volt: 14.90 AFR: 15.70 RPM: 1046 VSS: 0 FuelP: 2.60 OilP: 4.40
Data Verified. Payload Length: 123
MAP: 37 IAT: 37.00 CLT: 75 Volt: 14.90 AFR: 15.70 RPM: 1045 VSS: 0 FuelP: 2.60 OilP: 4.40
Data Verified. Payload Length: 123
MAP: 37 IAT: 37.00 CLT: 75 Volt: 14.90 AFR: 15.70 RPM: 1050 VSS: 0 FuelP: 2.60 OilP: 4.40
Data Verified. Payload Length: 123
MAP: 37 IAT: 37.00 CLT: 75 Volt: 14.90 AFR: 15.70 RPM: 1052 VSS: 0 FuelP: 2.60 OilP: 4.40
Data Verified. Payload Length: 123
MAP: 37 IAT: 37.00 CLT: 75 Volt: 14.90 AFR: 15.70 RPM: 1059 VSS: 0 FuelP: 2.60 OilP: 4.40
Data Verified. Payload Length: 123
MAP: 37 IAT: 37.00 CLT: 75 Volt: 14.90 AFR: 15.70 RPM: 1062 VSS: 0 FuelP: 2.60 OilP: 4.40
Data Verified. Payload Length: 123
MAP: 37 IAT: 37.00 CLT: 75 Volt: 14.90 AFR: 15.70 RPM: 1065 VSS: 0 FuelP: 2.60 OilP: 4.40
Data Verified. Payload Length: 123
MAP: 37 IAT: 37.00 CLT: 75 Volt: 14.90 AFR: 15.70 RPM: 1066 VSS: 0 FuelP: 2.60 OilP: 4.40
Data Verified. Payload Length: 123
MAP: 37 IAT: 37.00 CLT: 75 Volt: 14.90 AFR: 15.70 RPM: 1069 VSS: 0 FuelP: 2.60 OilP: 4.40
Data Verified. Payload Length: 123
MAP: 36 IAT: 37.00 CLT: 75 Volt: 14.90 AFR: 15.70 RPM: 1072 VSS: 0 FuelP: 2.60 OilP: 4.40
Data Verified. Payload Length: 123
MAP: 36 IAT: 37.00 CLT: 75 Volt: 14.90 AFR: 15.70 RPM: 1074 VSS: 0 FuelP: 2.60 OilP: 4.50
Data Verified. Payload Length: 123
MAP: 36 IAT: 37.00 CLT: 75 Volt: 14.90 AFR: 15.70 RPM: 1080 VSS: 0 FuelP: 2.60 OilP: 4.50
Data Verified. Payload Length: 123
MAP: 36 IAT: 37.00 CLT: 75 Volt: 14.90 AFR: 15.70 RPM: 1077 VSS: 0 FuelP: 2.60 OilP: 4.50
Data Verified. Payload Length: 123
MAP: 36 IAT: 37.00 CLT: 75 Volt: 14.90 AFR: 15.70 RPM: 1074 VSS: 0 FuelP: 2.60 OilP: 4.50
Data Verified. Payload Length: 123
MAP: 36 IAT: 37.00 CLT: 75 Volt: 14.90 AFR: 15.70 RPM: 1078 VSS: 0 FuelP: 2.60 OilP: 4.50
Data Verified. Payload Length: 123
MAP: 36 IAT: 37.00 CLT: 75 Volt: 14.90 AFR: 15.70 RPM: 1076 VSS: 0 FuelP: 2.60 OilP: 4.50
Data Verified. Payload Length: 123
MAP: 36 IAT: 37.00 CLT: 75 Volt: 14.90 AFR: 15.60 RPM: 1080 VSS: 0 FuelP: 2.60 OilP: 4.50
Data Verified. Payload Length: 123
MAP: 36 IAT: 37.00 CLT: 75 Volt: 14.90 AFR: 15.60 RPM: 1079 VSS: 0 FuelP: 2.60 OilP: 4.50
Data Verified. Payload Length: 123
MAP: 36 IAT: 37.00 CLT: 75 Volt: 14.90 AFR: 15.60 RPM: 1084 VSS: 0 FuelP: 2.60 OilP: 4.50
Data Verified. Payload Length: 123
MAP: 36 IAT: 37.00 CLT: 75 Volt: 14.90 AFR: 15.60 RPM: 1082 VSS: 0 FuelP: 2.60 OilP: 4.50
Data Verified. Payload Length: 123
MAP: 36 IAT: 37.00 CLT: 75 Volt: 14.90 AFR: 15.60 RPM: 1085 VSS: 0 FuelP: 2.60 OilP: 4.50
Data Verified. Payload Length: 123
MAP: 36 IAT: 37.00 CLT: 75 Volt: 14.90 AFR: 15.60 RPM: 1085 VSS: 0 FuelP: 2.60 OilP: 4.50
Data Verified. Payload Length: 123
MAP: 36 IAT: 37.00 CLT: 75 Volt: 14.90 AFR: 15.60 RPM: 1088 VSS: 0 FuelP: 2.60 OilP: 4.50
Data Verified. Payload Length: 123
MAP: 36 IAT: 37.00 CLT: 76 Volt: 14.80 AFR: 15.60 RPM: 1085 VSS: 0 FuelP: 2.60 OilP: 4.50
Data Verified. Payload Length: 123
MAP: 36 IAT: 37.00 CLT: 76 Volt: 14.80 AFR: 15.60 RPM: 1087 VSS: 0 FuelP: 2.60 OilP: 4.50
Data Verified. Payload Length: 123
MAP: 35 IAT: 37.00 CLT: 76 Volt: 14.80 AFR: 15.60 RPM: 1092 VSS: 0 FuelP: 2.60 OilP: 4.50
Data Verified. Payload Length: 123
MAP: 35 IAT: 37.00 CLT: 76 Volt: 14.80 AFR: 15.60 RPM: 1095 VSS: 0 FuelP: 2.60 OilP: 4.50
Data Verified. Payload Length: 123
MAP: 35 IAT: 37.00 CLT: 76 Volt: 14.80 AFR: 15.60 RPM: 1093 VSS: 0 FuelP: 2.60 OilP: 4.50
Data Verified. Payload Length: 123
MAP: 35 IAT: 37.00 CLT: 75 Volt: 14.90 AFR: 15.50 RPM: 1093 VSS: 0 FuelP: 2.60 OilP: 4.50
Data Verified. Payload Length: 123
MAP: 35 IAT: 37.00 CLT: 75 Volt: 14.90 AFR: 15.50 RPM: 1088 VSS: 0 FuelP: 2.60 OilP: 4.50
Data Verified. Payload Length: 123
MAP: 35 IAT: 37.00 CLT: 75 Volt: 14.90 AFR: 15.50 RPM: 1088 VSS: 0 FuelP: 2.60 OilP: 4.50
Data Verified. Payload Length: 123
MAP: 35 IAT: 37.00 CLT: 75 Volt: 14.90 AFR: 15.60 RPM: 1086 VSS: 0 FuelP: 2.60 OilP: 4.50
Data Verified. Payload Length: 123
MAP: 35 IAT: 37.00 CLT: 75 Volt: 14.90 AFR: 15.60 RPM: 1084 VSS: 0 FuelP: 2.60 OilP: 4.50
Data Verified. Payload Length: 123
MAP: 35 IAT: 37.00 CLT: 75 Volt: 14.90 AFR: 15.60 RPM: 1081 VSS: 0 FuelP: 2.60 OilP: 4.50
Data Verified. Payload Length: 123
MAP: 35 IAT: 37.00 CLT: 75 Volt: 14.90 AFR: 15.60 RPM: 1075 VSS: 0 FuelP: 2.60 OilP: 4.50
Data Verified. Payload Length: 123
MAP: 36 IAT: 37.00 CLT: 75 Volt: 14.90 AFR: 15.60 RPM: 1065 VSS: 0 FuelP: 2.60 OilP: 4.50
Data Verified. Payload Length: 123
MAP: 36 IAT: 37.00 CLT: 75 Volt: 14.90 AFR: 15.60 RPM: 1064 VSS: 0 FuelP: 2.60 OilP: 4.50
Data Verified. Payload Length: 123
MAP: 36 IAT: 36.00 CLT: 75 Volt: 14.90 AFR: 15.60 RPM: 1058 VSS: 0 FuelP: 2.60 OilP: 4.50
Data Verified. Payload Length: 123
MAP: 36 IAT: 36.00 CLT: 75 Volt: 14.90 AFR: 15.60 RPM: 1058 VSS: 0 FuelP: 2.60 OilP: 4.50
Data Verified. Payload Length: 123
MAP: 36 IAT: 36.00 CLT: 75 Volt: 14.90 AFR: 15.60 RPM: 1059 VSS: 0 FuelP: 2.60 OilP: 4.50
Data Verified. Payload Length: 123
MAP: 36 IAT: 36.00 CLT: 75 Volt: 14.90 AFR: 15.60 RPM: 1061 VSS: 0 FuelP: 2.60 OilP: 4.50
Data Verified. Payload Length: 123
MAP: 36 IAT: 36.00 CLT: 75 Volt: 14.90 AFR: 15.60 RPM: 1058 VSS: 0 FuelP: 2.60 OilP: 4.50
Data Verified. Payload Length: 123
MAP: 36 IAT: 36.00 CLT: 75 Volt: 14.90 AFR: 15.60 RPM: 1056 VSS: 0 FuelP: 2.60 OilP: 4.50
Data Verified. Payload Length: 123
MAP: 36 IAT: 36.00 CLT: 75 Volt: 14.90 AFR: 15.60 RPM: 1056 VSS: 0 FuelP: 2.60 OilP: 4.50
Data Verified. Payload Length: 123
MAP: 37 IAT: 36.00 CLT: 75 Volt: 14.90 AFR: 15.60 RPM: 1058 VSS: 0 FuelP: 2.60 OilP: 4.50
Data Verified. Payload Length: 123
MAP: 37 IAT: 36.00 CLT: 75 Volt: 14.90 AFR: 15.60 RPM: 1058 VSS: 0 FuelP: 2.60 OilP: 4.50
Data Verified. Payload Length: 123
MAP: 36 IAT: 36.00 CLT: 75 Volt: 14.90 AFR: 15.60 RPM: 1054 VSS: 0 FuelP: 2.60 OilP: 4.50
Data Verified. Payload Length: 123
MAP: 36 IAT: 36.00 CLT: 75 Volt: 14.90 AFR: 15.60 RPM: 1058 VSS: 0 FuelP: 2.60 OilP: 4.50
Data Verified. Payload Length: 123
MAP: 36 IAT: 36.00 CLT: 75 Volt: 14.90 AFR: 15.60 RPM: 1058 VSS: 0 FuelP: 2.60 OilP: 4.50
Data Verified. Payload Length: 123
MAP: 36 IAT: 36.00 CLT: 75 Volt: 14.90 AFR: 15.60 RPM: 1046 VSS: 0 FuelP: 2.60 OilP: 4.50
Data Verified. Payload Length: 123
MAP: 36 IAT: 36.00 CLT: 75 Volt: 14.90 AFR: 15.60 RPM: 1046 VSS: 0 FuelP: 2.60 OilP: 4.50
Data Verified. Payload Length: 123
MAP: 36 IAT: 36.00 CLT: 75 Volt: 14.90 AFR: 15.60 RPM: 1044 VSS: 0 FuelP: 2.60 OilP: 4.40
Data Verified. Payload Length: 123
MAP: 36 IAT: 36.00 CLT: 75 Volt: 14.90 AFR: 15.60 RPM: 1041 VSS: 0 FuelP: 2.60 OilP: 4.40
Data Verified. Payload Length: 123
MAP: 37 IAT: 36.00 CLT: 75 Volt: 14.90 AFR: 15.60 RPM: 1036 VSS: 0 FuelP: 2.60 OilP: 4.40
Data Verified. Payload Length: 123
MAP: 37 IAT: 36.00 CLT: 75 Volt: 14.90 AFR: 15.60 RPM: 1030 VSS: 0 FuelP: 2.60 OilP: 4.40
Data Verified. Payload Length: 123
MAP: 37 IAT: 36.00 CLT: 75 Volt: 14.90 AFR: 15.70 RPM: 1025 VSS: 0 FuelP: 2.60 OilP: 4.40
Data Verified. Payload Length: 123
MAP: 37 IAT: 36.00 CLT: 75 Volt: 14.90 AFR: 15.70 RPM: 1027 VSS: 0 FuelP: 2.60 OilP: 4.30
Data Verified. Payload Length: 123
MAP: 37 IAT: 36.00 CLT: 75 Volt: 14.90 AFR: 15.70 RPM: 1031 VSS: 0 FuelP: 2.60 OilP: 4.30
Data Verified. Payload Length: 123
MAP: 37 IAT: 36.00 CLT: 75 Volt: 14.90 AFR: 15.70 RPM: 1033 VSS: 0 FuelP: 2.60 OilP: 4.30
Data Verified. Payload Length: 123
MAP: 37 IAT: 36.00 CLT: 75 Volt: 14.90 AFR: 15.70 RPM: 1040 VSS: 0 FuelP: 2.60 OilP: 4.30
Data Verified. Payload Length: 123
MAP: 37 IAT: 36.00 CLT: 74 Volt: 14.90 AFR: 15.70 RPM: 1042 VSS: 0 FuelP: 2.60 OilP: 4.30
Data Verified. Payload Length: 123
MAP: 37 IAT: 36.00 CLT: 74 Volt: 14.90 AFR: 15.70 RPM: 1045 VSS: 0 FuelP: 2.60 OilP: 4.30
Data Verified. Payload Length: 123
MAP: 37 IAT: 36.00 CLT: 74 Volt: 14.90 AFR: 16.00 RPM: 1045 VSS: 0 FuelP: 2.60 OilP: 4.30
Data Verified. Payload Length: 123
MAP: 35 IAT: 36.00 CLT: 74 Volt: 14.90 AFR: 16.10 RPM: 1041 VSS: 0 FuelP: 2.60 OilP: 4.30
Data Verified. Payload Length: 123
MAP: 35 IAT: 36.00 CLT: 74 Volt: 14.90 AFR: 16.20 RPM: 1040 VSS: 0 FuelP: 2.60 OilP: 4.30
Data Verified. Payload Length: 123
MAP: 31 IAT: 36.00 CLT: 74 Volt: 14.90 AFR: 16.20 RPM: 1034 VSS: 0 FuelP: 2.60 OilP: 4.30
Data Verified. Payload Length: 123
MAP: 31 IAT: 36.00 CLT: 74 Volt: 14.90 AFR: 16.20 RPM: 1022 VSS: 0 FuelP: 2.60 OilP: 4.30
Data Verified. Payload Length: 123
MAP: 31 IAT: 36.00 CLT: 74 Volt: 14.90 AFR: 16.00 RPM: 1022 VSS: 0 FuelP: 2.60 OilP: 4.30
Data Verified. Payload Length: 123
MAP: 30 IAT: 36.00 CLT: 74 Volt: 14.90 AFR: 15.90 RPM: 988 VSS: 0 FuelP: 2.60 OilP: 4.30
Data Verified. Payload Length: 123
MAP: 30 IAT: 36.00 CLT: 74 Volt: 14.90 AFR: 15.90 RPM: 988 VSS: 0 FuelP: 2.60 OilP: 4.30
Data Verified. Payload Length: 123
MAP: 32 IAT: 36.00 CLT: 74 Volt: 14.90 AFR: 15.80 RPM: 972 VSS: 0 FuelP: 2.50 OilP: 4.10
Data Verified. Payload Length: 123
MAP: 32 IAT: 36.00 CLT: 74 Volt: 14.90 AFR: 15.80 RPM: 944 VSS: 0 FuelP: 2.50 OilP: 4.10
Data Verified. Payload Length: 123
MAP: 33 IAT: 36.00 CLT: 74 Volt: 14.90 AFR: 15.70 RPM: 910 VSS: 0 FuelP: 2.50 OilP: 4.10
Data Verified. Payload Length: 123
MAP: 33 IAT: 36.00 CLT: 74 Volt: 14.90 AFR: 15.40 RPM: 884 VSS: 0 FuelP: 2.50 OilP: 4.10
Data Verified. Payload Length: 123
MAP: 33 IAT: 36.00 CLT: 74 Volt: 14.90 AFR: 15.30 RPM: 884 VSS: 0 FuelP: 2.50 OilP: 4.10
Data Verified. Payload Length: 123
MAP: 34 IAT: 36.00 CLT: 74 Volt: 14.90 AFR: 14.80 RPM: 866 VSS: 0 FuelP: 2.50 OilP: 3.90
Data Verified. Payload Length: 123
MAP: 34 IAT: 36.00 CLT: 74 Volt: 14.90 AFR: 14.70 RPM: 846 VSS: 0 FuelP: 2.50 OilP: 3.90
Data Verified. Payload Length: 123
MAP: 34 IAT: 36.00 CLT: 74 Volt: 14.90 AFR: 14.60 RPM: 846 VSS: 0 FuelP: 2.50 OilP: 3.90
Data Verified. Payload Length: 123
MAP: 35 IAT: 36.00 CLT: 74 Volt: 14.90 AFR: 14.50 RPM: 835 VSS: 0 FuelP: 2.50 OilP: 3.90
Data Verified. Payload Length: 123
MAP: 35 IAT: 36.00 CLT: 74 Volt: 14.90 AFR: 14.30 RPM: 823 VSS: 0 FuelP: 2.50 OilP: 3.60
Data Verified. Payload Length: 123
MAP: 37 IAT: 36.00 CLT: 74 Volt: 14.90 AFR: 14.20 RPM: 814 VSS: 0 FuelP: 2.50 OilP: 3.60
Data Verified. Payload Length: 123
MAP: 37 IAT: 36.00 CLT: 74 Volt: 14.90 AFR: 14.20 RPM: 799 VSS: 0 FuelP: 2.50 OilP: 3.60
Data Verified. Payload Length: 123
MAP: 37 IAT: 36.00 CLT: 74 Volt: 14.90 AFR: 14.20 RPM: 799 VSS: 0 FuelP: 2.50 OilP: 3.60
Data Verified. Payload Length: 123
MAP: 38 IAT: 36.00 CLT: 74 Volt: 14.90 AFR: 14.20 RPM: 792 VSS: 0 FuelP: 2.50 OilP: 3.60
Data Verified. Payload Length: 123
MAP: 38 IAT: 36.00 CLT: 74 Volt: 14.90 AFR: 14.40 RPM: 789 VSS: 0 FuelP: 2.50 OilP: 3.40
Data Verified. Payload Length: 123
MAP: 38 IAT: 36.00 CLT: 74 Volt: 14.90 AFR: 14.50 RPM: 789 VSS: 0 FuelP: 2.50 OilP: 3.40
Data Verified. Payload Length: 123
MAP: 38 IAT: 36.00 CLT: 74 Volt: 14.90 AFR: 15.20 RPM: 795 VSS: 0 FuelP: 2.50 OilP: 3.40
Data Verified. Payload Length: 123
MAP: 38 IAT: 36.00 CLT: 74 Volt: 14.90 AFR: 15.20 RPM: 795 VSS: 0 FuelP: 2.50 OilP: 3.40
Data Verified. Payload Length: 123
MAP: 39 IAT: 36.00 CLT: 74 Volt: 14.90 AFR: 15.60 RPM: 797 VSS: 0 FuelP: 2.50 OilP: 3.30
Data Verified. Payload Length: 123
MAP: 39 IAT: 36.00 CLT: 74 Volt: 14.90 AFR: 15.60 RPM: 797 VSS: 0 FuelP: 2.50 OilP: 3.30
Data Verified. Payload Length: 123
MAP: 39 IAT: 36.00 CLT: 74 Volt: 14.90 AFR: 15.70 RPM: 802 VSS: 0 FuelP: 2.50 OilP: 3.30
Data Verified. Payload Length: 123
MAP: 39 IAT: 36.00 CLT: 74 Volt: 14.90 AFR: 15.80 RPM: 815 VSS: 0 FuelP: 2.50 OilP: 3.30
Data Verified. Payload Length: 123
MAP: 39 IAT: 36.00 CLT: 74 Volt: 14.90 AFR: 15.80 RPM: 827 VSS: 0 FuelP: 2.50 OilP: 3.30
Data Verified. Payload Length: 123
MAP: 39 IAT: 36.00 CLT: 74 Volt: 14.90 AFR: 15.80 RPM: 827 VSS: 0 FuelP: 2.50 OilP: 3.30
Data Verified. Payload Length: 123
MAP: 38 IAT: 36.00 CLT: 74 Volt: 14.90 AFR: 15.80 RPM: 841 VSS: 0 FuelP: 2.50 OilP: 3.30
Data Verified. Payload Length: 123
MAP: 38 IAT: 36.00 CLT: 74 Volt: 14.90 AFR: 15.80 RPM: 849 VSS: 0 FuelP: 2.50 OilP: 3.30
Data Verified. Payload Length: 123
MAP: 38 IAT: 36.00 CLT: 74 Volt: 14.90 AFR: 15.80 RPM: 859 VSS: 0 FuelP: 2.50 OilP: 3.30
Data Verified. Payload Length: 123
MAP: 38 IAT: 36.00 CLT: 74 Volt: 14.90 AFR: 15.80 RPM: 861 VSS: 0 FuelP: 2.50 OilP: 3.30
Data Verified. Payload Length: 123
MAP: 38 IAT: 36.00 CLT: 74 Volt: 14.90 AFR: 15.70 RPM: 861 VSS: 0 FuelP: 2.50 OilP: 3.40
Data Verified. Payload Length: 123
MAP: 37 IAT: 36.00 CLT: 74 Volt: 14.90 AFR: 15.70 RPM: 869 VSS: 0 FuelP: 2.50 OilP: 3.40
Data Verified. Payload Length: 123
MAP: 37 IAT: 36.00 CLT: 74 Volt: 14.90 AFR: 15.70 RPM: 878 VSS: 0 FuelP: 2.50 OilP: 3.40
Data Verified. Payload Length: 123
MAP: 37 IAT: 36.00 CLT: 74 Volt: 14.90 AFR: 15.70 RPM: 887 VSS: 0 FuelP: 2.50 OilP: 3.40
Data Verified. Payload Length: 123
MAP: 37 IAT: 36.00 CLT: 74 Volt: 14.90 AFR: 15.70 RPM: 891 VSS: 0 FuelP: 2.50 OilP: 3.50
Data Verified. Payload Length: 123
MAP: 37 IAT: 36.00 CLT: 74 Volt: 14.90 AFR: 15.70 RPM: 891 VSS: 0 FuelP: 2.50 OilP: 3.50
Data Verified. Payload Length: 123
MAP: 36 IAT: 36.00 CLT: 74 Volt: 14.90 AFR: 15.70 RPM: 895 VSS: 0 FuelP: 2.50 OilP: 3.50
Data Verified. Payload Length: 123
MAP: 36 IAT: 36.00 CLT: 74 Volt: 14.90 AFR: 15.70 RPM: 895 VSS: 0 FuelP: 2.50 OilP: 3.50
Data Verified. Payload Length: 123
MAP: 36 IAT: 36.00 CLT: 74 Volt: 14.90 AFR: 15.70 RPM: 897 VSS: 0 FuelP: 2.50 OilP: 3.50
Data Verified. Payload Length: 123
MAP: 36 IAT: 36.00 CLT: 74 Volt: 14.90 AFR: 15.60 RPM: 893 VSS: 0 FuelP: 2.50 OilP: 3.50
Data Verified. Payload Length: 123
MAP: 36 IAT: 36.00 CLT: 74 Volt: 14.90 AFR: 15.50 RPM: 893 VSS: 0 FuelP: 2.50 OilP: 3.50
Data Verified. Payload Length: 123
MAP: 35 IAT: 36.00 CLT: 74 Volt: 14.90 AFR: 15.50 RPM: 896 VSS: 0 FuelP: 2.50 OilP: 3.50
Data Verified. Payload Length: 123
MAP: 35 IAT: 36.00 CLT: 74 Volt: 14.90 AFR: 15.50 RPM: 896 VSS: 0 FuelP: 2.50 OilP: 3.50
Data Verified. Payload Length: 123
MAP: 35 IAT: 36.00 CLT: 74 Volt: 14.90 AFR: 15.50 RPM: 900 VSS: 0 FuelP: 2.50 OilP: 3.50
Data Verified. Payload Length: 123
MAP: 35 IAT: 36.00 CLT: 74 Volt: 14.90 AFR: 15.50 RPM: 900 VSS: 0 FuelP: 2.50 OilP: 3.50
Data Verified. Payload Length: 123
MAP: 35 IAT: 36.00 CLT: 74 Volt: 14.90 AFR: 15.50 RPM: 894 VSS: 0 FuelP: 2.50 OilP: 3.50
Data Verified. Payload Length: 123
MAP: 35 IAT: 36.00 CLT: 74 Volt: 14.90 AFR: 15.50 RPM: 892 VSS: 0 FuelP: 2.50 OilP: 3.50
Data Verified. Payload Length: 123
MAP: 35 IAT: 36.00 CLT: 74 Volt: 14.90 AFR: 15.50 RPM: 888 VSS: 0 FuelP: 2.50 OilP: 3.50
Data Verified. Payload Length: 123
MAP: 35 IAT: 36.00 CLT: 74 Volt: 14.90 AFR: 15.50 RPM: 887 VSS: 0 FuelP: 2.50 OilP: 3.50
Data Verified. Payload Length: 123
MAP: 35 IAT: 36.00 CLT: 74 Volt: 14.90 AFR: 15.50 RPM: 887 VSS: 0 FuelP: 2.50 OilP: 3.50
Data Verified. Payload Length: 123
MAP: 35 IAT: 36.00 CLT: 74 Volt: 14.90 AFR: 15.50 RPM: 883 VSS: 0 FuelP: 2.50 OilP: 3.50
Data Verified. Payload Length: 123
MAP: 35 IAT: 36.00 CLT: 74 Volt: 14.90 AFR: 15.50 RPM: 883 VSS: 0 FuelP: 2.50 OilP: 3.50
Data Verified. Payload Length: 123
MAP: 35 IAT: 36.00 CLT: 74 Volt: 14.90 AFR: 15.50 RPM: 875 VSS: 0 FuelP: 2.50 OilP: 3.50
Data Verified. Payload Length: 123
MAP: 36 IAT: 36.00 CLT: 74 Volt: 14.90 AFR: 15.50 RPM: 873 VSS: 0 FuelP: 2.50 OilP: 3.50
Data Verified. Payload Length: 123
MAP: 36 IAT: 36.00 CLT: 74 Volt: 14.90 AFR: 15.50 RPM: 873 VSS: 0 FuelP: 2.50 OilP: 3.50
Data Verified. Payload Length: 123
MAP: 36 IAT: 36.00 CLT: 74 Volt: 14.90 AFR: 15.50 RPM: 869 VSS: 0 FuelP: 2.50 OilP: 3.50
Data Verified. Payload Length: 123
MAP: 36 IAT: 36.00 CLT: 74 Volt: 14.90 AFR: 15.50 RPM: 862 VSS: 0 FuelP: 2.50 OilP: 3.50
Data Verified. Payload Length: 123
MAP: 36 IAT: 36.00 CLT: 74 Volt: 14.90 AFR: 15.60 RPM: 861 VSS: 0 FuelP: 2.50 OilP: 3.50
Data Verified. Payload Length: 123
MAP: 36 IAT: 36.00 CLT: 74 Volt: 14.90 AFR: 15.70 RPM: 861 VSS: 0 FuelP: 2.50 OilP: 3.50
Data Verified. Payload Length: 123
MAP: 36 IAT: 36.00 CLT: 74 Volt: 14.90 AFR: 16.00 RPM: 861 VSS: 0 FuelP: 2.50 OilP: 3.50
Data Verified. Payload Length: 123
MAP: 36 IAT: 36.00 CLT: 74 Volt: 14.90 AFR: 16.20 RPM: 860 VSS: 0 FuelP: 2.50 OilP: 3.50
Data Verified. Payload Length: 123
MAP: 36 IAT: 36.00 CLT: 74 Volt: 14.90 AFR: 16.20 RPM: 861 VSS: 0 FuelP: 2.50 OilP: 3.50
Data Verified. Payload Length: 123
MAP: 36 IAT: 36.00 CLT: 74 Volt: 14.90 AFR: 16.20 RPM: 863 VSS: 0 FuelP: 2.50 OilP: 3.50
Data Verified. Payload Length: 123
MAP: 36 IAT: 36.00 CLT: 74 Volt: 14.90 AFR: 16.20 RPM: 863 VSS: 0 FuelP: 2.50 OilP: 3.50
Data Verified. Payload Length: 123
MAP: 36 IAT: 36.00 CLT: 74 Volt: 14.90 AFR: 16.20 RPM: 865 VSS: 0 FuelP: 2.50 OilP: 3.50
Data Verified. Payload Length: 123
MAP: 36 IAT: 36.00 CLT: 74 Volt: 14.90 AFR: 16.20 RPM: 862 VSS: 0 FuelP: 2.50 OilP: 3.50
Data Verified. Payload Length: 123
MAP: 36 IAT: 36.00 CLT: 74 Volt: 14.90 AFR: 16.20 RPM: 864 VSS: 0 FuelP: 2.50 OilP: 3.50
Data Verified. Payload Length: 123
MAP: 36 IAT: 36.00 CLT: 74 Volt: 14.90 AFR: 16.20 RPM: 862 VSS: 0 FuelP: 2.50 OilP: 3.50
Data Verified. Payload Length: 123
MAP: 36 IAT: 36.00 CLT: 74 Volt: 14.90 AFR: 16.20 RPM: 862 VSS: 0 FuelP: 2.50 OilP: 3.50
Data Verified. Payload Length: 123
MAP: 36 IAT: 36.00 CLT: 74 Volt: 14.90 AFR: 16.20 RPM: 863 VSS: 0 FuelP: 2.50 OilP: 3.50
Data Verified. Payload Length: 123
MAP: 36 IAT: 36.00 CLT: 74 Volt: 14.90 AFR: 16.20 RPM: 860 VSS: 0 FuelP: 2.50 OilP: 3.50
Data Verified. Payload Length: 123
MAP: 36 IAT: 36.00 CLT: 74 Volt: 14.90 AFR: 16.20 RPM: 860 VSS: 0 FuelP: 2.50 OilP: 3.50
Data Verified. Payload Length: 123
MAP: 36 IAT: 36.00 CLT: 74 Volt: 14.90 AFR: 16.20 RPM: 860 VSS: 0 FuelP: 2.50 OilP: 3.50
Data Verified. Payload Length: 123
MAP: 36 IAT: 36.00 CLT: 74 Volt: 14.90 AFR: 16.20 RPM: 860 VSS: 0 FuelP: 2.50 OilP: 3.50
Data Verified. Payload Length: 123
MAP: 36 IAT: 36.00 CLT: 74 Volt: 14.90 AFR: 16.20 RPM: 860 VSS: 0 FuelP: 2.50 OilP: 3.50
Data Verified. Payload Length: 123
MAP: 36 IAT: 36.00 CLT: 74 Volt: 14.90 AFR: 15.90 RPM: 864 VSS: 0 FuelP: 2.50 OilP: 3.50
Data Verified. Payload Length: 123
MAP: 36 IAT: 36.00 CLT: 74 Volt: 14.90 AFR: 15.90 RPM: 864 VSS: 0 FuelP: 2.50 OilP: 3.50
Data Verified. Payload Length: 123
MAP: 36 IAT: 36.00 CLT: 74 Volt: 14.90 AFR: 15.90 RPM: 865 VSS: 0 FuelP: 2.50 OilP: 3.50
Data Verified. Payload Length: 123
MAP: 36 IAT: 36.00 CLT: 74 Volt: 14.90 AFR: 15.90 RPM: 861 VSS: 0 FuelP: 2.50 OilP: 3.50
Data Verified. Payload Length: 123
MAP: 36 IAT: 36.00 CLT: 74 Volt: 14.90 AFR: 15.80 RPM: 861 VSS: 0 FuelP: 2.50 OilP: 3.50
Data Verified. Payload Length: 123
MAP: 36 IAT: 36.00 CLT: 74 Volt: 14.90 AFR: 15.80 RPM: 859 VSS: 0 FuelP: 2.50 OilP: 3.50
Data Verified. Payload Length: 123
MAP: 36 IAT: 36.00 CLT: 74 Volt: 14.90 AFR: 15.80 RPM: 859 VSS: 0 FuelP: 2.50 OilP: 3.50
Data Verified. Payload Length: 123
MAP: 36 IAT: 36.00 CLT: 74 Volt: 14.90 AFR: 15.80 RPM: 850 VSS: 0 FuelP: 2.50 OilP: 3.50
Data Verified. Payload Length: 123
MAP: 36 IAT: 36.00 CLT: 74 Volt: 14.90 AFR: 15.80 RPM: 845 VSS: 0 FuelP: 2.50 OilP: 3.50
Data Verified. Payload Length: 123
MAP: 36 IAT: 36.00 CLT: 74 Volt: 14.90 AFR: 15.80 RPM: 844 VSS: 0 FuelP: 2.50 OilP: 3.50
Data Verified. Payload Length: 123
MAP: 36 IAT: 36.00 CLT: 74 Volt: 14.90 AFR: 15.80 RPM: 844 VSS: 0 FuelP: 2.50 OilP: 3.50
Data Verified. Payload Length: 123
MAP: 36 IAT: 36.00 CLT: 74 Volt: 14.80 AFR: 15.80 RPM: 839 VSS: 0 FuelP: 2.50 OilP: 3.40
Data Verified. Payload Length: 123
MAP: 37 IAT: 36.00 CLT: 74 Volt: 14.80 AFR: 15.80 RPM: 832 VSS: 0 FuelP: 2.50 OilP: 3.40
Data Verified. Payload Length: 123
MAP: 37 IAT: 36.00 CLT: 74 Volt: 14.80 AFR: 16.10 RPM: 824 VSS: 0 FuelP: 2.50 OilP: 3.40
Data Verified. Payload Length: 123
MAP: 37 IAT: 36.00 CLT: 74 Volt: 14.80 AFR: 16.20 RPM: 824 VSS: 0 FuelP: 2.50 OilP: 3.40
Data Verified. Payload Length: 123
MAP: 37 IAT: 36.00 CLT: 74 Volt: 14.80 AFR: 16.20 RPM: 821 VSS: 0 FuelP: 2.50 OilP: 3.40
Data Verified. Payload Length: 123
MAP: 37 IAT: 36.00 CLT: 74 Volt: 14.80 AFR: 16.20 RPM: 823 VSS: 0 FuelP: 2.50 OilP: 3.40
Data Verified. Payload Length: 123
MAP: 37 IAT: 36.00 CLT: 74 Volt: 14.80 AFR: 16.20 RPM: 823 VSS: 0 FuelP: 2.50 OilP: 3.40
Data Verified. Payload Length: 123
MAP: 37 IAT: 36.00 CLT: 74 Volt: 14.80 AFR: 16.20 RPM: 828 VSS: 0 FuelP: 2.50 OilP: 3.40
Data Verified. Payload Length: 123
MAP: 37 IAT: 36.00 CLT: 74 Volt: 14.80 AFR: 16.20 RPM: 832 VSS: 0 FuelP: 2.50 OilP: 3.40
Data Verified. Payload Length: 123
MAP: 37 IAT: 36.00 CLT: 74 Volt: 14.80 AFR: 16.20 RPM: 832 VSS: 0 FuelP: 2.50 OilP: 3.40
Data Verified. Payload Length: 123
MAP: 37 IAT: 36.00 CLT: 74 Volt: 14.70 AFR: 16.20 RPM: 833 VSS: 0 FuelP: 2.50 OilP: 3.30
Data Verified. Payload Length: 123
MAP: 37 IAT: 36.00 CLT: 74 Volt: 14.70 AFR: 16.20 RPM: 833 VSS: 0 FuelP: 2.50 OilP: 3.30
Data Verified. Payload Length: 123
MAP: 37 IAT: 36.00 CLT: 74 Volt: 14.70 AFR: 16.20 RPM: 833 VSS: 0 FuelP: 2.50 OilP: 3.30
Data Verified. Payload Length: 123
MAP: 37 IAT: 36.00 CLT: 74 Volt: 14.70 AFR: 16.20 RPM: 830 VSS: 0 FuelP: 2.50 OilP: 3.30
Data Verified. Payload Length: 123
MAP: 37 IAT: 36.00 CLT: 74 Volt: 14.70 AFR: 16.20 RPM: 830 VSS: 0 FuelP: 2.50 OilP: 3.30
Data Verified. Payload Length: 123
MAP: 37 IAT: 36.00 CLT: 74 Volt: 14.70 AFR: 16.40 RPM: 828 VSS: 0 FuelP: 2.50 OilP: 3.30
Data Verified. Payload Length: 123
MAP: 37 IAT: 36.00 CLT: 74 Volt: 14.70 AFR: 16.50 RPM: 825 VSS: 0 FuelP: 2.50 OilP: 3.30
Data Verified. Payload Length: 123
MAP: 37 IAT: 36.00 CLT: 74 Volt: 14.70 AFR: 16.30 RPM: 823 VSS: 0 FuelP: 2.50 OilP: 3.30
Data Verified. Payload Length: 123
MAP: 37 IAT: 36.00 CLT: 74 Volt: 14.70 AFR: 16.20 RPM: 823 VSS: 0 FuelP: 2.50 OilP: 3.30
Data Verified. Payload Length: 123
MAP: 37 IAT: 36.00 CLT: 74 Volt: 14.70 AFR: 16.40 RPM: 829 VSS: 0 FuelP: 2.50 OilP: 3.30
Data Verified. Payload Length: 123
MAP: 37 IAT: 36.00 CLT: 74 Volt: 14.70 AFR: 16.40 RPM: 826 VSS: 0 FuelP: 2.50 OilP: 3.30
Data Verified. Payload Length: 123
MAP: 37 IAT: 36.00 CLT: 74 Volt: 14.70 AFR: 16.50 RPM: 825 VSS: 0 FuelP: 2.50 OilP: 3.30
Data Verified. Payload Length: 123
MAP: 37 IAT: 36.00 CLT: 74 Volt: 14.70 AFR: 16.50 RPM: 825 VSS: 0 FuelP: 2.50 OilP: 3.30
Data Verified. Payload Length: 123
MAP: 37 IAT: 36.00 CLT: 74 Volt: 14.70 AFR: 16.50 RPM: 825 VSS: 0 FuelP: 2.50 OilP: 3.30
Data Verified. Payload Length: 123
MAP: 37 IAT: 36.00 CLT: 74 Volt: 14.70 AFR: 16.50 RPM: 823 VSS: 0 FuelP: 2.50 OilP: 3.30
Data Verified. Payload Length: 123
MAP: 37 IAT: 36.00 CLT: 74 Volt: 14.70 AFR: 16.50 RPM: 823 VSS: 0 FuelP: 2.50 OilP: 3.30
Data Verified. Payload Length: 123
MAP: 37 IAT: 36.00 CLT: 74 Volt: 14.70 AFR: 16.50 RPM: 824 VSS: 0 FuelP: 2.50 OilP: 3.30
Data Verified. Payload Length: 123
MAP: 37 IAT: 36.00 CLT: 74 Volt: 14.70 AFR: 16.50 RPM: 826 VSS: 0 FuelP: 2.50 OilP: 3.30
Data Verified. Payload Length: 123
MAP: 37 IAT: 36.00 CLT: 74 Volt: 14.70 AFR: 16.50 RPM: 830 VSS: 0 FuelP: 2.50 OilP: 3.30
Data Verified. Payload Length: 123
MAP: 37 IAT: 36.00 CLT: 74 Volt: 14.70 AFR: 16.50 RPM: 831 VSS: 0 FuelP: 2.50 OilP: 3.30
Data Verified. Payload Length: 123
MAP: 37 IAT: 36.00 CLT: 74 Volt: 14.70 AFR: 16.50 RPM: 831 VSS: 0 FuelP: 2.50 OilP: 3.30
Data Verified. Payload Length: 123
MAP: 37 IAT: 36.00 CLT: 74 Volt: 14.70 AFR: 16.50 RPM: 832 VSS: 0 FuelP: 2.50 OilP: 3.30
Data Verified. Payload Length: 123
MAP: 37 IAT: 36.00 CLT: 74 Volt: 14.70 AFR: 16.50 RPM: 828 VSS: 0 FuelP: 2.50 OilP: 3.30
Data Verified. Payload Length: 123
MAP: 37 IAT: 36.00 CLT: 74 Volt: 14.70 AFR: 16.50 RPM: 828 VSS: 0 FuelP: 2.50 OilP: 3.30
Data Verified. Payload Length: 123
MAP: 37 IAT: 36.00 CLT: 74 Volt: 14.80 AFR: 16.50 RPM: 828 VSS: 0 FuelP: 2.50 OilP: 3.30
Data Verified. Payload Length: 123
MAP: 37 IAT: 36.00 CLT: 74 Volt: 14.80 AFR: 16.50 RPM: 828 VSS: 0 FuelP: 2.50 OilP: 3.30
Data Verified. Payload Length: 123
MAP: 37 IAT: 36.00 CLT: 74 Volt: 14.80 AFR: 16.50 RPM: 829 VSS: 0 FuelP: 2.50 OilP: 3.30
Data Verified. Payload Length: 123
MAP: 37 IAT: 36.00 CLT: 74 Volt: 14.80 AFR: 16.50 RPM: 823 VSS: 0 FuelP: 2.50 OilP: 3.30
Data Verified. Payload Length: 123
MAP: 37 IAT: 36.00 CLT: 74 Volt: 14.70 AFR: 16.50 RPM: 823 VSS: 0 FuelP: 2.50 OilP: 3.30
Data Verified. Payload Length: 123
MAP: 37 IAT: 36.00 CLT: 74 Volt: 14.70 AFR: 16.50 RPM: 823 VSS: 0 FuelP: 2.50 OilP: 3.30
Data Verified. Payload Length: 123
MAP: 37 IAT: 36.00 CLT: 74 Volt: 14.70 AFR: 16.50 RPM: 825 VSS: 0 FuelP: 2.50 OilP: 3.30
Data Verified. Payload Length: 123
MAP: 37 IAT: 36.00 CLT: 74 Volt: 14.70 AFR: 16.50 RPM: 825 VSS: 0 FuelP: 2.50 OilP: 3.30
Data Verified. Payload Length: 123
MAP: 37 IAT: 36.00 CLT: 74 Volt: 14.70 AFR: 16.50 RPM: 822 VSS: 0 FuelP: 2.50 OilP: 3.30
Data Verified. Payload Length: 123
MAP: 37 IAT: 36.00 CLT: 74 Volt: 14.70 AFR: 16.50 RPM: 821 VSS: 0 FuelP: 2.50 OilP: 3.30
Data Verified. Payload Length: 123
MAP: 37 IAT: 36.00 CLT: 74 Volt: 14.70 AFR: 16.50 RPM: 825 VSS: 0 FuelP: 2.50 OilP: 3.30
Data Verified. Payload Length: 123
MAP: 37 IAT: 36.00 CLT: 74 Volt: 14.70 AFR: 16.50 RPM: 825 VSS: 0 FuelP: 2.50 OilP: 3.30
Data Verified. Payload Length: 123
MAP: 37 IAT: 36.00 CLT: 74 Volt: 14.70 AFR: 16.50 RPM: 815 VSS: 0 FuelP: 2.50 OilP: 3.30
Data Verified. Payload Length: 123
MAP: 38 IAT: 36.00 CLT: 74 Volt: 14.70 AFR: 16.50 RPM: 817 VSS: 0 FuelP: 2.50 OilP: 3.30
Data Verified. Payload Length: 123
MAP: 38 IAT: 36.00 CLT: 74 Volt: 14.80 AFR: 16.50 RPM: 816 VSS: 0 FuelP: 2.50 OilP: 3.20
Data Verified. Payload Length: 123
MAP: 38 IAT: 36.00 CLT: 74 Volt: 14.80 AFR: 16.50 RPM: 816 VSS: 0 FuelP: 2.50 OilP: 3.20
Data Verified. Payload Length: 123
MAP: 38 IAT: 36.00 CLT: 74 Volt: 14.80 AFR: 16.50 RPM: 820 VSS: 0 FuelP: 2.50 OilP: 3.20
Data Verified. Payload Length: 123
MAP: 38 IAT: 36.00 CLT: 74 Volt: 14.80 AFR: 16.50 RPM: 827 VSS: 0 FuelP: 2.50 OilP: 3.20
Data Verified. Payload Length: 123
MAP: 38 IAT: 36.00 CLT: 74 Volt: 14.80 AFR: 16.50 RPM: 827 VSS: 0 FuelP: 2.50 OilP: 3.20
Data Verified. Payload Length: 123
MAP: 38 IAT: 36.00 CLT: 74 Volt: 14.90 AFR: 16.50 RPM: 834 VSS: 0 FuelP: 2.60 OilP: 3.20
Data Verified. Payload Length: 123
MAP: 38 IAT: 36.00 CLT: 74 Volt: 14.90 AFR: 16.50 RPM: 839 VSS: 0 FuelP: 2.60 OilP: 3.20
Data Verified. Payload Length: 123
MAP: 37 IAT: 36.00 CLT: 74 Volt: 14.90 AFR: 16.50 RPM: 845 VSS: 0 FuelP: 2.60 OilP: 3.20
Data Verified. Payload Length: 123
MAP: 37 IAT: 36.00 CLT: 74 Volt: 14.90 AFR: 16.50 RPM: 850 VSS: 0 FuelP: 2.60 OilP: 3.20
Data Verified. Payload Length: 123
MAP: 37 IAT: 36.00 CLT: 74 Volt: 15.00 AFR: 16.50 RPM: 850 VSS: 0 FuelP: 2.60 OilP: 3.20
Data Verified. Payload Length: 123
MAP: 37 IAT: 36.00 CLT: 74 Volt: 15.00 AFR: 16.50 RPM: 856 VSS: 0 FuelP: 2.60 OilP: 3.20
Data Verified. Payload Length: 123
MAP: 37 IAT: 36.00 CLT: 74 Volt: 15.00 AFR: 16.50 RPM: 858 VSS: 0 FuelP: 2.60 OilP: 3.20
Data Verified. Payload Length: 123
MAP: 37 IAT: 36.00 CLT: 74 Volt: 15.00 AFR: 16.50 RPM: 861 VSS: 0 FuelP: 2.60 OilP: 3.20
Data Verified. Payload Length: 123
MAP: 37 IAT: 36.00 CLT: 74 Volt: 15.00 AFR: 16.50 RPM: 861 VSS: 0 FuelP: 2.60 OilP: 3.20
Data Verified. Payload Length: 123
MAP: 37 IAT: 36.00 CLT: 74 Volt: 14.90 AFR: 16.50 RPM: 861 VSS: 0 FuelP: 2.60 OilP: 3.30
Data Verified. Payload Length: 123
MAP: 36 IAT: 36.00 CLT: 74 Volt: 14.90 AFR: 16.50 RPM: 864 VSS: 0 FuelP: 2.60 OilP: 3.30
Data Verified. Payload Length: 123
MAP: 36 IAT: 36.00 CLT: 74 Volt: 14.90 AFR: 16.50 RPM: 867 VSS: 0 FuelP: 2.60 OilP: 3.30
Data Verified. Payload Length: 123
MAP: 36 IAT: 36.00 CLT: 74 Volt: 14.90 AFR: 16.30 RPM: 871 VSS: 0 FuelP: 2.60 OilP: 3.30
Data Verified. Payload Length: 123
MAP: 36 IAT: 36.00 CLT: 74 Volt: 14.90 AFR: 16.30 RPM: 871 VSS: 0 FuelP: 2.60 OilP: 3.30
Data Verified. Payload Length: 123
MAP: 36 IAT: 36.00 CLT: 74 Volt: 14.90 AFR: 16.20 RPM: 873 VSS: 0 FuelP: 2.60 OilP: 3.30
Data Verified. Payload Length: 123
MAP: 36 IAT: 36.00 CLT: 74 Volt: 14.90 AFR: 16.20 RPM: 872 VSS: 0 FuelP: 2.60 OilP: 3.30
Data Verified. Payload Length: 123
MAP: 36 IAT: 36.00 CLT: 74 Volt: 14.90 AFR: 16.20 RPM: 873 VSS: 0 FuelP: 2.60 OilP: 3.30
Data Verified. Payload Length: 123
MAP: 36 IAT: 36.00 CLT: 74 Volt: 14.90 AFR: 16.20 RPM: 878 VSS: 0 FuelP: 2.60 OilP: 3.30
Data Verified. Payload Length: 123
MAP: 36 IAT: 36.00 CLT: 74 Volt: 14.90 AFR: 16.20 RPM: 878 VSS: 0 FuelP: 2.60 OilP: 3.30
Data Verified. Payload Length: 123
MAP: 36 IAT: 36.00 CLT: 74 Volt: 14.90 AFR: 16.20 RPM: 874 VSS: 0 FuelP: 2.60 OilP: 3.30
Data Verified. Payload Length: 123
MAP: 36 IAT: 36.00 CLT: 74 Volt: 14.90 AFR: 16.00 RPM: 877 VSS: 0 FuelP: 2.60 OilP: 3.30
Data Verified. Payload Length: 123
MAP: 36 IAT: 36.00 CLT: 74 Volt: 14.90 AFR: 16.00 RPM: 878 VSS: 0 FuelP: 2.60 OilP: 3.30
Data Verified. Payload Length: 123
MAP: 36 IAT: 36.00 CLT: 74 Volt: 14.90 AFR: 16.00 RPM: 879 VSS: 0 FuelP: 2.60 OilP: 3.30
Data Verified. Payload Length: 123
MAP: 36 IAT: 36.00 CLT: 74 Volt: 14.90 AFR: 16.10 RPM: 880 VSS: 0 FuelP: 2.60 OilP: 3.30
Data Verified. Payload Length: 123
MAP: 36 IAT: 36.00 CLT: 74 Volt: 14.90 AFR: 16.10 RPM: 880 VSS: 0 FuelP: 2.60 OilP: 3.30
Data Verified. Payload Length: 123
MAP: 35 IAT: 36.00 CLT: 74 Volt: 14.90 AFR: 16.10 RPM: 878 VSS: 0 FuelP: 2.60 OilP: 3.30
Data Verified. Payload Length: 123
MAP: 35 IAT: 36.00 CLT: 74 Volt: 14.90 AFR: 16.10 RPM: 880 VSS: 0 FuelP: 2.60 OilP: 3.30
Data Verified. Payload Length: 123
MAP: 35 IAT: 36.00 CLT: 74 Volt: 14.80 AFR: 16.00 RPM: 882 VSS: 0 FuelP: 2.60 OilP: 3.30
Data Verified. Payload Length: 123
MAP: 35 IAT: 36.00 CLT: 74 Volt: 14.80 AFR: 16.10 RPM: 882 VSS: 0 FuelP: 2.60 OilP: 3.30
Data Verified. Payload Length: 123
MAP: 35 IAT: 36.00 CLT: 74 Volt: 14.80 AFR: 16.10 RPM: 880 VSS: 0 FuelP: 2.60 OilP: 3.30
Data Verified. Payload Length: 123
MAP: 35 IAT: 36.00 CLT: 74 Volt: 14.80 AFR: 16.10 RPM: 879 VSS: 0 FuelP: 2.60 OilP: 3.30
Data Verified. Payload Length: 123
MAP: 35 IAT: 36.00 CLT: 74 Volt: 14.80 AFR: 16.10 RPM: 866 VSS: 0 FuelP: 2.60 OilP: 3.30
Data Verified. Payload Length: 123
MAP: 35 IAT: 36.00 CLT: 74 Volt: 14.80 AFR: 16.10 RPM: 866 VSS: 0 FuelP: 2.60 OilP: 3.40
Data Verified. Payload Length: 123
MAP: 35 IAT: 36.00 CLT: 74 Volt: 14.80 AFR: 16.10 RPM: 859 VSS: 0 FuelP: 2.60 OilP: 3.40
Data Verified. Payload Length: 123
MAP: 35 IAT: 36.00 CLT: 74 Volt: 14.80 AFR: 16.10 RPM: 852 VSS: 0 FuelP: 2.60 OilP: 3.40
Data Verified. Payload Length: 123
MAP: 36 IAT: 36.00 CLT: 74 Volt: 14.80 AFR: 16.10 RPM: 852 VSS: 0 FuelP: 2.60 OilP: 3.40
Data Verified. Payload Length: 123
MAP: 36 IAT: 36.00 CLT: 74 Volt: 14.80 AFR: 16.10 RPM: 848 VSS: 0 FuelP: 2.60 OilP: 3.40
Data Verified. Payload Length: 123
MAP: 36 IAT: 36.00 CLT: 74 Volt: 14.90 AFR: 16.20 RPM: 848 VSS: 0 FuelP: 2.60 OilP: 3.40
Data Verified. Payload Length: 123
MAP: 36 IAT: 36.00 CLT: 74 Volt: 14.90 AFR: 16.10 RPM: 843 VSS: 0 FuelP: 2.60 OilP: 3.40
Data Verified. Payload Length: 123
MAP: 36 IAT: 36.00 CLT: 74 Volt: 14.90 AFR: 16.00 RPM: 837 VSS: 0 FuelP: 2.60 OilP: 3.40
Data Verified. Payload Length: 123
MAP: 36 IAT: 36.00 CLT: 74 Volt: 14.90 AFR: 16.00 RPM: 836 VSS: 0 FuelP: 2.60 OilP: 3.40
Data Verified. Payload Length: 123
MAP: 36 IAT: 36.00 CLT: 74 Volt: 14.90 AFR: 16.00 RPM: 836 VSS: 0 FuelP: 2.60 OilP: 3.40
Data Verified. Payload Length: 123
MAP: 36 IAT: 36.00 CLT: 74 Volt: 14.90 AFR: 16.10 RPM: 831 VSS: 0 FuelP: 2.60 OilP: 3.40
Data Verified. Payload Length: 123
MAP: 37 IAT: 36.00 CLT: 74 Volt: 14.90 AFR: 16.10 RPM: 830 VSS: 0 FuelP: 2.60 OilP: 3.40
Data Verified. Payload Length: 123
MAP: 37 IAT: 36.00 CLT: 74 Volt: 14.90 AFR: 16.10 RPM: 813 VSS: 0 FuelP: 2.60 OilP: 3.40
Data Verified. Payload Length: 123
MAP: 37 IAT: 36.00 CLT: 74 Volt: 14.90 AFR: 16.10 RPM: 813 VSS: 0 FuelP: 2.60 OilP: 3.40
Data Verified. Payload Length: 123
MAP: 37 IAT: 36.00 CLT: 74 Volt: 14.90 AFR: 16.10 RPM: 809 VSS: 0 FuelP: 2.60 OilP: 3.30
Data Verified. Payload Length: 123
MAP: 37 IAT: 36.00 CLT: 74 Volt: 14.90 AFR: 16.30 RPM: 807 VSS: 0 FuelP: 2.60 OilP: 3.30
Data Verified. Payload Length: 123
MAP: 37 IAT: 36.00 CLT: 74 Volt: 14.90 AFR: 16.30 RPM: 807 VSS: 0 FuelP: 2.60 OilP: 3.30
Data Verified. Payload Length: 123
MAP: 37 IAT: 36.00 CLT: 74 Volt: 14.90 AFR: 16.30 RPM: 805 VSS: 0 FuelP: 2.60 OilP: 3.30
Data Verified. Payload Length: 123
MAP: 37 IAT: 36.00 CLT: 74 Volt: 14.90 AFR: 16.30 RPM: 801 VSS: 0 FuelP: 2.60 OilP: 3.30
Data Verified. Payload Length: 123
MAP: 37 IAT: 36.00 CLT: 74 Volt: 14.90 AFR: 16.30 RPM: 801 VSS: 0 FuelP: 2.60 OilP: 3.30
Data Verified. Payload Length: 123
MAP: 37 IAT: 36.00 CLT: 74 Volt: 14.90 AFR: 16.30 RPM: 803 VSS: 0 FuelP: 2.60 OilP: 3.30
Data Verified. Payload Length: 123
MAP: 37 IAT: 36.00 CLT: 74 Volt: 14.90 AFR: 16.30 RPM: 799 VSS: 0 FuelP: 2.60 OilP: 3.30
Data Verified. Payload Length: 123
MAP: 37 IAT: 36.00 CLT: 74 Volt: 14.90 AFR: 16.30 RPM: 799 VSS: 0 FuelP: 2.60 OilP: 3.30
Data Verified. Payload Length: 123
MAP: 37 IAT: 36.00 CLT: 74 Volt: 14.90 AFR: 16.30 RPM: 799 VSS: 0 FuelP: 2.60 OilP: 3.30
Data Verified. Payload Length: 123
MAP: 37 IAT: 36.00 CLT: 74 Volt: 14.90 AFR: 16.30 RPM: 798 VSS: 0 FuelP: 2.60 OilP: 3.20
Data Verified. Payload Length: 123
MAP: 37 IAT: 36.00 CLT: 74 Volt: 14.90 AFR: 16.30 RPM: 798 VSS: 0 FuelP: 2.60 OilP: 3.20
Data Verified. Payload Length: 123
MAP: 37 IAT: 36.00 CLT: 74 Volt: 14.90 AFR: 16.30 RPM: 789 VSS: 0 FuelP: 2.60 OilP: 3.20
Data Verified. Payload Length: 123
MAP: 37 IAT: 36.00 CLT: 74 Volt: 14.90 AFR: 16.30 RPM: 789 VSS: 0 FuelP: 2.60 OilP: 3.20
Data Verified. Payload Length: 123
MAP: 38 IAT: 36.00 CLT: 74 Volt: 14.90 AFR: 16.30 RPM: 790 VSS: 0 FuelP: 2.60 OilP: 3.20
Data Verified. Payload Length: 123
MAP: 38 IAT: 36.00 CLT: 74 Volt: 14.90 AFR: 16.30 RPM: 788 VSS: 0 FuelP: 2.60 OilP: 3.20
Data Verified. Payload Length: 123
MAP: 38 IAT: 36.00 CLT: 74 Volt: 14.90 AFR: 16.30 RPM: 788 VSS: 0 FuelP: 2.60 OilP: 3.20
Data Verified. Payload Length: 123
MAP: 38 IAT: 36.00 CLT: 74 Volt: 14.90 AFR: 16.30 RPM: 788 VSS: 0 FuelP: 2.60 OilP: 3.20
Data Verified. Payload Length: 123
MAP: 38 IAT: 36.00 CLT: 74 Volt: 14.90 AFR: 16.30 RPM: 796 VSS: 0 FuelP: 2.60 OilP: 3.20
Data Verified. Payload Length: 123
MAP: 37 IAT: 36.00 CLT: 74 Volt: 14.90 AFR: 16.40 RPM: 806 VSS: 0 FuelP: 2.60 OilP: 3.20
Data Verified. Payload Length: 123
MAP: 37 IAT: 36.00 CLT: 74 Volt: 14.90 AFR: 16.50 RPM: 806 VSS: 0 FuelP: 2.60 OilP: 3.20
Data Verified. Payload Length: 123
MAP: 37 IAT: 36.00 CLT: 74 Volt: 14.90 AFR: 16.50 RPM: 812 VSS: 0 FuelP: 2.60 OilP: 3.20
Data Verified. Payload Length: 123
MAP: 37 IAT: 36.00 CLT: 74 Volt: 14.90 AFR: 16.40 RPM: 821 VSS: 0 FuelP: 2.60 OilP: 3.20
Data Verified. Payload Length: 123
MAP: 37 IAT: 36.00 CLT: 74 Volt: 14.90 AFR: 16.30 RPM: 821 VSS: 0 FuelP: 2.60 OilP: 3.20
Data Verified. Payload Length: 123
MAP: 37 IAT: 36.00 CLT: 74 Volt: 14.90 AFR: 16.30 RPM: 817 VSS: 0 FuelP: 2.60 OilP: 3.20
Data Verified. Payload Length: 123
MAP: 38 IAT: 36.00 CLT: 74 Volt: 14.90 AFR: 16.60 RPM: 818 VSS: 0 FuelP: 2.60 OilP: 3.20
Data Verified. Payload Length: 123
MAP: 38 IAT: 36.00 CLT: 74 Volt: 14.90 AFR: 16.70 RPM: 818 VSS: 0 FuelP: 2.60 OilP: 3.20
Data Verified. Payload Length: 123
MAP: 38 IAT: 36.00 CLT: 74 Volt: 14.90 AFR: 16.80 RPM: 818 VSS: 0 FuelP: 2.60 OilP: 3.20
Data Verified. Payload Length: 123
MAP: 37 IAT: 36.00 CLT: 74 Volt: 14.90 AFR: 16.80 RPM: 817 VSS: 0 FuelP: 2.60 OilP: 3.20
Data Verified. Payload Length: 123
MAP: 37 IAT: 36.00 CLT: 74 Volt: 14.90 AFR: 16.80 RPM: 826 VSS: 0 FuelP: 2.60 OilP: 3.20
Data Verified. Payload Length: 123
MAP: 37 IAT: 36.00 CLT: 74 Volt: 14.90 AFR: 16.80 RPM: 826 VSS: 0 FuelP: 2.60 OilP: 3.20
Data Verified. Payload Length: 123
MAP: 37 IAT: 36.00 CLT: 74 Volt: 14.90 AFR: 16.80 RPM: 833 VSS: 0 FuelP: 2.60 OilP: 3.20
Data Verified. Payload Length: 123
MAP: 37 IAT: 36.00 CLT: 74 Volt: 14.90 AFR: 16.80 RPM: 831 VSS: 0 FuelP: 2.60 OilP: 3.20
Data Verified. Payload Length: 123
MAP: 37 IAT: 36.00 CLT: 74 Volt: 14.90 AFR: 16.80 RPM: 832 VSS: 0 FuelP: 2.60 OilP: 3.20
Data Verified. Payload Length: 123
MAP: 37 IAT: 36.00 CLT: 74 Volt: 14.90 AFR: 16.50 RPM: 835 VSS: 0 FuelP: 2.60 OilP: 3.20
Data Verified. Payload Length: 123
MAP: 37 IAT: 36.00 CLT: 74 Volt: 14.90 AFR: 16.50 RPM: 835 VSS: 0 FuelP: 2.60 OilP: 3.20
Data Verified. Payload Length: 123
MAP: 37 IAT: 36.00 CLT: 74 Volt: 14.90 AFR: 16.50 RPM: 834 VSS: 0 FuelP: 2.60 OilP: 3.20
Data Verified. Payload Length: 123
MAP: 37 IAT: 36.00 CLT: 74 Volt: 14.90 AFR: 16.50 RPM: 828 VSS: 0 FuelP: 2.60 OilP: 3.20
Data Verified. Payload Length: 123
MAP: 37 IAT: 36.00 CLT: 74 Volt: 14.90 AFR: 16.50 RPM: 829 VSS: 0 FuelP: 2.60 OilP: 3.20
Data Verified. Payload Length: 123
MAP: 37 IAT: 36.00 CLT: 74 Volt: 14.90 AFR: 16.50 RPM: 829 VSS: 0 FuelP: 2.60 OilP: 3.20
Data Verified. Payload Length: 123
MAP: 37 IAT: 36.00 CLT: 74 Volt: 14.90 AFR: 16.50 RPM: 826 VSS: 0 FuelP: 2.60 OilP: 3.20
Data Verified. Payload Length: 123
MAP: 37 IAT: 36.00 CLT: 74 Volt: 14.90 AFR: 16.50 RPM: 827 VSS: 0 FuelP: 2.60 OilP: 3.20
Data Verified. Payload Length: 123
MAP: 37 IAT: 36.00 CLT: 74 Volt: 14.90 AFR: 16.50 RPM: 830 VSS: 0 FuelP: 2.60 OilP: 3.20
Data Verified. Payload Length: 123
MAP: 37 IAT: 36.00 CLT: 74 Volt: 14.90 AFR: 16.50 RPM: 830 VSS: 0 FuelP: 2.60 OilP: 3.20
Data Verified. Payload Length: 123
MAP: 38 IAT: 36.00 CLT: 74 Volt: 14.90 AFR: 16.50 RPM: 834 VSS: 0 FuelP: 2.60 OilP: 3.20
Data Verified. Payload Length: 123
MAP: 38 IAT: 36.00 CLT: 74 Volt: 14.90 AFR: 16.50 RPM: 833 VSS: 0 FuelP: 2.60 OilP: 3.20
Data Verified. Payload Length: 123
MAP: 37 IAT: 36.00 CLT: 74 Volt: 14.90 AFR: 16.50 RPM: 837 VSS: 0 FuelP: 2.60 OilP: 3.20
Data Verified. Payload Length: 123
MAP: 37 IAT: 36.00 CLT: 74 Volt: 14.90 AFR: 16.30 RPM: 837 VSS: 0 FuelP: 2.60 OilP: 3.20
Data Verified. Payload Length: 123
MAP: 37 IAT: 36.00 CLT: 74 Volt: 14.90 AFR: 16.20 RPM: 846 VSS: 0 FuelP: 2.60 OilP: 3.20
Data Verified. Payload Length: 123
MAP: 37 IAT: 36.00 CLT: 74 Volt: 14.90 AFR: 16.20 RPM: 850 VSS: 0 FuelP: 2.60 OilP: 3.20
Data Verified. Payload Length: 123
MAP: 37 IAT: 36.00 CLT: 74 Volt: 14.90 AFR: 16.20 RPM: 852 VSS: 0 FuelP: 2.60 OilP: 3.20
Data Verified. Payload Length: 123
MAP: 37 IAT: 36.00 CLT: 74 Volt: 14.90 AFR: 16.20 RPM: 852 VSS: 0 FuelP: 2.60 OilP: 3.20
Data Verified. Payload Length: 123
MAP: 37 IAT: 36.00 CLT: 74 Volt: 14.80 AFR: 16.20 RPM: 854 VSS: 0 FuelP: 2.60 OilP: 3.20
Data Verified. Payload Length: 123
MAP: 37 IAT: 36.00 CLT: 74 Volt: 14.80 AFR: 16.20 RPM: 855 VSS: 0 FuelP: 2.60 OilP: 3.20
Data Verified. Payload Length: 123
MAP: 36 IAT: 36.00 CLT: 74 Volt: 14.80 AFR: 16.20 RPM: 854 VSS: 0 FuelP: 2.60 OilP: 3.20
Data Verified. Payload Length: 123
MAP: 36 IAT: 36.00 CLT: 74 Volt: 14.80 AFR: 16.20 RPM: 854 VSS: 0 FuelP: 2.60 OilP: 3.20
Data Verified. Payload Length: 123
MAP: 36 IAT: 36.00 CLT: 74 Volt: 14.80 AFR: 16.20 RPM: 854 VSS: 0 FuelP: 2.60 OilP: 3.20
Data Verified. Payload Length: 123
MAP: 36 IAT: 36.00 CLT: 74 Volt: 14.80 AFR: 16.20 RPM: 856 VSS: 0 FuelP: 2.60 OilP: 3.20
Data Verified. Payload Length: 123
MAP: 36 IAT: 36.00 CLT: 74 Volt: 14.80 AFR: 16.20 RPM: 852 VSS: 0 FuelP: 2.60 OilP: 3.20
Data Verified. Payload Length: 123
MAP: 36 IAT: 36.00 CLT: 74 Volt: 14.80 AFR: 16.00 RPM: 852 VSS: 0 FuelP: 2.60 OilP: 3.20
Data Verified. Payload Length: 123
MAP: 36 IAT: 36.00 CLT: 74 Volt: 14.80 AFR: 15.90 RPM: 856 VSS: 0 FuelP: 2.60 OilP: 3.20
Data Verified. Payload Length: 123
MAP: 36 IAT: 36.00 CLT: 74 Volt: 14.80 AFR: 15.90 RPM: 850 VSS: 0 FuelP: 2.60 OilP: 3.20
Data Verified. Payload Length: 123
MAP: 36 IAT: 36.00 CLT: 74 Volt: 14.90 AFR: 15.90 RPM: 842 VSS: 0 FuelP: 2.60 OilP: 3.20
Data Verified. Payload Length: 123
MAP: 36 IAT: 36.00 CLT: 74 Volt: 14.90 AFR: 15.90 RPM: 835 VSS: 0 FuelP: 2.60 OilP: 3.20
Data Verified. Payload Length: 123
MAP: 36 IAT: 36.00 CLT: 74 Volt: 14.90 AFR: 15.90 RPM: 835 VSS: 0 FuelP: 2.60 OilP: 3.20
Data Verified. Payload Length: 123
MAP: 36 IAT: 36.00 CLT: 74 Volt: 14.90 AFR: 15.80 RPM: 830 VSS: 0 FuelP: 2.60 OilP: 3.20
Data Verified. Payload Length: 123
MAP: 36 IAT: 36.00 CLT: 74 Volt: 14.90 AFR: 15.80 RPM: 827 VSS: 0 FuelP: 2.60 OilP: 3.20
Data Verified. Payload Length: 123
MAP: 37 IAT: 36.00 CLT: 74 Volt: 14.90 AFR: 15.80 RPM: 827 VSS: 0 FuelP: 2.60 OilP: 3.20
Data Verified. Payload Length: 123
MAP: 37 IAT: 36.00 CLT: 74 Volt: 14.90 AFR: 16.10 RPM: 827 VSS: 0 FuelP: 2.60 OilP: 3.20
Data Verified. Payload Length: 123
MAP: 37 IAT: 36.00 CLT: 74 Volt: 14.90 AFR: 16.20 RPM: 821 VSS: 0 FuelP: 2.60 OilP: 3.20
Data Verified. Payload Length: 123
MAP: 37 IAT: 36.00 CLT: 74 Volt: 14.90 AFR: 16.30 RPM: 817 VSS: 0 FuelP: 2.60 OilP: 3.20
Data Verified. Payload Length: 123
MAP: 37 IAT: 36.00 CLT: 74 Volt: 14.90 AFR: 16.30 RPM: 818 VSS: 0 FuelP: 2.60 OilP: 3.20
Data Verified. Payload Length: 123
MAP: 37 IAT: 36.00 CLT: 74 Volt: 14.90 AFR: 16.30 RPM: 818 VSS: 0 FuelP: 2.60 OilP: 3.20
Data Verified. Payload Length: 123
MAP: 37 IAT: 36.00 CLT: 74 Volt: 14.90 AFR: 16.30 RPM: 818 VSS: 0 FuelP: 2.60 OilP: 3.20
Data Verified. Payload Length: 123
MAP: 37 IAT: 36.00 CLT: 74 Volt: 14.90 AFR: 16.30 RPM: 818 VSS: 0 FuelP: 2.60 OilP: 3.20
Data Verified. Payload Length: 123
MAP: 36 IAT: 36.00 CLT: 74 Volt: 14.90 AFR: 16.30 RPM: 821 VSS: 0 FuelP: 2.60 OilP: 3.20
Data Verified. Payload Length: 123
MAP: 36 IAT: 36.00 CLT: 74 Volt: 14.90 AFR: 16.30 RPM: 821 VSS: 0 FuelP: 2.60 OilP: 3.20
Data Verified. Payload Length: 123
MAP: 36 IAT: 36.00 CLT: 74 Volt: 14.90 AFR: 16.30 RPM: 821 VSS: 0 FuelP: 2.60 OilP: 3.20
Data Verified. Payload Length: 123
MAP: 37 IAT: 36.00 CLT: 74 Volt: 14.90 AFR: 16.30 RPM: 817 VSS: 0 FuelP: 2.60 OilP: 3.20
Data Verified. Payload Length: 123
MAP: 37 IAT: 36.00 CLT: 74 Volt: 14.90 AFR: 16.30 RPM: 811 VSS: 0 FuelP: 2.60 OilP: 3.20
Data Verified. Payload Length: 123
MAP: 37 IAT: 36.00 CLT: 74 Volt: 14.90 AFR: 16.30 RPM: 811 VSS: 0 FuelP: 2.60 OilP: 3.20
Data Verified. Payload Length: 123
MAP: 38 IAT: 36.00 CLT: 74 Volt: 14.90 AFR: 16.30 RPM: 807 VSS: 0 FuelP: 2.60 OilP: 3.20
Data Verified. Payload Length: 123
MAP: 38 IAT: 36.00 CLT: 74 Volt: 14.90 AFR: 16.30 RPM: 802 VSS: 0 FuelP: 2.60 OilP: 3.20
Data Verified. Payload Length: 123
MAP: 38 IAT: 36.00 CLT: 74 Volt: 14.90 AFR: 16.30 RPM: 802 VSS: 0 FuelP: 2.60 OilP: 3.20
Data Verified. Payload Length: 123
MAP: 37 IAT: 36.00 CLT: 74 Volt: 14.90 AFR: 16.30 RPM: 799 VSS: 0 FuelP: 2.60 OilP: 3.20
Data Verified. Payload Length: 123
MAP: 37 IAT: 36.00 CLT: 74 Volt: 14.90 AFR: 16.30 RPM: 805 VSS: 0 FuelP: 2.60 OilP: 3.10
Data Verified. Payload Length: 123
MAP: 37 IAT: 36.00 CLT: 74 Volt: 14.90 AFR: 16.30 RPM: 809 VSS: 0 FuelP: 2.60 OilP: 3.10
Data Verified. Payload Length: 123
MAP: 37 IAT: 36.00 CLT: 74 Volt: 14.90 AFR: 16.30 RPM: 809 VSS: 0 FuelP: 2.60 OilP: 3.10
Data Verified. Payload Length: 123
MAP: 37 IAT: 36.00 CLT: 74 Volt: 14.90 AFR: 16.30 RPM: 809 VSS: 0 FuelP: 2.60 OilP: 3.10
Data Verified. Payload Length: 123
MAP: 38 IAT: 36.00 CLT: 74 Volt: 14.90 AFR: 16.30 RPM: 810 VSS: 0 FuelP: 2.60 OilP: 3.10
Data Verified. Payload Length: 123
MAP: 38 IAT: 36.00 CLT: 74 Volt: 14.90 AFR: 16.30 RPM: 807 VSS: 0 FuelP: 2.60 OilP: 3.10
Data Verified. Payload Length: 123
MAP: 38 IAT: 36.00 CLT: 74 Volt: 14.90 AFR: 16.30 RPM: 807 VSS: 0 FuelP: 2.60 OilP: 3.10
Data Verified. Payload Length: 123
MAP: 38 IAT: 36.00 CLT: 74 Volt: 14.90 AFR: 16.30 RPM: 805 VSS: 0 FuelP: 2.60 OilP: 3.10
Data Verified. Payload Length: 123
MAP: 38 IAT: 36.00 CLT: 74 Volt: 14.90 AFR: 16.30 RPM: 812 VSS: 0 FuelP: 2.60 OilP: 3.10
Data Verified. Payload Length: 123
MAP: 38 IAT: 36.00 CLT: 74 Volt: 14.90 AFR: 16.30 RPM: 812 VSS: 0 FuelP: 2.60 OilP: 3.10
Data Verified. Payload Length: 123
MAP: 37 IAT: 36.00 CLT: 74 Volt: 14.90 AFR: 16.40 RPM: 822 VSS: 0 FuelP: 2.60 OilP: 3.10
Data Verified. Payload Length: 123
MAP: 37 IAT: 36.00 CLT: 74 Volt: 14.90 AFR: 16.50 RPM: 833 VSS: 0 FuelP: 2.60 OilP: 3.10
Data Verified. Payload Length: 123
MAP: 37 IAT: 36.00 CLT: 74 Volt: 14.90 AFR: 16.50 RPM: 841 VSS: 0 FuelP: 2.60 OilP: 3.10
Data Verified. Payload Length: 123
MAP: 37 IAT: 36.00 CLT: 74 Volt: 14.90 AFR: 16.50 RPM: 841 VSS: 0 FuelP: 2.60 OilP: 3.10
Data Verified. Payload Length: 123
MAP: 37 IAT: 36.00 CLT: 74 Volt: 14.90 AFR: 16.50 RPM: 837 VSS: 0 FuelP: 2.60 OilP: 3.10
Data Verified. Payload Length: 123
MAP: 37 IAT: 36.00 CLT: 74 Volt: 14.90 AFR: 16.50 RPM: 841 VSS: 0 FuelP: 2.60 OilP: 3.10
Data Verified. Payload Length: 123
MAP: 37 IAT: 36.00 CLT: 74 Volt: 14.90 AFR: 16.50 RPM: 842 VSS: 0 FuelP: 2.60 OilP: 3.10
Data Verified. Payload Length: 123
MAP: 37 IAT: 36.00 CLT: 74 Volt: 14.90 AFR: 16.50 RPM: 844 VSS: 0 FuelP: 2.60 OilP: 3.10
Data Verified. Payload Length: 123
MAP: 37 IAT: 36.00 CLT: 74 Volt: 14.90 AFR: 16.50 RPM: 844 VSS: 0 FuelP: 2.60 OilP: 3.10
Data Verified. Payload Length: 123
MAP: 37 IAT: 36.00 CLT: 74 Volt: 14.80 AFR: 16.50 RPM: 849 VSS: 0 FuelP: 2.60 OilP: 3.10
Data Verified. Payload Length: 123
MAP: 37 IAT: 36.00 CLT: 74 Volt: 14.80 AFR: 16.50 RPM: 850 VSS: 0 FuelP: 2.60 OilP: 3.10
Data Verified. Payload Length: 123
MAP: 37 IAT: 36.00 CLT: 74 Volt: 14.80 AFR: 16.50 RPM: 850 VSS: 0 FuelP: 2.60 OilP: 3.10
Data Verified. Payload Length: 123
MAP: 37 IAT: 36.00 CLT: 74 Volt: 14.80 AFR: 16.50 RPM: 850 VSS: 0 FuelP: 2.60 OilP: 3.10
Data Verified. Payload Length: 123
MAP: 37 IAT: 36.00 CLT: 74 Volt: 14.90 AFR: 16.50 RPM: 851 VSS: 0 FuelP: 2.60 OilP: 3.10
Data Verified. Payload Length: 123
MAP: 37 IAT: 36.00 CLT: 74 Volt: 14.90 AFR: 16.50 RPM: 850 VSS: 0 FuelP: 2.60 OilP: 3.10
Data Verified. Payload Length: 123
MAP: 36 IAT: 36.00 CLT: 74 Volt: 14.90 AFR: 16.50 RPM: 855 VSS: 0 FuelP: 2.60 OilP: 3.10
Data Verified. Payload Length: 123
MAP: 36 IAT: 36.00 CLT: 74 Volt: 14.90 AFR: 16.60 RPM: 855 VSS: 0 FuelP: 2.60 OilP: 3.10
Data Verified. Payload Length: 123
MAP: 36 IAT: 36.00 CLT: 74 Volt: 14.90 AFR: 16.30 RPM: 857 VSS: 0 FuelP: 2.60 OilP: 3.10
Data Verified. Payload Length: 123
MAP: 36 IAT: 36.00 CLT: 74 Volt: 14.90 AFR: 16.20 RPM: 861 VSS: 0 FuelP: 2.60 OilP: 3.20
Data Verified. Payload Length: 123
MAP: 36 IAT: 36.00 CLT: 74 Volt: 14.90 AFR: 16.20 RPM: 860 VSS: 0 FuelP: 2.60 OilP: 3.20
Data Verified. Payload Length: 123
MAP: 36 IAT: 36.00 CLT: 74 Volt: 14.90 AFR: 16.20 RPM: 860 VSS: 0 FuelP: 2.60 OilP: 3.20
Data Verified. Payload Length: 123
MAP: 36 IAT: 36.00 CLT: 74 Volt: 14.90 AFR: 16.20 RPM: 863 VSS: 0 FuelP: 2.60 OilP: 3.20
Data Verified. Payload Length: 123
MAP: 36 IAT: 36.00 CLT: 74 Volt: 14.90 AFR: 16.20 RPM: 859 VSS: 0 FuelP: 2.60 OilP: 3.20
Data Verified. Payload Length: 123
MAP: 36 IAT: 36.00 CLT: 74 Volt: 14.90 AFR: 16.20 RPM: 860 VSS: 0 FuelP: 2.60 OilP: 3.20
Data Verified. Payload Length: 123
MAP: 36 IAT: 36.00 CLT: 74 Volt: 14.90 AFR: 16.30 RPM: 860 VSS: 0 FuelP: 2.60 OilP: 3.20
Data Verified. Payload Length: 123
MAP: 36 IAT: 36.00 CLT: 74 Volt: 14.90 AFR: 16.30 RPM: 858 VSS: 0 FuelP: 2.60 OilP: 3.20
Data Verified. Payload Length: 123
MAP: 36 IAT: 36.00 CLT: 74 Volt: 14.90 AFR: 16.30 RPM: 854 VSS: 0 FuelP: 2.60 OilP: 3.20
Data Verified. Payload Length: 123
MAP: 36 IAT: 36.00 CLT: 74 Volt: 14.90 AFR: 16.30 RPM: 851 VSS: 0 FuelP: 2.60 OilP: 3.20
Data Verified. Payload Length: 123
MAP: 36 IAT: 36.00 CLT: 74 Volt: 15.00 AFR: 16.40 RPM: 846 VSS: 0 FuelP: 2.60 OilP: 3.20
Data Verified. Payload Length: 123
MAP: 36 IAT: 36.00 CLT: 74 Volt: 15.00 AFR: 16.50 RPM: 846 VSS: 0 FuelP: 2.60 OilP: 3.20
Data Verified. Payload Length: 123
MAP: 36 IAT: 36.00 CLT: 74 Volt: 15.00 AFR: 16.50 RPM: 840 VSS: 0 FuelP: 2.60 OilP: 3.20
Data Verified. Payload Length: 123
MAP: 37 IAT: 36.00 CLT: 74 Volt: 15.00 AFR: 16.50 RPM: 839 VSS: 0 FuelP: 2.60 OilP: 3.20
Data Verified. Payload Length: 123
MAP: 37 IAT: 36.00 CLT: 74 Volt: 14.90 AFR: 16.50 RPM: 832 VSS: 0 FuelP: 2.60 OilP: 3.20
Data Verified. Payload Length: 123
MAP: 37 IAT: 36.00 CLT: 74 Volt: 14.90 AFR: 16.60 RPM: 832 VSS: 0 FuelP: 2.60 OilP: 3.20
Data Verified. Payload Length: 123
MAP: 36 IAT: 36.00 CLT: 74 Volt: 14.90 AFR: 16.60 RPM: 827 VSS: 0 FuelP: 2.60 OilP: 3.20
Data Verified. Payload Length: 123
MAP: 36 IAT: 36.00 CLT: 74 Volt: 14.90 AFR: 16.60 RPM: 828 VSS: 0 FuelP: 2.60 OilP: 3.20
Data Verified. Payload Length: 123
MAP: 36 IAT: 36.00 CLT: 74 Volt: 14.90 AFR: 16.60 RPM: 828 VSS: 0 FuelP: 2.60 OilP: 3.20
Data Verified. Payload Length: 123
MAP: 36 IAT: 36.00 CLT: 74 Volt: 14.90 AFR: 16.60 RPM: 829 VSS: 0 FuelP: 2.60 OilP: 3.20
Data Verified. Payload Length: 123
MAP: 36 IAT: 36.00 CLT: 74 Volt: 14.90 AFR: 16.60 RPM: 826 VSS: 0 FuelP: 2.60 OilP: 3.20
Data Verified. Payload Length: 123
MAP: 37 IAT: 36.00 CLT: 74 Volt: 14.90 AFR: 16.60 RPM: 824 VSS: 0 FuelP: 2.60 OilP: 3.20
Data Verified. Payload Length: 123
MAP: 37 IAT: 36.00 CLT: 74 Volt: 14.90 AFR: 16.60 RPM: 824 VSS: 0 FuelP: 2.60 OilP: 3.20
Data Verified. Payload Length: 123
MAP: 37 IAT: 36.00 CLT: 74 Volt: 14.90 AFR: 16.60 RPM: 811 VSS: 0 FuelP: 2.60 OilP: 3.20
Data Verified. Payload Length: 123
MAP: 37 IAT: 36.00 CLT: 74 Volt: 14.90 AFR: 16.60 RPM: 806 VSS: 0 FuelP: 2.60 OilP: 3.10
Data Verified. Payload Length: 123
MAP: 37 IAT: 36.00 CLT: 74 Volt: 14.90 AFR: 16.60 RPM: 806 VSS: 0 FuelP: 2.60 OilP: 3.10
Data Verified. Payload Length: 123
MAP: 37 IAT: 36.00 CLT: 74 Volt: 14.90 AFR: 16.60 RPM: 806 VSS: 0 FuelP: 2.60 OilP: 3.10
Data Verified. Payload Length: 123
MAP: 37 IAT: 36.00 CLT: 74 Volt: 14.90 AFR: 16.60 RPM: 807 VSS: 0 FuelP: 2.60 OilP: 3.10
Data Verified. Payload Length: 123
MAP: 37 IAT: 36.00 CLT: 74 Volt: 14.90 AFR: 16.60 RPM: 803 VSS: 0 FuelP: 2.60 OilP: 3.10
Data Verified. Payload Length: 123
MAP: 37 IAT: 36.00 CLT: 74 Volt: 14.90 AFR: 16.60 RPM: 806 VSS: 0 FuelP: 2.60 OilP: 3.10
Data Verified. Payload Length: 123
MAP: 37 IAT: 36.00 CLT: 74 Volt: 14.90 AFR: 16.60 RPM: 806 VSS: 0 FuelP: 2.60 OilP: 3.10
Data Verified. Payload Length: 123
MAP: 37 IAT: 36.00 CLT: 74 Volt: 14.90 AFR: 16.60 RPM: 804 VSS: 0 FuelP: 2.60 OilP: 3.10
Data Verified. Payload Length: 123
MAP: 38 IAT: 36.00 CLT: 74 Volt: 14.90 AFR: 16.60 RPM: 806 VSS: 0 FuelP: 2.60 OilP: 3.10
Data Verified. Payload Length: 123
MAP: 38 IAT: 36.00 CLT: 74 Volt: 15.00 AFR: 16.60 RPM: 801 VSS: 0 FuelP: 2.60 OilP: 3.10
Data Verified. Payload Length: 123
MAP: 38 IAT: 36.00 CLT: 74 Volt: 15.00 AFR: 16.60 RPM: 801 VSS: 0 FuelP: 2.60 OilP: 3.10
Data Verified. Payload Length: 123
MAP: 38 IAT: 36.00 CLT: 74 Volt: 15.00 AFR: 16.60 RPM: 805 VSS: 0 FuelP: 2.60 OilP: 3.10
Data Verified. Payload Length: 123
MAP: 38 IAT: 36.00 CLT: 74 Volt: 15.00 AFR: 16.60 RPM: 809 VSS: 0 FuelP: 2.60 OilP: 3.10
Data Verified. Payload Length: 123
MAP: 38 IAT: 36.00 CLT: 74 Volt: 15.00 AFR: 16.60 RPM: 809 VSS: 0 FuelP: 2.60 OilP: 3.10
Data Verified. Payload Length: 123
MAP: 37 IAT: 36.00 CLT: 74 Volt: 15.00 AFR: 16.70 RPM: 817 VSS: 0 FuelP: 2.60 OilP: 3.10
Data Verified. Payload Length: 123
MAP: 37 IAT: 36.00 CLT: 74 Volt: 15.00 AFR: 16.80 RPM: 824 VSS: 0 FuelP: 2.60 OilP: 3.10
Data Verified. Payload Length: 123
MAP: 37 IAT: 36.00 CLT: 74 Volt: 15.00 AFR: 16.80 RPM: 834 VSS: 0 FuelP: 2.60 OilP: 3.10
Data Verified. Payload Length: 123
MAP: 37 IAT: 36.00 CLT: 74 Volt: 15.00 AFR: 16.80 RPM: 834 VSS: 0 FuelP: 2.60 OilP: 3.10
Data Verified. Payload Length: 123
MAP: 37 IAT: 36.00 CLT: 74 Volt: 15.00 AFR: 16.50 RPM: 836 VSS: 0 FuelP: 2.60 OilP: 3.10
Data Verified. Payload Length: 123
MAP: 37 IAT: 36.00 CLT: 74 Volt: 15.00 AFR: 16.50 RPM: 840 VSS: 0 FuelP: 2.60 OilP: 3.10
Data Verified. Payload Length: 123
MAP: 37 IAT: 36.00 CLT: 74 Volt: 15.00 AFR: 16.50 RPM: 841 VSS: 0 FuelP: 2.60 OilP: 3.10
Data Verified. Payload Length: 123
MAP: 37 IAT: 36.00 CLT: 74 Volt: 15.00 AFR: 16.50 RPM: 841 VSS: 0 FuelP: 2.60 OilP: 3.10
Data Verified. Payload Length: 123
MAP: 37 IAT: 36.00 CLT: 74 Volt: 15.00 AFR: 16.70 RPM: 845 VSS: 0 FuelP: 2.60 OilP: 3.10
Data Verified. Payload Length: 123
MAP: 37 IAT: 36.00 CLT: 74 Volt: 15.00 AFR: 16.80 RPM: 851 VSS: 0 FuelP: 2.60 OilP: 3.10
Data Verified. Payload Length: 123
MAP: 37 IAT: 36.00 CLT: 74 Volt: 15.00 AFR: 16.80 RPM: 854 VSS: 0 FuelP: 2.60 OilP: 3.10
Data Verified. Payload Length: 123
MAP: 37 IAT: 36.00 CLT: 74 Volt: 15.00 AFR: 16.80 RPM: 859 VSS: 0 FuelP: 2.60 OilP: 3.10
Data Verified. Payload Length: 123
MAP: 37 IAT: 36.00 CLT: 74 Volt: 15.00 AFR: 16.80 RPM: 859 VSS: 0 FuelP: 2.60 OilP: 3.10
Data Verified. Payload Length: 123
MAP: 37 IAT: 36.00 CLT: 74 Volt: 15.00 AFR: 16.80 RPM: 863 VSS: 0 FuelP: 2.60 OilP: 3.10
Data Verified. Payload Length: 123
MAP: 37 IAT: 36.00 CLT: 74 Volt: 14.90 AFR: 16.80 RPM: 865 VSS: 0 FuelP: 2.60 OilP: 3.20
Data Verified. Payload Length: 123
MAP: 36 IAT: 36.00 CLT: 74 Volt: 14.90 AFR: 16.50 RPM: 870 VSS: 0 FuelP: 2.60 OilP: 3.20
Data Verified. Payload Length: 123
MAP: 36 IAT: 36.00 CLT: 74 Volt: 14.90 AFR: 16.40 RPM: 874 VSS: 0 FuelP: 2.60 OilP: 3.20
Data Verified. Payload Length: 123
MAP: 36 IAT: 36.00 CLT: 74 Volt: 14.90 AFR: 16.20 RPM: 874 VSS: 0 FuelP: 2.60 OilP: 3.20
Data Verified. Payload Length: 123
MAP: 36 IAT: 36.00 CLT: 74 Volt: 14.90 AFR: 16.20 RPM: 877 VSS: 0 FuelP: 2.60 OilP: 3.20
Data Verified. Payload Length: 123
MAP: 36 IAT: 36.00 CLT: 74 Volt: 14.90 AFR: 16.20 RPM: 877 VSS: 0 FuelP: 2.60 OilP: 3.30
Data Verified. Payload Length: 123
MAP: 36 IAT: 36.00 CLT: 74 Volt: 14.90 AFR: 16.20 RPM: 881 VSS: 0 FuelP: 2.60 OilP: 3.30
Data Verified. Payload Length: 123
MAP: 36 IAT: 36.00 CLT: 74 Volt: 14.90 AFR: 16.20 RPM: 881 VSS: 0 FuelP: 2.60 OilP: 3.30
Data Verified. Payload Length: 123
MAP: 36 IAT: 36.00 CLT: 74 Volt: 14.90 AFR: 16.20 RPM: 879 VSS: 0 FuelP: 2.60 OilP: 3.30
Data Verified. Payload Length: 123
MAP: 35 IAT: 36.00 CLT: 74 Volt: 14.90 AFR: 16.20 RPM: 880 VSS: 0 FuelP: 2.60 OilP: 3.30
Data Verified. Payload Length: 123
MAP: 35 IAT: 36.00 CLT: 74 Volt: 14.90 AFR: 16.20 RPM: 882 VSS: 0 FuelP: 2.60 OilP: 3.30
Data Verified. Payload Length: 123
MAP: 35 IAT: 36.00 CLT: 74 Volt: 14.90 AFR: 16.20 RPM: 882 VSS: 0 FuelP: 2.60 OilP: 3.30
Data Verified. Payload Length: 123
MAP: 35 IAT: 36.00 CLT: 74 Volt: 14.90 AFR: 16.20 RPM: 884 VSS: 0 FuelP: 2.60 OilP: 3.30
Data Verified. Payload Length: 123
MAP: 35 IAT: 36.00 CLT: 74 Volt: 14.90 AFR: 16.20 RPM: 884 VSS: 0 FuelP: 2.60 OilP: 3.30
Data Verified. Payload Length: 123
MAP: 35 IAT: 36.00 CLT: 74 Volt: 14.90 AFR: 16.20 RPM: 888 VSS: 0 FuelP: 2.60 OilP: 3.30
Data Verified. Payload Length: 123
MAP: 35 IAT: 36.00 CLT: 74 Volt: 14.90 AFR: 16.20 RPM: 885 VSS: 0 FuelP: 2.60 OilP: 3.30
Data Verified. Payload Length: 123
MAP: 35 IAT: 36.00 CLT: 74 Volt: 14.90 AFR: 16.20 RPM: 885 VSS: 0 FuelP: 2.60 OilP: 3.30
Data Verified. Payload Length: 123
MAP: 35 IAT: 36.00 CLT: 74 Volt: 14.90 AFR: 16.20 RPM: 876 VSS: 0 FuelP: 2.60 OilP: 3.30
Data Verified. Payload Length: 123
MAP: 35 IAT: 36.00 CLT: 74 Volt: 14.90 AFR: 16.10 RPM: 876 VSS: 0 FuelP: 2.60 OilP: 3.30
Data Verified. Payload Length: 123
MAP: 35 IAT: 36.00 CLT: 74 Volt: 14.90 AFR: 16.30 RPM: 873 VSS: 0 FuelP: 2.60 OilP: 3.30
Data Verified. Payload Length: 123
MAP: 35 IAT: 36.00 CLT: 74 Volt: 14.90 AFR: 16.40 RPM: 871 VSS: 0 FuelP: 2.60 OilP: 3.30
Data Verified. Payload Length: 123
MAP: 35 IAT: 36.00 CLT: 74 Volt: 14.90 AFR: 16.50 RPM: 871 VSS: 0 FuelP: 2.60 OilP: 3.30
Data Verified. Payload Length: 123
MAP: 35 IAT: 36.00 CLT: 74 Volt: 14.90 AFR: 16.50 RPM: 867 VSS: 0 FuelP: 2.60 OilP: 3.30
Data Verified. Payload Length: 123
MAP: 35 IAT: 36.00 CLT: 74 Volt: 15.00 AFR: 16.50 RPM: 863 VSS: 0 FuelP: 2.60 OilP: 3.30
Data Verified. Payload Length: 123
MAP: 35 IAT: 36.00 CLT: 74 Volt: 15.00 AFR: 16.50 RPM: 859 VSS: 0 FuelP: 2.60 OilP: 3.30
Data Verified. Payload Length: 123
MAP: 35 IAT: 36.00 CLT: 74 Volt: 15.00 AFR: 16.50 RPM: 855 VSS: 0 FuelP: 2.60 OilP: 3.30
Data Verified. Payload Length: 123
MAP: 35 IAT: 36.00 CLT: 74 Volt: 15.00 AFR: 16.50 RPM: 855 VSS: 0 FuelP: 2.60 OilP: 3.30
Data Verified. Payload Length: 123
MAP: 36 IAT: 36.00 CLT: 74 Volt: 15.00 AFR: 16.50 RPM: 848 VSS: 0 FuelP: 2.60 OilP: 3.30
Data Verified. Payload Length: 123
MAP: 36 IAT: 36.00 CLT: 74 Volt: 15.00 AFR: 16.50 RPM: 840 VSS: 0 FuelP: 2.60 OilP: 3.30
Data Verified. Payload Length: 123
MAP: 36 IAT: 36.00 CLT: 74 Volt: 15.00 AFR: 16.50 RPM: 840 VSS: 0 FuelP: 2.60 OilP: 3.30
Data Verified. Payload Length: 123
MAP: 36 IAT: 36.00 CLT: 74 Volt: 15.00 AFR: 16.50 RPM: 835 VSS: 0 FuelP: 2.60 OilP: 3.30
Data Verified. Payload Length: 123
MAP: 36 IAT: 36.00 CLT: 74 Volt: 15.00 AFR: 16.50 RPM: 828 VSS: 0 FuelP: 2.60 OilP: 3.30
Data Verified. Payload Length: 123
MAP: 36 IAT: 36.00 CLT: 74 Volt: 15.00 AFR: 16.50 RPM: 827 VSS: 0 FuelP: 2.60 OilP: 3.30
Data Verified. Payload Length: 123
MAP: 36 IAT: 36.00 CLT: 74 Volt: 15.00 AFR: 16.50 RPM: 820 VSS: 0 FuelP: 2.60 OilP: 3.30
Data Verified. Payload Length: 123
MAP: 36 IAT: 36.00 CLT: 74 Volt: 15.00 AFR: 16.50 RPM: 820 VSS: 0 FuelP: 2.60 OilP: 3.30
Data Verified. Payload Length: 123
MAP: 36 IAT: 36.00 CLT: 74 Volt: 15.00 AFR: 16.50 RPM: 816 VSS: 0 FuelP: 2.60 OilP: 3.30
Data Verified. Payload Length: 123
MAP: 36 IAT: 36.00 CLT: 74 Volt: 15.00 AFR: 16.50 RPM: 809 VSS: 0 FuelP: 2.60 OilP: 3.30
Data Verified. Payload Length: 123
MAP: 36 IAT: 36.00 CLT: 74 Volt: 15.00 AFR: 16.50 RPM: 809 VSS: 0 FuelP: 2.60 OilP: 3.30
Data Verified. Payload Length: 123
MAP: 37 IAT: 35.00 CLT: 74 Volt: 15.00 AFR: 16.50 RPM: 806 VSS: 0 FuelP: 2.60 OilP: 3.20
Data Verified. Payload Length: 123
MAP: 37 IAT: 35.00 CLT: 74 Volt: 15.00 AFR: 16.50 RPM: 804 VSS: 0 FuelP: 2.60 OilP: 3.20
Data Verified. Payload Length: 123
MAP: 38 IAT: 35.00 CLT: 74 Volt: 15.00 AFR: 16.50 RPM: 803 VSS: 0 FuelP: 2.60 OilP: 3.20
Data Verified. Payload Length: 123
MAP: 38 IAT: 35.00 CLT: 74 Volt: 15.00 AFR: 16.50 RPM: 803 VSS: 0 FuelP: 2.60 OilP: 3.20
Data Verified. Payload Length: 123
MAP: 38 IAT: 35.00 CLT: 74 Volt: 15.00 AFR: 16.50 RPM: 802 VSS: 0 FuelP: 2.60 OilP: 3.20
Data Verified. Payload Length: 123
MAP: 37 IAT: 35.00 CLT: 74 Volt: 14.90 AFR: 16.50 RPM: 809 VSS: 0 FuelP: 2.60 OilP: 3.10
Data Verified. Payload Length: 123
MAP: 37 IAT: 35.00 CLT: 74 Volt: 14.90 AFR: 16.50 RPM: 809 VSS: 0 FuelP: 2.60 OilP: 3.10
Data Verified. Payload Length: 123
MAP: 37 IAT: 35.00 CLT: 74 Volt: 14.90 AFR: 16.50 RPM: 819 VSS: 0 FuelP: 2.60 OilP: 3.10
Data Verified. Payload Length: 123
MAP: 36 IAT: 35.00 CLT: 74 Volt: 14.90 AFR: 16.50 RPM: 827 VSS: 0 FuelP: 2.60 OilP: 3.10
Data Verified. Payload Length: 123
MAP: 36 IAT: 36.00 CLT: 75 Volt: 14.80 AFR: 16.50 RPM: 829 VSS: 0 FuelP: 2.60 OilP: 3.10
Data Verified. Payload Length: 123
MAP: 36 IAT: 36.00 CLT: 75 Volt: 14.80 AFR: 16.50 RPM: 834 VSS: 0 FuelP: 2.60 OilP: 3.10
Data Verified. Payload Length: 123
MAP: 36 IAT: 36.00 CLT: 75 Volt: 14.80 AFR: 16.50 RPM: 834 VSS: 0 FuelP: 2.60 OilP: 3.10
Data Verified. Payload Length: 123
MAP: 36 IAT: 36.00 CLT: 75 Volt: 14.80 AFR: 16.50 RPM: 834 VSS: 0 FuelP: 2.60 OilP: 3.10
Data Verified. Payload Length: 123
MAP: 36 IAT: 36.00 CLT: 75 Volt: 14.80 AFR: 16.50 RPM: 834 VSS: 0 FuelP: 2.60 OilP: 3.10
Data Verified. Payload Length: 123
MAP: 36 IAT: 36.00 CLT: 75 Volt: 14.80 AFR: 16.70 RPM: 829 VSS: 0 FuelP: 2.60 OilP: 3.10
Data Verified. Payload Length: 123
MAP: 36 IAT: 36.00 CLT: 75 Volt: 14.80 AFR: 16.70 RPM: 829 VSS: 0 FuelP: 2.60 OilP: 3.10
Data Verified. Payload Length: 123
MAP: 36 IAT: 36.00 CLT: 75 Volt: 14.80 AFR: 16.80 RPM: 823 VSS: 0 FuelP: 2.60 OilP: 3.10
Data Verified. Payload Length: 123
MAP: 36 IAT: 36.00 CLT: 75 Volt: 14.80 AFR: 16.80 RPM: 820 VSS: 0 FuelP: 2.60 OilP: 3.10
Data Verified. Payload Length: 123
MAP: 36 IAT: 36.00 CLT: 75 Volt: 14.80 AFR: 16.80 RPM: 820 VSS: 0 FuelP: 2.60 OilP: 3.10
Data Verified. Payload Length: 123
MAP: 37 IAT: 36.00 CLT: 75 Volt: 14.80 AFR: 16.80 RPM: 817 VSS: 0 FuelP: 2.60 OilP: 3.10
Data Verified. Payload Length: 123
MAP: 37 IAT: 36.00 CLT: 75 Volt: 14.80 AFR: 16.80 RPM: 815 VSS: 0 FuelP: 2.60 OilP: 3.10
Data Verified. Payload Length: 123
MAP: 37 IAT: 36.00 CLT: 75 Volt: 14.80 AFR: 16.80 RPM: 816 VSS: 0 FuelP: 2.60 OilP: 3.10
Data Verified. Payload Length: 123
MAP: 37 IAT: 36.00 CLT: 75 Volt: 14.80 AFR: 16.70 RPM: 816 VSS: 0 FuelP: 2.60 OilP: 3.10
Data Verified. Payload Length: 123
MAP: 37 IAT: 35.00 CLT: 75 Volt: 14.80 AFR: 16.80 RPM: 815 VSS: 0 FuelP: 2.60 OilP: 3.10
Data Verified. Payload Length: 123
MAP: 36 IAT: 35.00 CLT: 75 Volt: 14.80 AFR: 16.50 RPM: 817 VSS: 0 FuelP: 2.60 OilP: 3.10
Data Verified. Payload Length: 123
MAP: 36 IAT: 35.00 CLT: 75 Volt: 14.80 AFR: 16.50 RPM: 822 VSS: 0 FuelP: 2.60 OilP: 3.10
Data Verified. Payload Length: 123
MAP: 36 IAT: 35.00 CLT: 75 Volt: 14.80 AFR: 16.50 RPM: 822 VSS: 0 FuelP: 2.60 OilP: 3.10
Data Verified. Payload Length: 123
MAP: 36 IAT: 35.00 CLT: 75 Volt: 14.80 AFR: 16.30 RPM: 823 VSS: 0 FuelP: 2.60 OilP: 3.10
Data Verified. Payload Length: 123
MAP: 36 IAT: 35.00 CLT: 75 Volt: 14.80 AFR: 16.20 RPM: 822 VSS: 0 FuelP: 2.60 OilP: 3.10
Data Verified. Payload Length: 123
MAP: 36 IAT: 35.00 CLT: 75 Volt: 14.80 AFR: 16.20 RPM: 823 VSS: 0 FuelP: 2.60 OilP: 3.10
Data Verified. Payload Length: 123
MAP: 36 IAT: 35.00 CLT: 75 Volt: 14.80 AFR: 16.20 RPM: 815 VSS: 0 FuelP: 2.60 OilP: 3.10
Data Verified. Payload Length: 123
MAP: 36 IAT: 35.00 CLT: 75 Volt: 14.80 AFR: 16.20 RPM: 815 VSS: 0 FuelP: 2.60 OilP: 3.10
Data Verified. Payload Length: 123
MAP: 36 IAT: 35.00 CLT: 75 Volt: 14.80 AFR: 16.30 RPM: 816 VSS: 0 FuelP: 2.60 OilP: 3.10
Data Verified. Payload Length: 123
MAP: 36 IAT: 35.00 CLT: 75 Volt: 14.80 AFR: 16.90 RPM: 815 VSS: 0 FuelP: 2.60 OilP: 3.10
Data Verified. Payload Length: 123
MAP: 36 IAT: 35.00 CLT: 75 Volt: 14.80 AFR: 16.80 RPM: 815 VSS: 0 FuelP: 2.60 OilP: 3.10
Data Verified. Payload Length: 123
MAP: 37 IAT: 35.00 CLT: 75 Volt: 14.80 AFR: 16.80 RPM: 810 VSS: 0 FuelP: 2.60 OilP: 3.10
Data Verified. Payload Length: 123
MAP: 37 IAT: 35.00 CLT: 75 Volt: 14.80 AFR: 16.70 RPM: 806 VSS: 0 FuelP: 2.60 OilP: 3.10
Data Verified. Payload Length: 123
MAP: 38 IAT: 35.00 CLT: 75 Volt: 14.80 AFR: 16.80 RPM: 812 VSS: 0 FuelP: 2.60 OilP: 3.10
Data Verified. Payload Length: 123
MAP: 38 IAT: 35.00 CLT: 75 Volt: 14.80 AFR: 16.80 RPM: 812 VSS: 0 FuelP: 2.60 OilP: 3.10
Data Verified. Payload Length: 123
MAP: 38 IAT: 35.00 CLT: 75 Volt: 14.80 AFR: 16.80 RPM: 813 VSS: 0 FuelP: 2.60 OilP: 3.10
Data Verified. Payload Length: 123
MAP: 37 IAT: 35.00 CLT: 75 Volt: 14.80 AFR: 16.80 RPM: 820 VSS: 0 FuelP: 2.60 OilP: 3.10
Data Verified. Payload Length: 123
MAP: 37 IAT: 35.00 CLT: 75 Volt: 14.80 AFR: 16.80 RPM: 828 VSS: 0 FuelP: 2.60 OilP: 3.10
Data Verified. Payload Length: 123
MAP: 37 IAT: 35.00 CLT: 75 Volt: 14.90 AFR: 16.60 RPM: 828 VSS: 0 FuelP: 2.60 OilP: 3.10
Data Verified. Payload Length: 123
MAP: 36 IAT: 35.00 CLT: 75 Volt: 14.90 AFR: 16.60 RPM: 834 VSS: 0 FuelP: 2.60 OilP: 3.10
Data Verified. Payload Length: 123
MAP: 36 IAT: 35.00 CLT: 75 Volt: 14.90 AFR: 16.50 RPM: 837 VSS: 0 FuelP: 2.60 OilP: 3.10
Data Verified. Payload Length: 123
MAP: 36 IAT: 35.00 CLT: 75 Volt: 14.90 AFR: 16.50 RPM: 837 VSS: 0 FuelP: 2.60 OilP: 3.10
Data Verified. Payload Length: 123
MAP: 36 IAT: 35.00 CLT: 75 Volt: 14.90 AFR: 16.50 RPM: 843 VSS: 0 FuelP: 2.60 OilP: 3.10
Data Verified. Payload Length: 123
MAP: 36 IAT: 35.00 CLT: 75 Volt: 14.90 AFR: 16.50 RPM: 842 VSS: 0 FuelP: 2.60 OilP: 3.10
Data Verified. Payload Length: 123
MAP: 36 IAT: 35.00 CLT: 75 Volt: 14.90 AFR: 16.50 RPM: 839 VSS: 0 FuelP: 2.60 OilP: 3.10
Data Verified. Payload Length: 123
MAP: 36 IAT: 35.00 CLT: 75 Volt: 14.90 AFR: 16.50 RPM: 839 VSS: 0 FuelP: 2.60 OilP: 3.10
Data Verified. Payload Length: 123
MAP: 36 IAT: 35.00 CLT: 75 Volt: 14.90 AFR: 16.50 RPM: 837 VSS: 0 FuelP: 2.60 OilP: 3.10
Data Verified. Payload Length: 123
MAP: 37 IAT: 35.00 CLT: 75 Volt: 14.90 AFR: 16.50 RPM: 837 VSS: 0 FuelP: 2.60 OilP: 3.10
Data Verified. Payload Length: 123
MAP: 37 IAT: 35.00 CLT: 75 Volt: 14.80 AFR: 16.50 RPM: 834 VSS: 0 FuelP: 2.60 OilP: 3.10
Data Verified. Payload Length: 123
MAP: 37 IAT: 35.00 CLT: 75 Volt: 14.80 AFR: 16.50 RPM: 834 VSS: 0 FuelP: 2.60 OilP: 3.10
Data Verified. Payload Length: 123
MAP: 37 IAT: 35.00 CLT: 75 Volt: 14.80 AFR: 16.40 RPM: 827 VSS: 0 FuelP: 2.60 OilP: 3.10
Data Verified. Payload Length: 123
MAP: 37 IAT: 35.00 CLT: 75 Volt: 14.80 AFR: 16.30 RPM: 828 VSS: 0 FuelP: 2.60 OilP: 3.10
Data Verified. Payload Length: 123
MAP: 36 IAT: 35.00 CLT: 75 Volt: 14.90 AFR: 16.00 RPM: 832 VSS: 0 FuelP: 2.60 OilP: 3.10
Data Verified. Payload Length: 123
MAP: 36 IAT: 35.00 CLT: 75 Volt: 14.90 AFR: 15.90 RPM: 832 VSS: 0 FuelP: 2.60 OilP: 3.10
Data Verified. Payload Length: 123
MAP: 36 IAT: 35.00 CLT: 75 Volt: 14.90 AFR: 15.90 RPM: 835 VSS: 0 FuelP: 2.60 OilP: 3.10
Data Verified. Payload Length: 123
MAP: 36 IAT: 35.00 CLT: 75 Volt: 14.90 AFR: 15.90 RPM: 839 VSS: 0 FuelP: 2.60 OilP: 3.10
Data Verified. Payload Length: 123
MAP: 36 IAT: 35.00 CLT: 75 Volt: 14.90 AFR: 15.90 RPM: 841 VSS: 0 FuelP: 2.60 OilP: 3.10
Data Verified. Payload Length: 123
MAP: 36 IAT: 35.00 CLT: 75 Volt: 14.80 AFR: 15.90 RPM: 841 VSS: 0 FuelP: 2.60 OilP: 3.10
Data Verified. Payload Length: 123
MAP: 36 IAT: 35.00 CLT: 75 Volt: 14.80 AFR: 15.80 RPM: 844 VSS: 0 FuelP: 2.60 OilP: 3.10
Data Verified. Payload Length: 123
MAP: 36 IAT: 35.00 CLT: 75 Volt: 14.80 AFR: 15.80 RPM: 844 VSS: 0 FuelP: 2.60 OilP: 3.10
Data Verified. Payload Length: 123
MAP: 37 IAT: 35.00 CLT: 75 Volt: 14.80 AFR: 15.80 RPM: 844 VSS: 0 FuelP: 2.60 OilP: 3.10
Data Verified. Payload Length: 123
MAP: 37 IAT: 35.00 CLT: 75 Volt: 14.80 AFR: 15.80 RPM: 844 VSS: 0 FuelP: 2.60 OilP: 3.10
Data Verified. Payload Length: 123
MAP: 37 IAT: 35.00 CLT: 75 Volt: 14.90 AFR: 15.80 RPM: 843 VSS: 0 FuelP: 2.60 OilP: 3.10
Data Verified. Payload Length: 123
MAP: 37 IAT: 35.00 CLT: 75 Volt: 14.90 AFR: 15.80 RPM: 845 VSS: 0 FuelP: 2.60 OilP: 3.10
Data Verified. Payload Length: 123
MAP: 37 IAT: 35.00 CLT: 75 Volt: 14.90 AFR: 15.80 RPM: 848 VSS: 0 FuelP: 2.60 OilP: 3.10
Data Verified. Payload Length: 123
MAP: 37 IAT: 35.00 CLT: 75 Volt: 14.90 AFR: 15.80 RPM: 848 VSS: 0 FuelP: 2.60 OilP: 3.10
Data Verified. Payload Length: 123
MAP: 36 IAT: 35.00 CLT: 75 Volt: 14.90 AFR: 15.80 RPM: 854 VSS: 0 FuelP: 2.60 OilP: 3.10
Data Verified. Payload Length: 123
MAP: 36 IAT: 35.00 CLT: 75 Volt: 14.90 AFR: 16.10 RPM: 855 VSS: 0 FuelP: 2.60 OilP: 3.20
Data Verified. Payload Length: 123
MAP: 35 IAT: 35.00 CLT: 75 Volt: 14.90 AFR: 16.20 RPM: 858 VSS: 0 FuelP: 2.60 OilP: 3.20
Data Verified. Payload Length: 123
MAP: 35 IAT: 35.00 CLT: 75 Volt: 14.90 AFR: 16.20 RPM: 858 VSS: 0 FuelP: 2.60 OilP: 3.20
Data Verified. Payload Length: 123
MAP: 35 IAT: 35.00 CLT: 75 Volt: 14.90 AFR: 16.20 RPM: 862 VSS: 0 FuelP: 2.60 OilP: 3.20
Data Verified. Payload Length: 123
MAP: 35 IAT: 35.00 CLT: 75 Volt: 14.90 AFR: 16.20 RPM: 862 VSS: 0 FuelP: 2.60 OilP: 3.20
Data Verified. Payload Length: 123
MAP: 35 IAT: 35.00 CLT: 75 Volt: 14.90 AFR: 16.20 RPM: 855 VSS: 0 FuelP: 2.60 OilP: 3.20
Data Verified. Payload Length: 123
MAP: 36 IAT: 35.00 CLT: 75 Volt: 14.90 AFR: 16.20 RPM: 856 VSS: 0 FuelP: 2.60 OilP: 3.20
Data Verified. Payload Length: 123
MAP: 36 IAT: 35.00 CLT: 75 Volt: 14.90 AFR: 16.20 RPM: 856 VSS: 0 FuelP: 2.60 OilP: 3.20
Data Verified. Payload Length: 123
MAP: 36 IAT: 35.00 CLT: 75 Volt: 14.90 AFR: 16.20 RPM: 852 VSS: 0 FuelP: 2.60 OilP: 3.20
Data Verified. Payload Length: 123
MAP: 36 IAT: 35.00 CLT: 75 Volt: 14.90 AFR: 16.20 RPM: 857 VSS: 0 FuelP: 2.60 OilP: 3.20
Data Verified. Payload Length: 123
MAP: 36 IAT: 35.00 CLT: 75 Volt: 14.90 AFR: 16.20 RPM: 858 VSS: 0 FuelP: 2.60 OilP: 3.20
Data Verified. Payload Length: 123
MAP: 36 IAT: 35.00 CLT: 75 Volt: 14.90 AFR: 16.20 RPM: 858 VSS: 0 FuelP: 2.60 OilP: 3.20
Data Verified. Payload Length: 123
MAP: 36 IAT: 35.00 CLT: 75 Volt: 14.90 AFR: 16.20 RPM: 858 VSS: 0 FuelP: 2.60 OilP: 3.20
Data Verified. Payload Length: 123
MAP: 36 IAT: 35.00 CLT: 75 Volt: 14.90 AFR: 16.20 RPM: 862 VSS: 0 FuelP: 2.60 OilP: 3.20
Data Verified. Payload Length: 123
MAP: 35 IAT: 35.00 CLT: 75 Volt: 14.90 AFR: 16.20 RPM: 865 VSS: 0 FuelP: 2.60 OilP: 3.20
Data Verified. Payload Length: 123
MAP: 35 IAT: 35.00 CLT: 75 Volt: 14.90 AFR: 16.20 RPM: 866 VSS: 0 FuelP: 2.60 OilP: 3.20
Data Verified. Payload Length: 123
MAP: 35 IAT: 35.00 CLT: 75 Volt: 14.90 AFR: 16.20 RPM: 866 VSS: 0 FuelP: 2.60 OilP: 3.20
Data Verified. Payload Length: 123
MAP: 35 IAT: 35.00 CLT: 75 Volt: 14.90 AFR: 16.20 RPM: 866 VSS: 0 FuelP: 2.60 OilP: 3.20
Data Verified. Payload Length: 123
MAP: 35 IAT: 35.00 CLT: 75 Volt: 14.90 AFR: 16.20 RPM: 860 VSS: 0 FuelP: 2.60 OilP: 3.20
Data Verified. Payload Length: 123
MAP: 35 IAT: 35.00 CLT: 75 Volt: 14.90 AFR: 16.20 RPM: 862 VSS: 0 FuelP: 2.60 OilP: 3.20
Data Verified. Payload Length: 123
MAP: 35 IAT: 35.00 CLT: 75 Volt: 14.90 AFR: 16.20 RPM: 857 VSS: 0 FuelP: 2.60 OilP: 3.20
Data Verified. Payload Length: 123
MAP: 35 IAT: 35.00 CLT: 75 Volt: 14.90 AFR: 16.20 RPM: 857 VSS: 0 FuelP: 2.60 OilP: 3.20
Data Verified. Payload Length: 123
MAP: 35 IAT: 35.00 CLT: 75 Volt: 14.90 AFR: 16.20 RPM: 858 VSS: 0 FuelP: 2.60 OilP: 3.20
Data Verified. Payload Length: 123
MAP: 35 IAT: 35.00 CLT: 75 Volt: 14.90 AFR: 16.20 RPM: 857 VSS: 0 FuelP: 2.60 OilP: 3.20
Data Verified. Payload Length: 123
MAP: 36 IAT: 35.00 CLT: 75 Volt: 14.90 AFR: 16.10 RPM: 855 VSS: 0 FuelP: 2.60 OilP: 3.20
Data Verified. Payload Length: 123
MAP: 36 IAT: 35.00 CLT: 75 Volt: 14.90 AFR: 16.10 RPM: 855 VSS: 0 FuelP: 2.60 OilP: 3.20
Data Verified. Payload Length: 123
MAP: 36 IAT: 35.00 CLT: 75 Volt: 14.90 AFR: 16.10 RPM: 846 VSS: 0 FuelP: 2.60 OilP: 3.20
Data Verified. Payload Length: 123
MAP: 36 IAT: 35.00 CLT: 75 Volt: 14.90 AFR: 16.10 RPM: 845 VSS: 0 FuelP: 2.60 OilP: 3.20
Data Verified. Payload Length: 123
MAP: 36 IAT: 35.00 CLT: 75 Volt: 14.90 AFR: 16.10 RPM: 847 VSS: 0 FuelP: 2.60 OilP: 3.20
Data Verified. Payload Length: 123
MAP: 36 IAT: 35.00 CLT: 75 Volt: 14.90 AFR: 16.10 RPM: 847 VSS: 0 FuelP: 2.60 OilP: 3.20
Data Verified. Payload Length: 123
MAP: 35 IAT: 35.00 CLT: 75 Volt: 14.90 AFR: 16.10 RPM: 849 VSS: 0 FuelP: 2.60 OilP: 3.20
Data Verified. Payload Length: 123
MAP: 35 IAT: 35.00 CLT: 75 Volt: 14.90 AFR: 16.10 RPM: 849 VSS: 0 FuelP: 2.60 OilP: 3.20
Data Verified. Payload Length: 123
MAP: 35 IAT: 35.00 CLT: 75 Volt: 14.90 AFR: 16.10 RPM: 850 VSS: 0 FuelP: 2.60 OilP: 3.20
Data Verified. Payload Length: 123
MAP: 35 IAT: 35.00 CLT: 75 Volt: 14.90 AFR: 16.10 RPM: 849 VSS: 0 FuelP: 2.60 OilP: 3.20
Data Verified. Payload Length: 123
MAP: 35 IAT: 35.00 CLT: 75 Volt: 14.90 AFR: 16.00 RPM: 849 VSS: 0 FuelP: 2.60 OilP: 3.20
Data Verified. Payload Length: 123
MAP: 35 IAT: 35.00 CLT: 75 Volt: 14.90 AFR: 16.10 RPM: 846 VSS: 0 FuelP: 2.60 OilP: 3.20
Data Verified. Payload Length: 123
MAP: 35 IAT: 35.00 CLT: 75 Volt: 14.90 AFR: 16.10 RPM: 844 VSS: 0 FuelP: 2.60 OilP: 3.20
Data Verified. Payload Length: 123
MAP: 35 IAT: 35.00 CLT: 75 Volt: 14.90 AFR: 16.10 RPM: 843 VSS: 0 FuelP: 2.60 OilP: 3.20
Data Verified. Payload Length: 123
MAP: 35 IAT: 35.00 CLT: 75 Volt: 14.90 AFR: 16.10 RPM: 841 VSS: 0 FuelP: 2.60 OilP: 3.20
Data Verified. Payload Length: 123
MAP: 35 IAT: 35.00 CLT: 75 Volt: 14.90 AFR: 16.20 RPM: 841 VSS: 0 FuelP: 2.60 OilP: 3.20
Data Verified. Payload Length: 123
MAP: 35 IAT: 35.00 CLT: 75 Volt: 14.90 AFR: 16.40 RPM: 838 VSS: 0 FuelP: 2.60 OilP: 3.20
Data Verified. Payload Length: 123
MAP: 35 IAT: 35.00 CLT: 75 Volt: 14.90 AFR: 16.50 RPM: 836 VSS: 0 FuelP: 2.60 OilP: 3.20
Data Verified. Payload Length: 123
MAP: 35 IAT: 35.00 CLT: 75 Volt: 14.90 AFR: 16.50 RPM: 836 VSS: 0 FuelP: 2.60 OilP: 3.20
Data Verified. Payload Length: 123
MAP: 35 IAT: 35.00 CLT: 75 Volt: 14.90 AFR: 16.50 RPM: 833 VSS: 0 FuelP: 2.60 OilP: 3.20
Data Verified. Payload Length: 123
MAP: 35 IAT: 35.00 CLT: 75 Volt: 14.90 AFR: 16.50 RPM: 827 VSS: 0 FuelP: 2.60 OilP: 3.20
Data Verified. Payload Length: 123
MAP: 36 IAT: 35.00 CLT: 75 Volt: 14.90 AFR: 16.50 RPM: 824 VSS: 0 FuelP: 2.60 OilP: 3.20
Data Verified. Payload Length: 123
MAP: 36 IAT: 35.00 CLT: 75 Volt: 14.90 AFR: 16.50 RPM: 824 VSS: 0 FuelP: 2.60 OilP: 3.20
Data Verified. Payload Length: 123
MAP: 36 IAT: 35.00 CLT: 75 Volt: 14.90 AFR: 16.50 RPM: 818 VSS: 0 FuelP: 2.60 OilP: 3.20
Data Verified. Payload Length: 123
MAP: 37 IAT: 35.00 CLT: 75 Volt: 14.90 AFR: 16.50 RPM: 813 VSS: 0 FuelP: 2.60 OilP: 3.20
Data Verified. Payload Length: 123
MAP: 37 IAT: 35.00 CLT: 75 Volt: 14.90 AFR: 16.50 RPM: 809 VSS: 0 FuelP: 2.60 OilP: 3.20
Data Verified. Payload Length: 123
MAP: 37 IAT: 35.00 CLT: 75 Volt: 14.90 AFR: 16.50 RPM: 809 VSS: 0 FuelP: 2.60 OilP: 3.20
Data Verified. Payload Length: 123
MAP: 37 IAT: 35.00 CLT: 75 Volt: 14.90 AFR: 16.40 RPM: 802 VSS: 0 FuelP: 2.60 OilP: 3.10
Data Verified. Payload Length: 123
MAP: 37 IAT: 35.00 CLT: 75 Volt: 14.90 AFR: 16.30 RPM: 801 VSS: 0 FuelP: 2.60 OilP: 3.10
Data Verified. Payload Length: 123
MAP: 36 IAT: 35.00 CLT: 75 Volt: 14.90 AFR: 16.30 RPM: 807 VSS: 0 FuelP: 2.60 OilP: 3.10
Data Verified. Payload Length: 123
MAP: 36 IAT: 35.00 CLT: 75 Volt: 14.90 AFR: 16.30 RPM: 807 VSS: 0 FuelP: 2.60 OilP: 3.10
Data Verified. Payload Length: 123
MAP: 36 IAT: 35.00 CLT: 75 Volt: 14.90 AFR: 16.30 RPM: 801 VSS: 0 FuelP: 2.60 OilP: 3.10
Data Verified. Payload Length: 123
MAP: 34 IAT: 35.00 CLT: 75 Volt: 14.90 AFR: 16.30 RPM: 802 VSS: 0 FuelP: 2.60 OilP: 3.10
Data Verified. Payload Length: 123
MAP: 34 IAT: 35.00 CLT: 75 Volt: 14.90 AFR: 16.30 RPM: 802 VSS: 0 FuelP: 2.60 OilP: 3.10
Data Verified. Payload Length: 123
MAP: 34 IAT: 35.00 CLT: 75 Volt: 14.90 AFR: 16.30 RPM: 803 VSS: 0 FuelP: 2.60 OilP: 3.10
Data Verified. Payload Length: 123
MAP: 34 IAT: 35.00 CLT: 75 Volt: 14.90 AFR: 16.30 RPM: 800 VSS: 0 FuelP: 2.60 OilP: 3.10
Data Verified. Payload Length: 123
MAP: 34 IAT: 35.00 CLT: 75 Volt: 14.90 AFR: 16.30 RPM: 795 VSS: 0 FuelP: 2.60 OilP: 3.10
Data Verified. Payload Length: 123
MAP: 34 IAT: 35.00 CLT: 75 Volt: 14.90 AFR: 16.40 RPM: 795 VSS: 0 FuelP: 2.60 OilP: 3.10
Data Verified. Payload Length: 123
MAP: 34 IAT: 35.00 CLT: 75 Volt: 14.90 AFR: 16.50 RPM: 789 VSS: 0 FuelP: 2.60 OilP: 3.10
Data Verified. Payload Length: 123
MAP: 34 IAT: 35.00 CLT: 75 Volt: 14.90 AFR: 16.50 RPM: 779 VSS: 0 FuelP: 2.60 OilP: 3.10
Data Verified. Payload Length: 123
MAP: 34 IAT: 35.00 CLT: 75 Volt: 14.90 AFR: 16.50 RPM: 779 VSS: 0 FuelP: 2.60 OilP: 3.10
Data Verified. Payload Length: 123
MAP: 35 IAT: 35.00 CLT: 75 Volt: 14.90 AFR: 16.50 RPM: 778 VSS: 0 FuelP: 2.60 OilP: 3.00
Data Verified. Payload Length: 123
MAP: 35 IAT: 35.00 CLT: 75 Volt: 14.90 AFR: 16.50 RPM: 770 VSS: 0 FuelP: 2.60 OilP: 3.00
Data Verified. Payload Length: 123
MAP: 36 IAT: 35.00 CLT: 75 Volt: 14.90 AFR: 16.50 RPM: 768 VSS: 0 FuelP: 2.60 OilP: 3.00
Data Verified. Payload Length: 123
MAP: 36 IAT: 35.00 CLT: 75 Volt: 14.90 AFR: 16.30 RPM: 768 VSS: 0 FuelP: 2.60 OilP: 3.00
Data Verified. Payload Length: 123
MAP: 36 IAT: 35.00 CLT: 75 Volt: 14.90 AFR: 16.20 RPM: 766 VSS: 0 FuelP: 2.60 OilP: 3.00
Data Verified. Payload Length: 123
MAP: 37 IAT: 35.00 CLT: 75 Volt: 14.80 AFR: 16.20 RPM: 767 VSS: 0 FuelP: 2.60 OilP: 2.90
Data Verified. Payload Length: 123
MAP: 37 IAT: 35.00 CLT: 75 Volt: 14.80 AFR: 16.20 RPM: 767 VSS: 0 FuelP: 2.60 OilP: 2.90
Data Verified. Payload Length: 123
MAP: 37 IAT: 35.00 CLT: 75 Volt: 14.80 AFR: 16.10 RPM: 767 VSS: 0 FuelP: 2.60 OilP: 2.90
Data Verified. Payload Length: 123
MAP: 37 IAT: 35.00 CLT: 75 Volt: 14.80 AFR: 16.10 RPM: 770 VSS: 0 FuelP: 2.60 OilP: 2.90
Data Verified. Payload Length: 123
MAP: 37 IAT: 35.00 CLT: 75 Volt: 14.90 AFR: 16.10 RPM: 762 VSS: 0 FuelP: 2.60 OilP: 2.90
Data Verified. Payload Length: 123
MAP: 37 IAT: 35.00 CLT: 75 Volt: 14.90 AFR: 16.00 RPM: 762 VSS: 0 FuelP: 2.60 OilP: 2.90
Data Verified. Payload Length: 123
MAP: 38 IAT: 35.00 CLT: 75 Volt: 14.90 AFR: 16.00 RPM: 765 VSS: 0 FuelP: 2.60 OilP: 2.90
Data Verified. Payload Length: 123
MAP: 38 IAT: 35.00 CLT: 75 Volt: 14.90 AFR: 16.10 RPM: 767 VSS: 0 FuelP: 2.60 OilP: 2.90
Data Verified. Payload Length: 123
MAP: 38 IAT: 35.00 CLT: 75 Volt: 14.90 AFR: 16.10 RPM: 767 VSS: 0 FuelP: 2.60 OilP: 2.90
Data Verified. Payload Length: 123
MAP: 38 IAT: 35.00 CLT: 75 Volt: 14.90 AFR: 16.10 RPM: 775 VSS: 0 FuelP: 2.60 OilP: 2.90
Data Verified. Payload Length: 123
MAP: 38 IAT: 35.00 CLT: 75 Volt: 14.90 AFR: 16.10 RPM: 780 VSS: 0 FuelP: 2.60 OilP: 2.90
Data Verified. Payload Length: 123
MAP: 38 IAT: 35.00 CLT: 75 Volt: 14.90 AFR: 16.10 RPM: 780 VSS: 0 FuelP: 2.60 OilP: 2.90
Data Verified. Payload Length: 123
MAP: 39 IAT: 35.00 CLT: 75 Volt: 14.90 AFR: 16.10 RPM: 794 VSS: 0 FuelP: 2.60 OilP: 2.90
Data Verified. Payload Length: 123
MAP: 39 IAT: 35.00 CLT: 75 Volt: 14.90 AFR: 16.10 RPM: 804 VSS: 0 FuelP: 2.60 OilP: 2.90
Data Verified. Payload Length: 123
MAP: 38 IAT: 35.00 CLT: 75 Volt: 14.90 AFR: 16.10 RPM: 813 VSS: 0 FuelP: 2.60 OilP: 2.90
Data Verified. Payload Length: 123
MAP: 38 IAT: 35.00 CLT: 75 Volt: 14.90 AFR: 16.10 RPM: 813 VSS: 0 FuelP: 2.60 OilP: 2.90
Data Verified. Payload Length: 123
MAP: 38 IAT: 35.00 CLT: 75 Volt: 14.90 AFR: 16.10 RPM: 821 VSS: 0 FuelP: 2.60 OilP: 2.90
Data Verified. Payload Length: 123
MAP: 37 IAT: 35.00 CLT: 75 Volt: 14.90 AFR: 16.10 RPM: 829 VSS: 0 FuelP: 2.60 OilP: 2.90
Data Verified. Payload Length: 123
MAP: 37 IAT: 35.00 CLT: 75 Volt: 14.90 AFR: 16.30 RPM: 829 VSS: 0 FuelP: 2.60 OilP: 2.90
Data Verified. Payload Length: 123
MAP: 37 IAT: 35.00 CLT: 75 Volt: 14.90 AFR: 16.50 RPM: 838 VSS: 0 FuelP: 2.60 OilP: 2.90
Data Verified. Payload Length: 123
MAP: 37 IAT: 35.00 CLT: 75 Volt: 14.90 AFR: 16.50 RPM: 845 VSS: 0 FuelP: 2.60 OilP: 2.90
Data Verified. Payload Length: 123
MAP: 37 IAT: 35.00 CLT: 75 Volt: 14.90 AFR: 16.50 RPM: 847 VSS: 0 FuelP: 2.60 OilP: 2.90
Data Verified. Payload Length: 123
MAP: 36 IAT: 35.00 CLT: 75 Volt: 14.90 AFR: 16.50 RPM: 852 VSS: 0 FuelP: 2.60 OilP: 2.90
Data Verified. Payload Length: 123
MAP: 36 IAT: 35.00 CLT: 75 Volt: 14.90 AFR: 16.50 RPM: 852 VSS: 0 FuelP: 2.60 OilP: 3.00
Data Verified. Payload Length: 123
MAP: 36 IAT: 35.00 CLT: 75 Volt: 14.90 AFR: 16.50 RPM: 856 VSS: 0 FuelP: 2.60 OilP: 3.00
Data Verified. Payload Length: 123
MAP: 37 IAT: 35.00 CLT: 75 Volt: 14.90 AFR: 16.50 RPM: 861 VSS: 0 FuelP: 2.60 OilP: 3.00
Data Verified. Payload Length: 123
MAP: 37 IAT: 35.00 CLT: 75 Volt: 14.90 AFR: 16.50 RPM: 864 VSS: 0 FuelP: 2.60 OilP: 3.00
Data Verified. Payload Length: 123
MAP: 37 IAT: 35.00 CLT: 75 Volt: 14.90 AFR: 16.50 RPM: 864 VSS: 0 FuelP: 2.60 OilP: 3.00
Data Verified. Payload Length: 123
MAP: 36 IAT: 35.00 CLT: 75 Volt: 14.90 AFR: 16.50 RPM: 870 VSS: 0 FuelP: 2.60 OilP: 3.10
Data Verified. Payload Length: 123
MAP: 36 IAT: 35.00 CLT: 75 Volt: 14.90 AFR: 16.50 RPM: 873 VSS: 0 FuelP: 2.60 OilP: 3.10
Data Verified. Payload Length: 123
MAP: 36 IAT: 35.00 CLT: 75 Volt: 14.90 AFR: 16.50 RPM: 878 VSS: 0 FuelP: 2.60 OilP: 3.10
Data Verified. Payload Length: 123
MAP: 36 IAT: 35.00 CLT: 75 Volt: 14.90 AFR: 16.20 RPM: 875 VSS: 0 FuelP: 2.60 OilP: 3.10
Data Verified. Payload Length: 123
MAP: 36 IAT: 35.00 CLT: 75 Volt: 14.90 AFR: 16.20 RPM: 875 VSS: 0 FuelP: 2.60 OilP: 3.10
Data Verified. Payload Length: 123
MAP: 36 IAT: 35.00 CLT: 75 Volt: 15.00 AFR: 16.20 RPM: 878 VSS: 0 FuelP: 2.60 OilP: 3.20
Data Verified. Payload Length: 123
MAP: 36 IAT: 35.00 CLT: 75 Volt: 15.00 AFR: 16.20 RPM: 883 VSS: 0 FuelP: 2.60 OilP: 3.20
Data Verified. Payload Length: 123
MAP: 36 IAT: 35.00 CLT: 75 Volt: 15.00 AFR: 16.20 RPM: 885 VSS: 0 FuelP: 2.60 OilP: 3.20
Data Verified. Payload Length: 123
MAP: 36 IAT: 35.00 CLT: 75 Volt: 15.00 AFR: 16.20 RPM: 885 VSS: 0 FuelP: 2.60 OilP: 3.20
Data Verified. Payload Length: 123
MAP: 36 IAT: 35.00 CLT: 75 Volt: 15.00 AFR: 16.20 RPM: 890 VSS: 0 FuelP: 2.60 OilP: 3.20
Data Verified. Payload Length: 123
MAP: 35 IAT: 35.00 CLT: 75 Volt: 15.00 AFR: 16.20 RPM: 898 VSS: 0 FuelP: 2.60 OilP: 3.20
Data Verified. Payload Length: 123
MAP: 35 IAT: 35.00 CLT: 75 Volt: 15.00 AFR: 16.20 RPM: 902 VSS: 0 FuelP: 2.60 OilP: 3.20
Data Verified. Payload Length: 123
MAP: 35 IAT: 35.00 CLT: 75 Volt: 15.00 AFR: 16.20 RPM: 905 VSS: 0 FuelP: 2.60 OilP: 3.20
Data Verified. Payload Length: 123
MAP: 35 IAT: 35.00 CLT: 75 Volt: 15.00 AFR: 16.20 RPM: 905 VSS: 0 FuelP: 2.60 OilP: 3.20
Data Verified. Payload Length: 123
MAP: 35 IAT: 35.00 CLT: 75 Volt: 15.00 AFR: 16.20 RPM: 905 VSS: 0 FuelP: 2.60 OilP: 3.20
Data Verified. Payload Length: 123
MAP: 35 IAT: 35.00 CLT: 75 Volt: 15.00 AFR: 16.40 RPM: 907 VSS: 0 FuelP: 2.60 OilP: 3.20
Data Verified. Payload Length: 123
MAP: 35 IAT: 35.00 CLT: 75 Volt: 15.00 AFR: 16.40 RPM: 905 VSS: 0 FuelP: 2.60 OilP: 3.20
Data Verified. Payload Length: 123
MAP: 34 IAT: 35.00 CLT: 75 Volt: 15.00 AFR: 16.50 RPM: 909 VSS: 0 FuelP: 2.60 OilP: 3.20
Data Verified. Payload Length: 123
MAP: 34 IAT: 35.00 CLT: 75 Volt: 15.00 AFR: 16.50 RPM: 909 VSS: 0 FuelP: 2.60 OilP: 3.20
Data Verified. Payload Length: 123
MAP: 34 IAT: 35.00 CLT: 75 Volt: 15.00 AFR: 16.50 RPM: 909 VSS: 0 FuelP: 2.60 OilP: 3.30
Data Verified. Payload Length: 123
MAP: 34 IAT: 35.00 CLT: 75 Volt: 15.00 AFR: 16.50 RPM: 911 VSS: 0 FuelP: 2.60 OilP: 3.30
Data Verified. Payload Length: 123
MAP: 34 IAT: 35.00 CLT: 75 Volt: 15.00 AFR: 16.50 RPM: 907 VSS: 0 FuelP: 2.60 OilP: 3.30
Data Verified. Payload Length: 123
MAP: 34 IAT: 35.00 CLT: 75 Volt: 15.00 AFR: 16.50 RPM: 909 VSS: 0 FuelP: 2.60 OilP: 3.30
Data Verified. Payload Length: 123
MAP: 34 IAT: 35.00 CLT: 75 Volt: 15.00 AFR: 16.50 RPM: 906 VSS: 0 FuelP: 2.60 OilP: 3.30
Data Verified. Payload Length: 123
MAP: 34 IAT: 35.00 CLT: 75 Volt: 15.00 AFR: 16.50 RPM: 906 VSS: 0 FuelP: 2.60 OilP: 3.30
Data Verified. Payload Length: 123
MAP: 34 IAT: 35.00 CLT: 75 Volt: 15.00 AFR: 16.50 RPM: 903 VSS: 0 FuelP: 2.60 OilP: 3.30
Data Verified. Payload Length: 123
MAP: 34 IAT: 35.00 CLT: 75 Volt: 15.00 AFR: 16.50 RPM: 896 VSS: 0 FuelP: 2.60 OilP: 3.30
Data Verified. Payload Length: 123
MAP: 34 IAT: 35.00 CLT: 75 Volt: 15.00 AFR: 16.50 RPM: 889 VSS: 0 FuelP: 2.60 OilP: 3.30
Data Verified. Payload Length: 123
MAP: 34 IAT: 35.00 CLT: 75 Volt: 15.00 AFR: 16.50 RPM: 886 VSS: 0 FuelP: 2.60 OilP: 3.30
Data Verified. Payload Length: 123
MAP: 34 IAT: 35.00 CLT: 75 Volt: 15.00 AFR: 16.50 RPM: 886 VSS: 0 FuelP: 2.60 OilP: 3.30
Data Verified. Payload Length: 123
MAP: 34 IAT: 35.00 CLT: 75 Volt: 15.00 AFR: 16.30 RPM: 885 VSS: 0 FuelP: 2.60 OilP: 3.30
Data Verified. Payload Length: 123
MAP: 34 IAT: 35.00 CLT: 75 Volt: 15.00 AFR: 16.30 RPM: 882 VSS: 0 FuelP: 2.60 OilP: 3.30
Data Verified. Payload Length: 123
MAP: 34 IAT: 35.00 CLT: 75 Volt: 15.00 AFR: 16.30 RPM: 882 VSS: 0 FuelP: 2.60 OilP: 3.30
Data Verified. Payload Length: 123
MAP: 34 IAT: 35.00 CLT: 75 Volt: 14.90 AFR: 16.30 RPM: 879 VSS: 0 FuelP: 2.60 OilP: 3.30
Data Verified. Payload Length: 123
MAP: 34 IAT: 35.00 CLT: 75 Volt: 14.90 AFR: 16.30 RPM: 875 VSS: 0 FuelP: 2.60 OilP: 3.30
Data Verified. Payload Length: 123
MAP: 34 IAT: 35.00 CLT: 75 Volt: 14.90 AFR: 16.30 RPM: 872 VSS: 0 FuelP: 2.60 OilP: 3.30
Data Verified. Payload Length: 123
MAP: 34 IAT: 35.00 CLT: 75 Volt: 14.90 AFR: 16.30 RPM: 864 VSS: 0 FuelP: 2.60 OilP: 3.30
Data Verified. Payload Length: 123
MAP: 34 IAT: 35.00 CLT: 75 Volt: 14.90 AFR: 16.30 RPM: 864 VSS: 0 FuelP: 2.60 OilP: 3.30
Data Verified. Payload Length: 123
MAP: 35 IAT: 35.00 CLT: 75 Volt: 14.90 AFR: 16.30 RPM: 862 VSS: 0 FuelP: 2.60 OilP: 3.30
Data Verified. Payload Length: 123
MAP: 35 IAT: 35.00 CLT: 75 Volt: 14.90 AFR: 16.30 RPM: 856 VSS: 0 FuelP: 2.60 OilP: 3.30
Data Verified. Payload Length: 123
MAP: 36 IAT: 35.00 CLT: 75 Volt: 14.90 AFR: 16.30 RPM: 851 VSS: 0 FuelP: 2.60 OilP: 3.30
Data Verified. Payload Length: 123
MAP: 36 IAT: 35.00 CLT: 75 Volt: 14.90 AFR: 16.30 RPM: 851 VSS: 0 FuelP: 2.60 OilP: 3.30
Data Verified. Payload Length: 123
MAP: 36 IAT: 35.00 CLT: 75 Volt: 14.90 AFR: 16.30 RPM: 846 VSS: 0 FuelP: 2.60 OilP: 3.30
Data Verified. Payload Length: 123
MAP: 35 IAT: 35.00 CLT: 75 Volt: 14.90 AFR: 16.40 RPM: 845 VSS: 0 FuelP: 2.60 OilP: 3.20
Data Verified. Payload Length: 123
MAP: 35 IAT: 35.00 CLT: 75 Volt: 14.90 AFR: 16.50 RPM: 846 VSS: 0 FuelP: 2.60 OilP: 3.20
Data Verified. Payload Length: 123
MAP: 33 IAT: 35.00 CLT: 75 Volt: 14.90 AFR: 16.50 RPM: 846 VSS: 0 FuelP: 2.60 OilP: 3.20
Data Verified. Payload Length: 123
MAP: 33 IAT: 35.00 CLT: 75 Volt: 14.90 AFR: 16.50 RPM: 846 VSS: 0 FuelP: 2.60 OilP: 3.20
Data Verified. Payload Length: 123
MAP: 33 IAT: 35.00 CLT: 75 Volt: 14.90 AFR: 16.50 RPM: 843 VSS: 0 FuelP: 2.60 OilP: 3.20
Data Verified. Payload Length: 123
MAP: 32 IAT: 35.00 CLT: 75 Volt: 14.90 AFR: 16.50 RPM: 841 VSS: 0 FuelP: 2.60 OilP: 3.20
Data Verified. Payload Length: 123
MAP: 32 IAT: 35.00 CLT: 75 Volt: 14.90 AFR: 16.50 RPM: 830 VSS: 0 FuelP: 2.60 OilP: 3.20
Data Verified. Payload Length: 123
MAP: 32 IAT: 35.00 CLT: 75 Volt: 14.90 AFR: 16.50 RPM: 830 VSS: 0 FuelP: 2.60 OilP: 3.20
Data Verified. Payload Length: 123
MAP: 32 IAT: 35.00 CLT: 75 Volt: 14.90 AFR: 16.50 RPM: 820 VSS: 0 FuelP: 2.60 OilP: 3.20
Data Verified. Payload Length: 123
MAP: 32 IAT: 35.00 CLT: 75 Volt: 14.90 AFR: 16.50 RPM: 803 VSS: 0 FuelP: 2.60 OilP: 3.10
Data Verified. Payload Length: 123
MAP: 32 IAT: 35.00 CLT: 75 Volt: 14.90 AFR: 16.50 RPM: 788 VSS: 0 FuelP: 2.60 OilP: 3.10
Data Verified. Payload Length: 123
MAP: 32 IAT: 35.00 CLT: 75 Volt: 14.90 AFR: 16.50 RPM: 788 VSS: 0 FuelP: 2.60 OilP: 3.10
Data Verified. Payload Length: 123
MAP: 32 IAT: 35.00 CLT: 75 Volt: 14.90 AFR: 16.50 RPM: 768 VSS: 0 FuelP: 2.60 OilP: 3.10
Data Verified. Payload Length: 123
MAP: 33 IAT: 35.00 CLT: 75 Volt: 14.90 AFR: 16.50 RPM: 755 VSS: 0 FuelP: 2.60 OilP: 2.90
Data Verified. Payload Length: 123
MAP: 33 IAT: 35.00 CLT: 75 Volt: 14.90 AFR: 16.50 RPM: 755 VSS: 0 FuelP: 2.60 OilP: 2.90
Data Verified. Payload Length: 123
MAP: 33 IAT: 35.00 CLT: 75 Volt: 14.90 AFR: 16.50 RPM: 740 VSS: 0 FuelP: 2.60 OilP: 2.90
Data Verified. Payload Length: 123
MAP: 33 IAT: 35.00 CLT: 75 Volt: 14.90 AFR: 16.50 RPM: 725 VSS: 0 FuelP: 2.60 OilP: 2.90
Data Verified. Payload Length: 123
MAP: 33 IAT: 35.00 CLT: 75 Volt: 14.90 AFR: 16.50 RPM: 725 VSS: 0 FuelP: 2.60 OilP: 2.90
Data Verified. Payload Length: 123
MAP: 33 IAT: 35.00 CLT: 75 Volt: 15.00 AFR: 16.10 RPM: 710 VSS: 0 FuelP: 2.60 OilP: 2.80
Data Verified. Payload Length: 123
MAP: 35 IAT: 35.00 CLT: 75 Volt: 15.00 AFR: 15.90 RPM: 702 VSS: 0 FuelP: 2.60 OilP: 2.80
Data Verified. Payload Length: 123
MAP: 35 IAT: 35.00 CLT: 75 Volt: 15.00 AFR: 15.90 RPM: 702 VSS: 0 FuelP: 2.60 OilP: 2.80
Data Verified. Payload Length: 123
MAP: 35 IAT: 35.00 CLT: 75 Volt: 15.00 AFR: 15.80 RPM: 691 VSS: 0 FuelP: 2.60 OilP: 2.80
Data Verified. Payload Length: 123
MAP: 35 IAT: 35.00 CLT: 75 Volt: 15.00 AFR: 15.80 RPM: 691 VSS: 0 FuelP: 2.60 OilP: 2.80
Data Verified. Payload Length: 123
MAP: 36 IAT: 35.00 CLT: 75 Volt: 15.00 AFR: 15.80 RPM: 685 VSS: 0 FuelP: 2.60 OilP: 2.60
Data Verified. Payload Length: 123
MAP: 36 IAT: 35.00 CLT: 75 Volt: 15.00 AFR: 15.60 RPM: 681 VSS: 0 FuelP: 2.60 OilP: 2.60
Data Verified. Payload Length: 123
MAP: 36 IAT: 35.00 CLT: 75 Volt: 15.00 AFR: 15.50 RPM: 681 VSS: 0 FuelP: 2.60 OilP: 2.60
Data Verified. Payload Length: 123
MAP: 37 IAT: 35.00 CLT: 75 Volt: 15.00 AFR: 15.50 RPM: 679 VSS: 0 FuelP: 2.60 OilP: 2.60
Data Verified. Payload Length: 123
MAP: 37 IAT: 35.00 CLT: 75 Volt: 15.00 AFR: 15.50 RPM: 679 VSS: 0 FuelP: 2.60 OilP: 2.60
Data Verified. Payload Length: 123
MAP: 37 IAT: 35.00 CLT: 75 Volt: 14.90 AFR: 15.50 RPM: 676 VSS: 0 FuelP: 2.60 OilP: 2.50
Data Verified. Payload Length: 123
MAP: 37 IAT: 35.00 CLT: 75 Volt: 14.90 AFR: 15.50 RPM: 681 VSS: 0 FuelP: 2.60 OilP: 2.50
Data Verified. Payload Length: 123
MAP: 37 IAT: 35.00 CLT: 75 Volt: 14.90 AFR: 15.50 RPM: 681 VSS: 0 FuelP: 2.60 OilP: 2.50
Data Verified. Payload Length: 123
MAP: 37 IAT: 35.00 CLT: 75 Volt: 14.90 AFR: 15.50 RPM: 685 VSS: 0 FuelP: 2.60 OilP: 2.50
Data Verified. Payload Length: 123
MAP: 38 IAT: 35.00 CLT: 75 Volt: 14.90 AFR: 15.50 RPM: 691 VSS: 0 FuelP: 2.60 OilP: 2.50
Data Verified. Payload Length: 123
MAP: 38 IAT: 35.00 CLT: 75 Volt: 14.90 AFR: 15.50 RPM: 691 VSS: 0 FuelP: 2.60 OilP: 2.50
Data Verified. Payload Length: 123
MAP: 38 IAT: 35.00 CLT: 75 Volt: 14.90 AFR: 15.50 RPM: 691 VSS: 0 FuelP: 2.60 OilP: 2.50
Data Verified. Payload Length: 123
MAP: 39 IAT: 35.00 CLT: 75 Volt: 14.90 AFR: 15.50 RPM: 694 VSS: 0 FuelP: 2.60 OilP: 2.50
Data Verified. Payload Length: 123
MAP: 39 IAT: 35.00 CLT: 75 Volt: 14.90 AFR: 15.60 RPM: 694 VSS: 0 FuelP: 2.60 OilP: 2.50
Data Verified. Payload Length: 123
MAP: 39 IAT: 35.00 CLT: 75 Volt: 14.90 AFR: 15.50 RPM: 700 VSS: 0 FuelP: 2.60 OilP: 2.50
Data Verified. Payload Length: 123
MAP: 39 IAT: 35.00 CLT: 75 Volt: 14.90 AFR: 15.50 RPM: 700 VSS: 0 FuelP: 2.60 OilP: 2.50
Data Verified. Payload Length: 123
MAP: 41 IAT: 35.00 CLT: 75 Volt: 14.90 AFR: 15.50 RPM: 709 VSS: 0 FuelP: 2.60 OilP: 2.50
Data Verified. Payload Length: 123
MAP: 41 IAT: 35.00 CLT: 75 Volt: 14.90 AFR: 15.50 RPM: 718 VSS: 0 FuelP: 2.60 OilP: 2.50
Data Verified. Payload Length: 123
MAP: 41 IAT: 35.00 CLT: 75 Volt: 14.90 AFR: 15.50 RPM: 718 VSS: 0 FuelP: 2.60 OilP: 2.50
Data Verified. Payload Length: 123
MAP: 41 IAT: 35.00 CLT: 75 Volt: 14.90 AFR: 15.50 RPM: 727 VSS: 0 FuelP: 2.60 OilP: 2.50
Data Verified. Payload Length: 123
MAP: 41 IAT: 35.00 CLT: 75 Volt: 14.90 AFR: 15.50 RPM: 740 VSS: 0 FuelP: 2.60 OilP: 2.50
Data Verified. Payload Length: 123
MAP: 41 IAT: 35.00 CLT: 75 Volt: 14.90 AFR: 15.70 RPM: 740 VSS: 0 FuelP: 2.60 OilP: 2.50
Data Verified. Payload Length: 123
MAP: 41 IAT: 35.00 CLT: 75 Volt: 14.90 AFR: 15.90 RPM: 756 VSS: 0 FuelP: 2.60 OilP: 2.50
Data Verified. Payload Length: 123
MAP: 41 IAT: 35.00 CLT: 75 Volt: 14.90 AFR: 16.00 RPM: 773 VSS: 0 FuelP: 2.60 OilP: 2.60
Data Verified. Payload Length: 123
MAP: 41 IAT: 35.00 CLT: 75 Volt: 14.90 AFR: 16.00 RPM: 773 VSS: 0 FuelP: 2.60 OilP: 2.60
Data Verified. Payload Length: 123
MAP: 40 IAT: 35.00 CLT: 75 Volt: 14.90 AFR: 16.00 RPM: 796 VSS: 0 FuelP: 2.60 OilP: 2.60
Data Verified. Payload Length: 123
MAP: 40 IAT: 35.00 CLT: 75 Volt: 14.90 AFR: 15.90 RPM: 815 VSS: 0 FuelP: 2.60 OilP: 2.60
Data Verified. Payload Length: 123
MAP: 39 IAT: 35.00 CLT: 75 Volt: 14.90 AFR: 15.90 RPM: 835 VSS: 0 FuelP: 2.60 OilP: 2.60
Data Verified. Payload Length: 123
MAP: 39 IAT: 35.00 CLT: 75 Volt: 14.90 AFR: 15.90 RPM: 851 VSS: 0 FuelP: 2.60 OilP: 2.80
Data Verified. Payload Length: 123
MAP: 39 IAT: 35.00 CLT: 75 Volt: 14.90 AFR: 15.90 RPM: 851 VSS: 0 FuelP: 2.60 OilP: 2.80
Data Verified. Payload Length: 123
MAP: 38 IAT: 35.00 CLT: 75 Volt: 14.90 AFR: 15.90 RPM: 867 VSS: 0 FuelP: 2.60 OilP: 2.80
Data Verified. Payload Length: 123
MAP: 38 IAT: 35.00 CLT: 75 Volt: 14.90 AFR: 16.10 RPM: 884 VSS: 0 FuelP: 2.60 OilP: 2.80
Data Verified. Payload Length: 123
MAP: 37 IAT: 35.00 CLT: 75 Volt: 14.90 AFR: 16.20 RPM: 898 VSS: 0 FuelP: 2.60 OilP: 2.80
Data Verified. Payload Length: 123
MAP: 37 IAT: 35.00 CLT: 75 Volt: 14.90 AFR: 16.30 RPM: 898 VSS: 0 FuelP: 2.60 OilP: 3.00
Data Verified. Payload Length: 123
MAP: 37 IAT: 35.00 CLT: 75 Volt: 14.90 AFR: 16.20 RPM: 913 VSS: 0 FuelP: 2.60 OilP: 3.00
Data Verified. Payload Length: 123
MAP: 36 IAT: 35.00 CLT: 75 Volt: 14.90 AFR: 16.20 RPM: 926 VSS: 0 FuelP: 2.60 OilP: 3.00
Data Verified. Payload Length: 123
MAP: 36 IAT: 35.00 CLT: 75 Volt: 14.90 AFR: 16.20 RPM: 936 VSS: 0 FuelP: 2.60 OilP: 3.00
Data Verified. Payload Length: 123
MAP: 35 IAT: 35.00 CLT: 75 Volt: 14.90 AFR: 16.20 RPM: 947 VSS: 0 FuelP: 2.60 OilP: 3.00
Data Verified. Payload Length: 123
MAP: 35 IAT: 35.00 CLT: 75 Volt: 15.00 AFR: 16.20 RPM: 955 VSS: 0 FuelP: 2.60 OilP: 3.20
Data Verified. Payload Length: 123
MAP: 35 IAT: 35.00 CLT: 75 Volt: 15.00 AFR: 16.20 RPM: 955 VSS: 0 FuelP: 2.60 OilP: 3.20
Data Verified. Payload Length: 123
MAP: 34 IAT: 35.00 CLT: 75 Volt: 15.00 AFR: 16.00 RPM: 960 VSS: 0 FuelP: 2.60 OilP: 3.20
Data Verified. Payload Length: 123
MAP: 34 IAT: 35.00 CLT: 75 Volt: 15.00 AFR: 15.90 RPM: 962 VSS: 0 FuelP: 2.60 OilP: 3.20
Data Verified. Payload Length: 123
MAP: 34 IAT: 35.00 CLT: 75 Volt: 15.00 AFR: 15.90 RPM: 969 VSS: 0 FuelP: 2.60 OilP: 3.30
Data Verified. Payload Length: 123
MAP: 34 IAT: 35.00 CLT: 75 Volt: 15.00 AFR: 15.90 RPM: 970 VSS: 0 FuelP: 2.60 OilP: 3.30
Data Verified. Payload Length: 123
MAP: 34 IAT: 35.00 CLT: 75 Volt: 15.00 AFR: 15.90 RPM: 974 VSS: 0 FuelP: 2.60 OilP: 3.30
Data Verified. Payload Length: 123
MAP: 34 IAT: 35.00 CLT: 75 Volt: 15.00 AFR: 15.90 RPM: 978 VSS: 0 FuelP: 2.60 OilP: 3.30
Data Verified. Payload Length: 123
MAP: 34 IAT: 35.00 CLT: 75 Volt: 15.00 AFR: 15.80 RPM: 978 VSS: 0 FuelP: 2.60 OilP: 3.30
Data Verified. Payload Length: 123
MAP: 33 IAT: 35.00 CLT: 76 Volt: 14.90 AFR: 15.80 RPM: 978 VSS: 0 FuelP: 2.60 OilP: 3.40
Data Verified. Payload Length: 123
MAP: 33 IAT: 35.00 CLT: 76 Volt: 14.90 AFR: 15.80 RPM: 978 VSS: 0 FuelP: 2.60 OilP: 3.40
Data Verified. Payload Length: 123
MAP: 33 IAT: 35.00 CLT: 76 Volt: 14.90 AFR: 15.80 RPM: 978 VSS: 0 FuelP: 2.60 OilP: 3.40
Data Verified. Payload Length: 123
MAP: 33 IAT: 35.00 CLT: 76 Volt: 14.90 AFR: 15.80 RPM: 971 VSS: 0 FuelP: 2.60 OilP: 3.40
Data Verified. Payload Length: 123
MAP: 33 IAT: 35.00 CLT: 76 Volt: 14.90 AFR: 15.80 RPM: 971 VSS: 0 FuelP: 2.60 OilP: 3.40
Data Verified. Payload Length: 123
MAP: 33 IAT: 35.00 CLT: 76 Volt: 14.90 AFR: 15.80 RPM: 967 VSS: 0 FuelP: 2.60 OilP: 3.50
Data Verified. Payload Length: 123
MAP: 33 IAT: 35.00 CLT: 76 Volt: 14.90 AFR: 15.80 RPM: 965 VSS: 0 FuelP: 2.60 OilP: 3.50
Data Verified. Payload Length: 123
MAP: 33 IAT: 35.00 CLT: 76 Volt: 14.90 AFR: 15.80 RPM: 957 VSS: 0 FuelP: 2.60 OilP: 3.50
Data Verified. Payload Length: 123
MAP: 33 IAT: 35.00 CLT: 76 Volt: 14.90 AFR: 15.80 RPM: 957 VSS: 0 FuelP: 2.60 OilP: 3.50
Data Verified. Payload Length: 123
MAP: 33 IAT: 35.00 CLT: 76 Volt: 14.90 AFR: 15.80 RPM: 954 VSS: 0 FuelP: 2.60 OilP: 3.50
Data Verified. Payload Length: 123
MAP: 33 IAT: 35.00 CLT: 76 Volt: 15.00 AFR: 15.80 RPM: 942 VSS: 0 FuelP: 2.60 OilP: 3.50
Data Verified. Payload Length: 123
MAP: 33 IAT: 35.00 CLT: 76 Volt: 15.00 AFR: 15.80 RPM: 940 VSS: 0 FuelP: 2.60 OilP: 3.50
Data Verified. Payload Length: 123
MAP: 33 IAT: 35.00 CLT: 76 Volt: 15.00 AFR: 15.80 RPM: 934 VSS: 0 FuelP: 2.60 OilP: 3.50
Data Verified. Payload Length: 123
MAP: 33 IAT: 35.00 CLT: 76 Volt: 15.00 AFR: 15.80 RPM: 934 VSS: 0 FuelP: 2.60 OilP: 3.50
Data Verified. Payload Length: 123
MAP: 33 IAT: 35.00 CLT: 76 Volt: 15.00 AFR: 15.80 RPM: 932 VSS: 0 FuelP: 2.60 OilP: 3.50
Data Verified. Payload Length: 123
MAP: 33 IAT: 35.00 CLT: 76 Volt: 15.00 AFR: 15.80 RPM: 926 VSS: 0 FuelP: 2.60 OilP: 3.50
Data Verified. Payload Length: 123
MAP: 33 IAT: 35.00 CLT: 76 Volt: 15.00 AFR: 15.80 RPM: 926 VSS: 0 FuelP: 2.60 OilP: 3.50
Data Verified. Payload Length: 123
MAP: 33 IAT: 35.00 CLT: 76 Volt: 15.00 AFR: 15.80 RPM: 920 VSS: 0 FuelP: 2.60 OilP: 3.50
Data Verified. Payload Length: 123
MAP: 34 IAT: 35.00 CLT: 76 Volt: 15.00 AFR: 15.80 RPM: 909 VSS: 0 FuelP: 2.60 OilP: 3.50
Data Verified. Payload Length: 123
MAP: 34 IAT: 35.00 CLT: 76 Volt: 14.90 AFR: 15.80 RPM: 909 VSS: 0 FuelP: 2.60 OilP: 3.40
Data Verified. Payload Length: 123
MAP: 34 IAT: 35.00 CLT: 76 Volt: 14.90 AFR: 15.80 RPM: 893 VSS: 0 FuelP: 2.60 OilP: 3.40
Data Verified. Payload Length: 123
MAP: 34 IAT: 35.00 CLT: 76 Volt: 14.90 AFR: 15.80 RPM: 886 VSS: 0 FuelP: 2.60 OilP: 3.40
Data Verified. Payload Length: 123
MAP: 34 IAT: 35.00 CLT: 76 Volt: 14.90 AFR: 15.80 RPM: 883 VSS: 0 FuelP: 2.60 OilP: 3.40
Data Verified. Payload Length: 123
MAP: 34 IAT: 35.00 CLT: 76 Volt: 14.90 AFR: 15.80 RPM: 879 VSS: 0 FuelP: 2.60 OilP: 3.40
Data Verified. Payload Length: 123
MAP: 34 IAT: 35.00 CLT: 76 Volt: 14.90 AFR: 15.80 RPM: 879 VSS: 0 FuelP: 2.60 OilP: 3.30
Data Verified. Payload Length: 123
MAP: 34 IAT: 35.00 CLT: 76 Volt: 14.90 AFR: 15.80 RPM: 878 VSS: 0 FuelP: 2.60 OilP: 3.30
Data Verified. Payload Length: 123
MAP: 34 IAT: 35.00 CLT: 76 Volt: 14.90 AFR: 15.80 RPM: 876 VSS: 0 FuelP: 2.60 OilP: 3.30
Data Verified. Payload Length: 123
MAP: 34 IAT: 35.00 CLT: 76 Volt: 14.90 AFR: 15.80 RPM: 874 VSS: 0 FuelP: 2.60 OilP: 3.30
Data Verified. Payload Length: 123
MAP: 34 IAT: 35.00 CLT: 76 Volt: 14.90 AFR: 15.80 RPM: 871 VSS: 0 FuelP: 2.60 OilP: 3.30
Data Verified. Payload Length: 123
MAP: 34 IAT: 35.00 CLT: 76 Volt: 14.90 AFR: 16.00 RPM: 871 VSS: 0 FuelP: 2.60 OilP: 3.30
Data Verified. Payload Length: 123
MAP: 34 IAT: 35.00 CLT: 76 Volt: 14.90 AFR: 16.00 RPM: 868 VSS: 0 FuelP: 2.60 OilP: 3.30
Data Verified. Payload Length: 123
MAP: 34 IAT: 35.00 CLT: 76 Volt: 14.90 AFR: 16.00 RPM: 867 VSS: 0 FuelP: 2.60 OilP: 3.30
Data Verified. Payload Length: 123
MAP: 34 IAT: 35.00 CLT: 76 Volt: 14.90 AFR: 16.00 RPM: 859 VSS: 0 FuelP: 2.60 OilP: 3.30
Data Verified. Payload Length: 123
MAP: 34 IAT: 35.00 CLT: 76 Volt: 14.90 AFR: 16.10 RPM: 859 VSS: 0 FuelP: 2.60 OilP: 3.20
Data Verified. Payload Length: 123
MAP: 35 IAT: 35.00 CLT: 76 Volt: 14.90 AFR: 16.10 RPM: 858 VSS: 0 FuelP: 2.60 OilP: 3.20
Data Verified. Payload Length: 123
MAP: 35 IAT: 35.00 CLT: 76 Volt: 14.90 AFR: 16.10 RPM: 847 VSS: 0 FuelP: 2.60 OilP: 3.20
Data Verified. Payload Length: 123
MAP: 36 IAT: 35.00 CLT: 76 Volt: 14.90 AFR: 16.10 RPM: 841 VSS: 0 FuelP: 2.60 OilP: 3.20
Data Verified. Payload Length: 123
MAP: 36 IAT: 35.00 CLT: 76 Volt: 14.90 AFR: 16.00 RPM: 841 VSS: 0 FuelP: 2.60 OilP: 3.20
Data Verified. Payload Length: 123
MAP: 36 IAT: 35.00 CLT: 76 Volt: 15.00 AFR: 16.00 RPM: 838 VSS: 0 FuelP: 2.60 OilP: 3.10
Data Verified. Payload Length: 123
MAP: 35 IAT: 35.00 CLT: 76 Volt: 15.00 AFR: 16.10 RPM: 837 VSS: 0 FuelP: 2.60 OilP: 3.10
Data Verified. Payload Length: 123
MAP: 35 IAT: 35.00 CLT: 76 Volt: 15.00 AFR: 16.10 RPM: 836 VSS: 0 FuelP: 2.60 OilP: 3.10
Data Verified. Payload Length: 123
MAP: 35 IAT: 35.00 CLT: 76 Volt: 15.00 AFR: 16.20 RPM: 836 VSS: 0 FuelP: 2.60 OilP: 3.10
Data Verified. Payload Length: 123
MAP: 34 IAT: 35.00 CLT: 76 Volt: 15.00 AFR: 16.30 RPM: 837 VSS: 0 FuelP: 2.60 OilP: 3.10
Data Verified. Payload Length: 123
MAP: 34 IAT: 35.00 CLT: 76 Volt: 15.00 AFR: 16.50 RPM: 836 VSS: 0 FuelP: 2.60 OilP: 3.10
Data Verified. Payload Length: 123
MAP: 34 IAT: 35.00 CLT: 76 Volt: 15.00 AFR: 16.50 RPM: 836 VSS: 0 FuelP: 2.60 OilP: 3.10
Data Verified. Payload Length: 123
MAP: 33 IAT: 35.00 CLT: 76 Volt: 15.00 AFR: 16.60 RPM: 833 VSS: 0 FuelP: 2.60 OilP: 3.10
Data Verified. Payload Length: 123
MAP: 33 IAT: 35.00 CLT: 76 Volt: 15.00 AFR: 16.60 RPM: 826 VSS: 0 FuelP: 2.60 OilP: 3.10
Data Verified. Payload Length: 123
MAP: 33 IAT: 35.00 CLT: 76 Volt: 15.00 AFR: 16.60 RPM: 824 VSS: 0 FuelP: 2.60 OilP: 3.10
Data Verified. Payload Length: 123
MAP: 33 IAT: 35.00 CLT: 76 Volt: 15.00 AFR: 16.60 RPM: 824 VSS: 0 FuelP: 2.60 OilP: 3.10
Data Verified. Payload Length: 123
MAP: 33 IAT: 35.00 CLT: 76 Volt: 15.00 AFR: 16.60 RPM: 813 VSS: 0 FuelP: 2.60 OilP: 3.10
Data Verified. Payload Length: 123
MAP: 32 IAT: 35.00 CLT: 76 Volt: 15.00 AFR: 16.60 RPM: 805 VSS: 0 FuelP: 2.60 OilP: 3.10
Data Verified. Payload Length: 123
MAP: 32 IAT: 35.00 CLT: 76 Volt: 15.00 AFR: 16.60 RPM: 793 VSS: 0 FuelP: 2.60 OilP: 3.10
Data Verified. Payload Length: 123
MAP: 32 IAT: 35.00 CLT: 76 Volt: 15.00 AFR: 16.60 RPM: 779 VSS: 0 FuelP: 2.60 OilP: 3.00
Data Verified. Payload Length: 123
MAP: 32 IAT: 35.00 CLT: 76 Volt: 15.00 AFR: 16.60 RPM: 779 VSS: 0 FuelP: 2.60 OilP: 3.00
Data Verified. Payload Length: 123
MAP: 32 IAT: 35.00 CLT: 76 Volt: 15.00 AFR: 16.60 RPM: 764 VSS: 0 FuelP: 2.60 OilP: 3.00
Data Verified. Payload Length: 123
MAP: 33 IAT: 35.00 CLT: 76 Volt: 15.00 AFR: 16.50 RPM: 752 VSS: 0 FuelP: 2.60 OilP: 3.00
Data Verified. Payload Length: 123
MAP: 33 IAT: 35.00 CLT: 76 Volt: 15.00 AFR: 16.50 RPM: 752 VSS: 0 FuelP: 2.60 OilP: 2.80
Data Verified. Payload Length: 123
MAP: 33 IAT: 35.00 CLT: 76 Volt: 15.00 AFR: 16.50 RPM: 729 VSS: 0 FuelP: 2.60 OilP: 2.80
Data Verified. Payload Length: 123
MAP: 33 IAT: 35.00 CLT: 76 Volt: 15.00 AFR: 16.40 RPM: 713 VSS: 0 FuelP: 2.60 OilP: 2.80
Data Verified. Payload Length: 123
MAP: 33 IAT: 35.00 CLT: 76 Volt: 15.00 AFR: 16.20 RPM: 713 VSS: 0 FuelP: 2.60 OilP: 2.80
Data Verified. Payload Length: 123
MAP: 33 IAT: 35.00 CLT: 76 Volt: 15.00 AFR: 16.10 RPM: 702 VSS: 0 FuelP: 2.60 OilP: 2.80
Data Verified. Payload Length: 123
MAP: 35 IAT: 35.00 CLT: 76 Volt: 15.00 AFR: 16.10 RPM: 694 VSS: 0 FuelP: 2.60 OilP: 2.70
Data Verified. Payload Length: 123
MAP: 35 IAT: 35.00 CLT: 76 Volt: 15.00 AFR: 15.90 RPM: 694 VSS: 0 FuelP: 2.60 OilP: 2.70
Data Verified. Payload Length: 123
MAP: 35 IAT: 35.00 CLT: 76 Volt: 15.00 AFR: 15.90 RPM: 681 VSS: 0 FuelP: 2.60 OilP: 2.70
Data Verified. Payload Length: 123
MAP: 35 IAT: 35.00 CLT: 76 Volt: 15.00 AFR: 15.90 RPM: 681 VSS: 0 FuelP: 2.60 OilP: 2.70
Data Verified. Payload Length: 123
MAP: 36 IAT: 35.00 CLT: 76 Volt: 14.90 AFR: 15.90 RPM: 672 VSS: 0 FuelP: 2.60 OilP: 2.60
Data Verified. Payload Length: 123
MAP: 36 IAT: 35.00 CLT: 76 Volt: 14.90 AFR: 15.80 RPM: 665 VSS: 0 FuelP: 2.60 OilP: 2.60
Data Verified. Payload Length: 123
MAP: 36 IAT: 35.00 CLT: 76 Volt: 14.90 AFR: 15.70 RPM: 665 VSS: 0 FuelP: 2.60 OilP: 2.60
Data Verified. Payload Length: 123
MAP: 39 IAT: 35.00 CLT: 76 Volt: 14.90 AFR: 15.60 RPM: 663 VSS: 0 FuelP: 2.60 OilP: 2.60
Data Verified. Payload Length: 123
MAP: 39 IAT: 35.00 CLT: 76 Volt: 14.90 AFR: 15.60 RPM: 666 VSS: 0 FuelP: 2.60 OilP: 2.60
Data Verified. Payload Length: 123
MAP: 39 IAT: 35.00 CLT: 76 Volt: 14.90 AFR: 15.60 RPM: 666 VSS: 0 FuelP: 2.60 OilP: 2.50
Data Verified. Payload Length: 123
MAP: 39 IAT: 35.00 CLT: 76 Volt: 14.90 AFR: 15.60 RPM: 671 VSS: 0 FuelP: 2.60 OilP: 2.50
Data Verified. Payload Length: 123
MAP: 39 IAT: 35.00 CLT: 76 Volt: 14.90 AFR: 15.60 RPM: 683 VSS: 0 FuelP: 2.60 OilP: 2.50
Data Verified. Payload Length: 123
MAP: 39 IAT: 35.00 CLT: 76 Volt: 14.90 AFR: 15.60 RPM: 683 VSS: 0 FuelP: 2.60 OilP: 2.50
Data Verified. Payload Length: 123
MAP: 39 IAT: 35.00 CLT: 76 Volt: 14.90 AFR: 15.60 RPM: 701 VSS: 0 FuelP: 2.60 OilP: 2.50
Data Verified. Payload Length: 123
MAP: 39 IAT: 35.00 CLT: 76 Volt: 14.90 AFR: 15.60 RPM: 701 VSS: 0 FuelP: 2.60 OilP: 2.50
Data Verified. Payload Length: 123
MAP: 39 IAT: 35.00 CLT: 76 Volt: 14.90 AFR: 15.60 RPM: 714 VSS: 0 FuelP: 2.60 OilP: 2.50
Data Verified. Payload Length: 123
MAP: 39 IAT: 35.00 CLT: 76 Volt: 14.90 AFR: 15.60 RPM: 720 VSS: 0 FuelP: 2.60 OilP: 2.50
Data Verified. Payload Length: 123
MAP: 39 IAT: 35.00 CLT: 76 Volt: 14.90 AFR: 15.60 RPM: 730 VSS: 0 FuelP: 2.60 OilP: 2.50
Data Verified. Payload Length: 123
MAP: 39 IAT: 35.00 CLT: 76 Volt: 14.90 AFR: 15.60 RPM: 730 VSS: 0 FuelP: 2.60 OilP: 2.50
Data Verified. Payload Length: 123
MAP: 40 IAT: 35.00 CLT: 76 Volt: 14.90 AFR: 15.60 RPM: 743 VSS: 0 FuelP: 2.60 OilP: 2.50
Data Verified. Payload Length: 123
MAP: 40 IAT: 35.00 CLT: 76 Volt: 14.90 AFR: 15.60 RPM: 760 VSS: 0 FuelP: 2.60 OilP: 2.50
Data Verified. Payload Length: 123
MAP: 40 IAT: 35.00 CLT: 76 Volt: 14.90 AFR: 15.60 RPM: 760 VSS: 0 FuelP: 2.60 OilP: 2.50
Data Verified. Payload Length: 123
MAP: 40 IAT: 35.00 CLT: 76 Volt: 14.90 AFR: 15.70 RPM: 776 VSS: 0 FuelP: 2.60 OilP: 2.50
Data Verified. Payload Length: 123
MAP: 40 IAT: 35.00 CLT: 76 Volt: 15.00 AFR: 15.80 RPM: 787 VSS: 0 FuelP: 2.60 OilP: 2.60
Data Verified. Payload Length: 123
MAP: 40 IAT: 35.00 CLT: 76 Volt: 15.00 AFR: 15.80 RPM: 787 VSS: 0 FuelP: 2.60 OilP: 2.60
Data Verified. Payload Length: 123
MAP: 39 IAT: 35.00 CLT: 76 Volt: 15.00 AFR: 15.80 RPM: 803 VSS: 0 FuelP: 2.60 OilP: 2.60
Data Verified. Payload Length: 123
MAP: 39 IAT: 35.00 CLT: 76 Volt: 15.00 AFR: 15.80 RPM: 820 VSS: 0 FuelP: 2.60 OilP: 2.60
Data Verified. Payload Length: 123
MAP: 38 IAT: 35.00 CLT: 76 Volt: 15.00 AFR: 15.80 RPM: 834 VSS: 0 FuelP: 2.60 OilP: 2.60
Data Verified. Payload Length: 123
MAP: 38 IAT: 35.00 CLT: 76 Volt: 15.00 AFR: 15.80 RPM: 845 VSS: 0 FuelP: 2.60 OilP: 2.80
Data Verified. Payload Length: 123
MAP: 38 IAT: 35.00 CLT: 76 Volt: 15.00 AFR: 15.80 RPM: 845 VSS: 0 FuelP: 2.60 OilP: 2.80
Data Verified. Payload Length: 123
MAP: 38 IAT: 35.00 CLT: 76 Volt: 15.00 AFR: 15.80 RPM: 860 VSS: 0 FuelP: 2.60 OilP: 2.80
Data Verified. Payload Length: 123
MAP: 38 IAT: 35.00 CLT: 76 Volt: 15.00 AFR: 15.80 RPM: 873 VSS: 0 FuelP: 2.60 OilP: 2.80
Data Verified. Payload Length: 123
MAP: 37 IAT: 35.00 CLT: 76 Volt: 15.00 AFR: 15.80 RPM: 888 VSS: 0 FuelP: 2.60 OilP: 2.90
Data Verified. Payload Length: 123
MAP: 37 IAT: 35.00 CLT: 76 Volt: 15.00 AFR: 15.80 RPM: 888 VSS: 0 FuelP: 2.60 OilP: 2.90
Data Verified. Payload Length: 123
MAP: 37 IAT: 35.00 CLT: 76 Volt: 15.00 AFR: 15.80 RPM: 901 VSS: 0 FuelP: 2.60 OilP: 2.90
Data Verified. Payload Length: 123
MAP: 36 IAT: 35.00 CLT: 76 Volt: 15.00 AFR: 15.80 RPM: 919 VSS: 0 FuelP: 2.60 OilP: 2.90
Data Verified. Payload Length: 123
MAP: 36 IAT: 35.00 CLT: 76 Volt: 15.00 AFR: 15.80 RPM: 928 VSS: 0 FuelP: 2.60 OilP: 2.90
Data Verified. Payload Length: 123
MAP: 35 IAT: 35.00 CLT: 76 Volt: 14.90 AFR: 15.80 RPM: 936 VSS: 0 FuelP: 2.60 OilP: 3.10
Data Verified. Payload Length: 123
MAP: 35 IAT: 35.00 CLT: 76 Volt: 14.90 AFR: 15.80 RPM: 938 VSS: 0 FuelP: 2.60 OilP: 3.10
Data Verified. Payload Length: 123
MAP: 35 IAT: 35.00 CLT: 76 Volt: 14.90 AFR: 15.80 RPM: 938 VSS: 0 FuelP: 2.60 OilP: 3.10
Data Verified. Payload Length: 123
MAP: 35 IAT: 35.00 CLT: 76 Volt: 14.90 AFR: 15.80 RPM: 948 VSS: 0 FuelP: 2.60 OilP: 3.10
Data Verified. Payload Length: 123
MAP: 35 IAT: 35.00 CLT: 76 Volt: 14.90 AFR: 15.80 RPM: 953 VSS: 0 FuelP: 2.60 OilP: 3.10
Data Verified. Payload Length: 123
MAP: 34 IAT: 35.00 CLT: 76 Volt: 15.00 AFR: 15.80 RPM: 958 VSS: 0 FuelP: 2.60 OilP: 3.30
Data Verified. Payload Length: 123
MAP: 34 IAT: 35.00 CLT: 76 Volt: 15.00 AFR: 15.80 RPM: 957 VSS: 0 FuelP: 2.60 OilP: 3.30
Data Verified. Payload Length: 123
MAP: 34 IAT: 35.00 CLT: 76 Volt: 15.00 AFR: 15.80 RPM: 963 VSS: 0 FuelP: 2.60 OilP: 3.30
Data Verified. Payload Length: 123
MAP: 34 IAT: 35.00 CLT: 76 Volt: 15.00 AFR: 15.80 RPM: 964 VSS: 0 FuelP: 2.60 OilP: 3.30
Data Verified. Payload Length: 123
MAP: 34 IAT: 35.00 CLT: 76 Volt: 15.00 AFR: 15.80 RPM: 964 VSS: 0 FuelP: 2.60 OilP: 3.30
Data Verified. Payload Length: 123
MAP: 33 IAT: 35.00 CLT: 76 Volt: 15.00 AFR: 15.80 RPM: 967 VSS: 0 FuelP: 2.60 OilP: 3.40
Data Verified. Payload Length: 123
MAP: 33 IAT: 35.00 CLT: 76 Volt: 15.00 AFR: 15.90 RPM: 962 VSS: 0 FuelP: 2.60 OilP: 3.40
Data Verified. Payload Length: 123
MAP: 33 IAT: 35.00 CLT: 76 Volt: 15.00 AFR: 15.80 RPM: 964 VSS: 0 FuelP: 2.60 OilP: 3.40
Data Verified. Payload Length: 123
MAP: 33 IAT: 35.00 CLT: 76 Volt: 15.00 AFR: 15.80 RPM: 959 VSS: 0 FuelP: 2.60 OilP: 3.40
Data Verified. Payload Length: 123
MAP: 33 IAT: 35.00 CLT: 76 Volt: 14.90 AFR: 15.80 RPM: 953 VSS: 0 FuelP: 2.60 OilP: 3.40
Data Verified. Payload Length: 123
MAP: 33 IAT: 35.00 CLT: 76 Volt: 14.90 AFR: 16.00 RPM: 944 VSS: 0 FuelP: 2.60 OilP: 3.40
Data Verified. Payload Length: 123
MAP: 33 IAT: 35.00 CLT: 76 Volt: 14.90 AFR: 16.00 RPM: 944 VSS: 0 FuelP: 2.60 OilP: 3.40
Data Verified. Payload Length: 123
MAP: 33 IAT: 35.00 CLT: 76 Volt: 14.90 AFR: 16.10 RPM: 936 VSS: 0 FuelP: 2.60 OilP: 3.40
Data Verified. Payload Length: 123
MAP: 33 IAT: 35.00 CLT: 76 Volt: 14.90 AFR: 16.10 RPM: 932 VSS: 0 FuelP: 2.60 OilP: 3.40
Data Verified. Payload Length: 123
MAP: 33 IAT: 35.00 CLT: 76 Volt: 15.00 AFR: 16.10 RPM: 932 VSS: 0 FuelP: 2.60 OilP: 3.40
Data Verified. Payload Length: 123
MAP: 33 IAT: 35.00 CLT: 76 Volt: 15.00 AFR: 16.10 RPM: 923 VSS: 0 FuelP: 2.60 OilP: 3.40
Data Verified. Payload Length: 123
MAP: 33 IAT: 35.00 CLT: 76 Volt: 15.00 AFR: 16.10 RPM: 923 VSS: 0 FuelP: 2.60 OilP: 3.40
Data Verified. Payload Length: 123
MAP: 33 IAT: 35.00 CLT: 76 Volt: 15.00 AFR: 16.10 RPM: 921 VSS: 0 FuelP: 2.60 OilP: 3.40
Data Verified. Payload Length: 123
MAP: 33 IAT: 35.00 CLT: 76 Volt: 15.00 AFR: 15.90 RPM: 915 VSS: 0 FuelP: 2.60 OilP: 3.40
Data Verified. Payload Length: 123
MAP: 34 IAT: 35.00 CLT: 76 Volt: 15.00 AFR: 15.90 RPM: 909 VSS: 0 FuelP: 2.60 OilP: 3.40
Data Verified. Payload Length: 123
MAP: 34 IAT: 35.00 CLT: 76 Volt: 15.00 AFR: 15.90 RPM: 901 VSS: 0 FuelP: 2.60 OilP: 3.40
Data Verified. Payload Length: 123
MAP: 34 IAT: 35.00 CLT: 76 Volt: 15.00 AFR: 16.10 RPM: 901 VSS: 0 FuelP: 2.60 OilP: 3.40
Data Verified. Payload Length: 123
MAP: 34 IAT: 35.00 CLT: 76 Volt: 15.00 AFR: 16.20 RPM: 897 VSS: 0 FuelP: 2.60 OilP: 3.40
Data Verified. Payload Length: 123
MAP: 34 IAT: 35.00 CLT: 76 Volt: 15.00 AFR: 16.20 RPM: 892 VSS: 0 FuelP: 2.60 OilP: 3.40
Data Verified. Payload Length: 123
MAP: 34 IAT: 35.00 CLT: 76 Volt: 15.00 AFR: 16.20 RPM: 893 VSS: 0 FuelP: 2.60 OilP: 3.30
Data Verified. Payload Length: 123
MAP: 34 IAT: 35.00 CLT: 76 Volt: 15.00 AFR: 16.20 RPM: 892 VSS: 0 FuelP: 2.60 OilP: 3.30
Data Verified. Payload Length: 123
MAP: 34 IAT: 35.00 CLT: 76 Volt: 15.00 AFR: 16.20 RPM: 892 VSS: 0 FuelP: 2.60 OilP: 3.30
Data Verified. Payload Length: 123
MAP: 34 IAT: 35.00 CLT: 76 Volt: 15.00 AFR: 16.20 RPM: 895 VSS: 0 FuelP: 2.60 OilP: 3.30
Data Verified. Payload Length: 123
MAP: 34 IAT: 35.00 CLT: 76 Volt: 15.00 AFR: 16.20 RPM: 892 VSS: 0 FuelP: 2.60 OilP: 3.30
Data Verified. Payload Length: 123
MAP: 34 IAT: 35.00 CLT: 76 Volt: 15.00 AFR: 16.20 RPM: 890 VSS: 0 FuelP: 2.60 OilP: 3.30
Data Verified. Payload Length: 123
MAP: 34 IAT: 35.00 CLT: 76 Volt: 15.00 AFR: 16.20 RPM: 887 VSS: 0 FuelP: 2.60 OilP: 3.30
Data Verified. Payload Length: 123
MAP: 34 IAT: 35.00 CLT: 76 Volt: 15.00 AFR: 16.20 RPM: 887 VSS: 0 FuelP: 2.60 OilP: 3.30
Data Verified. Payload Length: 123
MAP: 34 IAT: 35.00 CLT: 76 Volt: 15.00 AFR: 16.20 RPM: 885 VSS: 0 FuelP: 2.60 OilP: 3.30
Data Verified. Payload Length: 123
MAP: 34 IAT: 35.00 CLT: 76 Volt: 15.00 AFR: 16.20 RPM: 883 VSS: 0 FuelP: 2.60 OilP: 3.30
Data Verified. Payload Length: 123
MAP: 35 IAT: 35.00 CLT: 76 Volt: 15.00 AFR: 16.20 RPM: 879 VSS: 0 FuelP: 2.60 OilP: 3.30
Data Verified. Payload Length: 123
MAP: 35 IAT: 35.00 CLT: 76 Volt: 15.00 AFR: 16.20 RPM: 872 VSS: 0 FuelP: 2.60 OilP: 3.30
Data Verified. Payload Length: 123
MAP: 35 IAT: 35.00 CLT: 76 Volt: 15.00 AFR: 16.20 RPM: 872 VSS: 0 FuelP: 2.60 OilP: 3.30
Data Verified. Payload Length: 123
MAP: 35 IAT: 35.00 CLT: 76 Volt: 15.00 AFR: 16.20 RPM: 868 VSS: 0 FuelP: 2.60 OilP: 3.30
Data Verified. Payload Length: 123
MAP: 35 IAT: 35.00 CLT: 76 Volt: 14.90 AFR: 16.20 RPM: 865 VSS: 0 FuelP: 2.60 OilP: 3.20
Data Verified. Payload Length: 123
MAP: 35 IAT: 35.00 CLT: 76 Volt: 14.90 AFR: 16.20 RPM: 865 VSS: 0 FuelP: 2.60 OilP: 3.20
Data Verified. Payload Length: 123
MAP: 34 IAT: 35.00 CLT: 76 Volt: 14.90 AFR: 16.20 RPM: 863 VSS: 0 FuelP: 2.60 OilP: 3.20
Data Verified. Payload Length: 123
MAP: 34 IAT: 35.00 CLT: 76 Volt: 14.90 AFR: 16.20 RPM: 863 VSS: 0 FuelP: 2.60 OilP: 3.20
Data Verified. Payload Length: 123
MAP: 32 IAT: 35.00 CLT: 76 Volt: 14.90 AFR: 16.20 RPM: 864 VSS: 0 FuelP: 2.60 OilP: 3.20
Data Verified. Payload Length: 123
MAP: 32 IAT: 35.00 CLT: 76 Volt: 14.90 AFR: 16.20 RPM: 862 VSS: 0 FuelP: 2.60 OilP: 3.20
Data Verified. Payload Length: 123
MAP: 32 IAT: 35.00 CLT: 76 Volt: 14.90 AFR: 16.20 RPM: 862 VSS: 0 FuelP: 2.60 OilP: 3.20
Data Verified. Payload Length: 123
MAP: 32 IAT: 35.00 CLT: 76 Volt: 14.90 AFR: 16.20 RPM: 859 VSS: 0 FuelP: 2.60 OilP: 3.20
Data Verified. Payload Length: 123
MAP: 32 IAT: 35.00 CLT: 76 Volt: 14.90 AFR: 16.20 RPM: 848 VSS: 0 FuelP: 2.60 OilP: 3.20
Data Verified. Payload Length: 123
MAP: 31 IAT: 35.00 CLT: 76 Volt: 14.90 AFR: 16.20 RPM: 836 VSS: 0 FuelP: 2.60 OilP: 3.10
Data Verified. Payload Length: 123
MAP: 31 IAT: 35.00 CLT: 76 Volt: 14.90 AFR: 16.20 RPM: 836 VSS: 0 FuelP: 2.60 OilP: 3.10
Data Verified. Payload Length: 123
MAP: 31 IAT: 35.00 CLT: 76 Volt: 14.90 AFR: 16.20 RPM: 824 VSS: 0 FuelP: 2.60 OilP: 3.10
Data Verified. Payload Length: 123
MAP: 31 IAT: 35.00 CLT: 76 Volt: 14.90 AFR: 16.20 RPM: 811 VSS: 0 FuelP: 2.60 OilP: 3.10
Data Verified. Payload Length: 123
MAP: 31 IAT: 35.00 CLT: 76 Volt: 14.90 AFR: 16.20 RPM: 790 VSS: 0 FuelP: 2.60 OilP: 3.10
Data Verified. Payload Length: 123
MAP: 31 IAT: 35.00 CLT: 76 Volt: 14.90 AFR: 16.20 RPM: 790 VSS: 0 FuelP: 2.60 OilP: 3.00
Data Verified. Payload Length: 123
MAP: 31 IAT: 35.00 CLT: 76 Volt: 14.90 AFR: 16.20 RPM: 766 VSS: 0 FuelP: 2.60 OilP: 3.00
Data Verified. Payload Length: 123
MAP: 31 IAT: 35.00 CLT: 76 Volt: 14.90 AFR: 16.20 RPM: 745 VSS: 0 FuelP: 2.60 OilP: 3.00
Data Verified. Payload Length: 123
MAP: 31 IAT: 35.00 CLT: 76 Volt: 14.90 AFR: 16.20 RPM: 745 VSS: 0 FuelP: 2.60 OilP: 3.00
Data Verified. Payload Length: 123
MAP: 32 IAT: 35.00 CLT: 76 Volt: 14.90 AFR: 16.20 RPM: 729 VSS: 0 FuelP: 2.60 OilP: 3.00
Data Verified. Payload Length: 123
MAP: 32 IAT: 35.00 CLT: 76 Volt: 14.90 AFR: 16.20 RPM: 704 VSS: 0 FuelP: 2.60 OilP: 2.80
Data Verified. Payload Length: 123
MAP: 32 IAT: 35.00 CLT: 76 Volt: 14.90 AFR: 16.20 RPM: 704 VSS: 0 FuelP: 2.60 OilP: 2.80
Data Verified. Payload Length: 123
MAP: 33 IAT: 35.00 CLT: 76 Volt: 14.90 AFR: 15.90 RPM: 693 VSS: 0 FuelP: 2.60 OilP: 2.80
Data Verified. Payload Length: 123
MAP: 33 IAT: 35.00 CLT: 76 Volt: 14.90 AFR: 15.80 RPM: 693 VSS: 0 FuelP: 2.60 OilP: 2.80
Data Verified. Payload Length: 123
MAP: 33 IAT: 35.00 CLT: 76 Volt: 14.90 AFR: 15.70 RPM: 679 VSS: 0 FuelP: 2.60 OilP: 2.60
Data Verified. Payload Length: 123
MAP: 35 IAT: 35.00 CLT: 76 Volt: 14.90 AFR: 15.70 RPM: 668 VSS: 0 FuelP: 2.60 OilP: 2.60
Data Verified. Payload Length: 123
MAP: 35 IAT: 35.00 CLT: 76 Volt: 14.90 AFR: 15.60 RPM: 668 VSS: 0 FuelP: 2.60 OilP: 2.60
Data Verified. Payload Length: 123
MAP: 35 IAT: 35.00 CLT: 76 Volt: 14.90 AFR: 15.60 RPM: 655 VSS: 0 FuelP: 2.60 OilP: 2.60
Data Verified. Payload Length: 123
MAP: 36 IAT: 35.00 CLT: 76 Volt: 14.90 AFR: 15.50 RPM: 644 VSS: 0 FuelP: 2.60 OilP: 2.60
Data Verified. Payload Length: 123
MAP: 36 IAT: 35.00 CLT: 76 Volt: 14.90 AFR: 15.50 RPM: 644 VSS: 0 FuelP: 2.60 OilP: 2.50
Data Verified. Payload Length: 123
MAP: 36 IAT: 35.00 CLT: 76 Volt: 14.90 AFR: 15.20 RPM: 638 VSS: 0 FuelP: 2.60 OilP: 2.50
Data Verified. Payload Length: 123
MAP: 36 IAT: 35.00 CLT: 76 Volt: 14.90 AFR: 15.10 RPM: 638 VSS: 0 FuelP: 2.60 OilP: 2.50
Data Verified. Payload Length: 123
MAP: 38 IAT: 35.00 CLT: 76 Volt: 14.90 AFR: 15.10 RPM: 634 VSS: 0 FuelP: 2.60 OilP: 2.50
Data Verified. Payload Length: 123
MAP: 38 IAT: 35.00 CLT: 76 Volt: 14.90 AFR: 15.10 RPM: 633 VSS: 0 FuelP: 2.60 OilP: 2.40
Data Verified. Payload Length: 123
MAP: 38 IAT: 35.00 CLT: 76 Volt: 14.90 AFR: 15.10 RPM: 633 VSS: 0 FuelP: 2.60 OilP: 2.40
Data Verified. Payload Length: 123
MAP: 39 IAT: 35.00 CLT: 76 Volt: 14.90 AFR: 15.10 RPM: 641 VSS: 0 FuelP: 2.60 OilP: 2.40
Data Verified. Payload Length: 123
MAP: 39 IAT: 35.00 CLT: 76 Volt: 14.90 AFR: 15.10 RPM: 641 VSS: 0 FuelP: 2.60 OilP: 2.40
Data Verified. Payload Length: 123
MAP: 39 IAT: 35.00 CLT: 76 Volt: 14.90 AFR: 15.10 RPM: 646 VSS: 0 FuelP: 2.60 OilP: 2.40
Data Verified. Payload Length: 123
MAP: 39 IAT: 35.00 CLT: 76 Volt: 14.90 AFR: 15.10 RPM: 646 VSS: 0 FuelP: 2.60 OilP: 2.30
Data Verified. Payload Length: 123
MAP: 40 IAT: 35.00 CLT: 76 Volt: 14.90 AFR: 15.20 RPM: 659 VSS: 0 FuelP: 2.60 OilP: 2.30
Data Verified. Payload Length: 123
MAP: 40 IAT: 35.00 CLT: 76 Volt: 14.90 AFR: 15.30 RPM: 674 VSS: 0 FuelP: 2.60 OilP: 2.30
Data Verified. Payload Length: 123
MAP: 40 IAT: 35.00 CLT: 76 Volt: 14.90 AFR: 15.40 RPM: 674 VSS: 0 FuelP: 2.60 OilP: 2.30
Data Verified. Payload Length: 123
MAP: 41 IAT: 35.00 CLT: 76 Volt: 14.90 AFR: 15.40 RPM: 686 VSS: 0 FuelP: 2.60 OilP: 2.30
Data Verified. Payload Length: 123
MAP: 41 IAT: 35.00 CLT: 76 Volt: 14.90 AFR: 15.40 RPM: 686 VSS: 0 FuelP: 2.60 OilP: 2.30
Data Verified. Payload Length: 123
MAP: 41 IAT: 35.00 CLT: 76 Volt: 14.90 AFR: 15.40 RPM: 703 VSS: 0 FuelP: 2.60 OilP: 2.30
Data Verified. Payload Length: 123
MAP: 41 IAT: 35.00 CLT: 76 Volt: 14.90 AFR: 15.30 RPM: 721 VSS: 0 FuelP: 2.60 OilP: 2.30
Data Verified. Payload Length: 123
MAP: 41 IAT: 35.00 CLT: 76 Volt: 14.90 AFR: 15.40 RPM: 721 VSS: 0 FuelP: 2.60 OilP: 2.30
Data Verified. Payload Length: 123
MAP: 41 IAT: 35.00 CLT: 76 Volt: 14.90 AFR: 15.40 RPM: 738 VSS: 0 FuelP: 2.60 OilP: 2.30
Data Verified. Payload Length: 123
MAP: 41 IAT: 35.00 CLT: 76 Volt: 15.00 AFR: 15.40 RPM: 758 VSS: 0 FuelP: 2.60 OilP: 2.40
Data Verified. Payload Length: 123
MAP: 41 IAT: 35.00 CLT: 76 Volt: 15.00 AFR: 15.40 RPM: 758 VSS: 0 FuelP: 2.60 OilP: 2.40
Data Verified. Payload Length: 123
MAP: 41 IAT: 35.00 CLT: 76 Volt: 15.00 AFR: 15.50 RPM: 772 VSS: 0 FuelP: 2.60 OilP: 2.40
Data Verified. Payload Length: 123
MAP: 40 IAT: 35.00 CLT: 76 Volt: 15.00 AFR: 15.50 RPM: 791 VSS: 0 FuelP: 2.60 OilP: 2.40
Data Verified. Payload Length: 123
MAP: 40 IAT: 35.00 CLT: 76 Volt: 15.00 AFR: 15.50 RPM: 813 VSS: 0 FuelP: 2.60 OilP: 2.60
Data Verified. Payload Length: 123
MAP: 40 IAT: 35.00 CLT: 76 Volt: 15.00 AFR: 15.70 RPM: 813 VSS: 0 FuelP: 2.60 OilP: 2.60
Data Verified. Payload Length: 123
MAP: 39 IAT: 35.00 CLT: 76 Volt: 15.00 AFR: 15.70 RPM: 832 VSS: 0 FuelP: 2.60 OilP: 2.60
Data Verified. Payload Length: 123
MAP: 39 IAT: 35.00 CLT: 76 Volt: 15.00 AFR: 15.70 RPM: 847 VSS: 0 FuelP: 2.60 OilP: 2.60
Data Verified. Payload Length: 123
MAP: 39 IAT: 35.00 CLT: 76 Volt: 15.00 AFR: 15.70 RPM: 864 VSS: 0 FuelP: 2.60 OilP: 2.60
Data Verified. Payload Length: 123
MAP: 39 IAT: 35.00 CLT: 76 Volt: 14.90 AFR: 15.70 RPM: 864 VSS: 0 FuelP: 2.60 OilP: 2.80
Data Verified. Payload Length: 123
MAP: 39 IAT: 35.00 CLT: 76 Volt: 14.90 AFR: 15.70 RPM: 876 VSS: 0 FuelP: 2.60 OilP: 2.80
Data Verified. Payload Length: 123
MAP: 37 IAT: 35.00 CLT: 76 Volt: 14.90 AFR: 15.70 RPM: 893 VSS: 0 FuelP: 2.60 OilP: 2.80
Data Verified. Payload Length: 123
MAP: 37 IAT: 35.00 CLT: 76 Volt: 14.90 AFR: 15.70 RPM: 907 VSS: 0 FuelP: 2.60 OilP: 2.80
Data Verified. Payload Length: 123
MAP: 36 IAT: 35.00 CLT: 76 Volt: 14.90 AFR: 15.90 RPM: 923 VSS: 0 FuelP: 2.60 OilP: 2.80
Data Verified. Payload Length: 123
MAP: 36 IAT: 35.00 CLT: 76 Volt: 15.00 AFR: 16.00 RPM: 923 VSS: 0 FuelP: 2.60 OilP: 3.00
Data Verified. Payload Length: 123
MAP: 36 IAT: 35.00 CLT: 76 Volt: 15.00 AFR: 16.00 RPM: 935 VSS: 0 FuelP: 2.60 OilP: 3.00
Data Verified. Payload Length: 123
MAP: 35 IAT: 35.00 CLT: 76 Volt: 15.00 AFR: 16.10 RPM: 944 VSS: 0 FuelP: 2.60 OilP: 3.00
Data Verified. Payload Length: 123
MAP: 35 IAT: 35.00 CLT: 76 Volt: 15.00 AFR: 16.10 RPM: 953 VSS: 0 FuelP: 2.60 OilP: 3.00
Data Verified. Payload Length: 123
MAP: 35 IAT: 35.00 CLT: 76 Volt: 15.00 AFR: 16.10 RPM: 962 VSS: 0 FuelP: 2.60 OilP: 3.00
Data Verified. Payload Length: 123
MAP: 35 IAT: 35.00 CLT: 76 Volt: 15.00 AFR: 15.90 RPM: 968 VSS: 0 FuelP: 2.60 OilP: 3.20
Data Verified. Payload Length: 123
MAP: 35 IAT: 35.00 CLT: 76 Volt: 15.00 AFR: 15.80 RPM: 968 VSS: 0 FuelP: 2.60 OilP: 3.20
Data Verified. Payload Length: 123
MAP: 34 IAT: 35.00 CLT: 76 Volt: 15.00 AFR: 15.80 RPM: 979 VSS: 0 FuelP: 2.60 OilP: 3.20
Data Verified. Payload Length: 123
MAP: 34 IAT: 35.00 CLT: 76 Volt: 15.00 AFR: 15.80 RPM: 979 VSS: 0 FuelP: 2.60 OilP: 3.20
Data Verified. Payload Length: 123
MAP: 34 IAT: 35.00 CLT: 76 Volt: 15.00 AFR: 15.80 RPM: 982 VSS: 0 FuelP: 2.60 OilP: 3.30
Data Verified. Payload Length: 123
MAP: 34 IAT: 35.00 CLT: 76 Volt: 15.00 AFR: 15.60 RPM: 986 VSS: 0 FuelP: 2.60 OilP: 3.30
Data Verified. Payload Length: 123
MAP: 33 IAT: 35.00 CLT: 76 Volt: 15.00 AFR: 15.50 RPM: 991 VSS: 0 FuelP: 2.60 OilP: 3.30
Data Verified. Payload Length: 123
MAP: 33 IAT: 35.00 CLT: 76 Volt: 15.00 AFR: 15.50 RPM: 996 VSS: 0 FuelP: 2.60 OilP: 3.30
Data Verified. Payload Length: 123
MAP: 33 IAT: 35.00 CLT: 76 Volt: 15.00 AFR: 15.50 RPM: 999 VSS: 0 FuelP: 2.60 OilP: 3.30
Data Verified. Payload Length: 123
MAP: 33 IAT: 35.00 CLT: 76 Volt: 15.00 AFR: 15.50 RPM: 999 VSS: 0 FuelP: 2.60 OilP: 3.40
Data Verified. Payload Length: 123
MAP: 33 IAT: 35.00 CLT: 76 Volt: 15.00 AFR: 15.50 RPM: 1002 VSS: 0 FuelP: 2.60 OilP: 3.40
Data Verified. Payload Length: 123
MAP: 33 IAT: 35.00 CLT: 76 Volt: 15.00 AFR: 15.50 RPM: 999 VSS: 0 FuelP: 2.60 OilP: 3.40
Data Verified. Payload Length: 123
MAP: 33 IAT: 35.00 CLT: 76 Volt: 15.00 AFR: 15.50 RPM: 999 VSS: 0 FuelP: 2.60 OilP: 3.40
Data Verified. Payload Length: 123
MAP: 33 IAT: 35.00 CLT: 76 Volt: 15.00 AFR: 15.50 RPM: 989 VSS: 0 FuelP: 2.60 OilP: 3.40
Data Verified. Payload Length: 123
MAP: 33 IAT: 35.00 CLT: 77 Volt: 14.90 AFR: 15.50 RPM: 980 VSS: 0 FuelP: 2.60 OilP: 3.40
Data Verified. Payload Length: 123
MAP: 33 IAT: 35.00 CLT: 77 Volt: 14.90 AFR: 15.50 RPM: 971 VSS: 0 FuelP: 2.60 OilP: 3.40
Data Verified. Payload Length: 123
MAP: 33 IAT: 35.00 CLT: 77 Volt: 14.90 AFR: 15.50 RPM: 956 VSS: 0 FuelP: 2.60 OilP: 3.40
Data Verified. Payload Length: 123
MAP: 33 IAT: 35.00 CLT: 77 Volt: 14.90 AFR: 15.50 RPM: 944 VSS: 0 FuelP: 2.60 OilP: 3.40
Data Verified. Payload Length: 123
MAP: 33 IAT: 35.00 CLT: 77 Volt: 14.90 AFR: 15.50 RPM: 928 VSS: 0 FuelP: 2.60 OilP: 3.40
Data Verified. Payload Length: 123
MAP: 33 IAT: 35.00 CLT: 77 Volt: 14.90 AFR: 15.50 RPM: 919 VSS: 0 FuelP: 2.60 OilP: 3.40
Data Verified. Payload Length: 123
MAP: 33 IAT: 35.00 CLT: 77 Volt: 14.90 AFR: 15.50 RPM: 907 VSS: 0 FuelP: 2.60 OilP: 3.40
Data Verified. Payload Length: 123
MAP: 33 IAT: 35.00 CLT: 77 Volt: 14.90 AFR: 15.50 RPM: 907 VSS: 0 FuelP: 2.60 OilP: 3.40
Data Verified. Payload Length: 123
MAP: 33 IAT: 35.00 CLT: 77 Volt: 14.90 AFR: 15.50 RPM: 902 VSS: 0 FuelP: 2.60 OilP: 3.40
Data Verified. Payload Length: 123
MAP: 33 IAT: 35.00 CLT: 77 Volt: 14.90 AFR: 15.50 RPM: 894 VSS: 0 FuelP: 2.60 OilP: 3.30
Data Verified. Payload Length: 123
MAP: 34 IAT: 35.00 CLT: 77 Volt: 14.90 AFR: 15.50 RPM: 892 VSS: 0 FuelP: 2.60 OilP: 3.30
Data Verified. Payload Length: 123
MAP: 34 IAT: 35.00 CLT: 77 Volt: 14.90 AFR: 15.60 RPM: 892 VSS: 0 FuelP: 2.60 OilP: 3.30
Data Verified. Payload Length: 123
MAP: 34 IAT: 35.00 CLT: 77 Volt: 14.90 AFR: 15.60 RPM: 885 VSS: 0 FuelP: 2.60 OilP: 3.30
Data Verified. Payload Length: 123
MAP: 34 IAT: 35.00 CLT: 77 Volt: 14.90 AFR: 15.60 RPM: 883 VSS: 0 FuelP: 2.60 OilP: 3.30
Data Verified. Payload Length: 123
MAP: 34 IAT: 35.00 CLT: 77 Volt: 14.90 AFR: 15.60 RPM: 887 VSS: 0 FuelP: 2.60 OilP: 3.30
Data Verified. Payload Length: 123
MAP: 34 IAT: 35.00 CLT: 77 Volt: 14.90 AFR: 15.60 RPM: 887 VSS: 0 FuelP: 2.60 OilP: 3.30
Data Verified. Payload Length: 123
MAP: 34 IAT: 35.00 CLT: 77 Volt: 14.90 AFR: 15.60 RPM: 890 VSS: 0 FuelP: 2.60 OilP: 3.30
Data Verified. Payload Length: 123
MAP: 34 IAT: 35.00 CLT: 77 Volt: 14.90 AFR: 15.60 RPM: 888 VSS: 0 FuelP: 2.60 OilP: 3.30
Data Verified. Payload Length: 123
MAP: 34 IAT: 35.00 CLT: 77 Volt: 14.90 AFR: 15.60 RPM: 891 VSS: 0 FuelP: 2.60 OilP: 3.30
Data Verified. Payload Length: 123
MAP: 34 IAT: 35.00 CLT: 77 Volt: 14.90 AFR: 15.60 RPM: 892 VSS: 0 FuelP: 2.60 OilP: 3.30
Data Verified. Payload Length: 123
MAP: 34 IAT: 35.00 CLT: 77 Volt: 14.90 AFR: 15.80 RPM: 892 VSS: 0 FuelP: 2.60 OilP: 3.30
Data Verified. Payload Length: 123
MAP: 34 IAT: 35.00 CLT: 77 Volt: 14.90 AFR: 16.00 RPM: 894 VSS: 0 FuelP: 2.60 OilP: 3.30
Data Verified. Payload Length: 123
MAP: 34 IAT: 35.00 CLT: 77 Volt: 14.90 AFR: 16.00 RPM: 897 VSS: 0 FuelP: 2.60 OilP: 3.30
Data Verified. Payload Length: 123
MAP: 34 IAT: 35.00 CLT: 77 Volt: 15.00 AFR: 16.10 RPM: 900 VSS: 0 FuelP: 2.60 OilP: 3.30
Data Verified. Payload Length: 123
MAP: 34 IAT: 35.00 CLT: 77 Volt: 15.00 AFR: 16.10 RPM: 902 VSS: 0 FuelP: 2.60 OilP: 3.30
Data Verified. Payload Length: 123
MAP: 34 IAT: 35.00 CLT: 77 Volt: 15.00 AFR: 16.10 RPM: 902 VSS: 0 FuelP: 2.60 OilP: 3.30
Data Verified. Payload Length: 123
MAP: 34 IAT: 35.00 CLT: 77 Volt: 15.00 AFR: 16.10 RPM: 904 VSS: 0 FuelP: 2.60 OilP: 3.30
Data Verified. Payload Length: 123
MAP: 34 IAT: 35.00 CLT: 77 Volt: 15.00 AFR: 16.10 RPM: 901 VSS: 0 FuelP: 2.60 OilP: 3.30
Data Verified. Payload Length: 123
MAP: 34 IAT: 35.00 CLT: 77 Volt: 14.90 AFR: 16.10 RPM: 901 VSS: 0 FuelP: 2.60 OilP: 3.30
Data Verified. Payload Length: 123
MAP: 34 IAT: 35.00 CLT: 77 Volt: 14.90 AFR: 16.10 RPM: 898 VSS: 0 FuelP: 2.60 OilP: 3.30
Data Verified. Payload Length: 123
MAP: 34 IAT: 35.00 CLT: 77 Volt: 14.90 AFR: 16.20 RPM: 898 VSS: 0 FuelP: 2.60 OilP: 3.30
Data Verified. Payload Length: 123
MAP: 34 IAT: 35.00 CLT: 77 Volt: 14.90 AFR: 16.20 RPM: 901 VSS: 0 FuelP: 2.60 OilP: 3.30
Data Verified. Payload Length: 123
MAP: 34 IAT: 35.00 CLT: 77 Volt: 14.90 AFR: 16.20 RPM: 899 VSS: 0 FuelP: 2.60 OilP: 3.30
Data Verified. Payload Length: 123
MAP: 33 IAT: 35.00 CLT: 77 Volt: 14.90 AFR: 16.20 RPM: 898 VSS: 0 FuelP: 2.60 OilP: 3.30
Data Verified. Payload Length: 123
MAP: 33 IAT: 35.00 CLT: 77 Volt: 14.90 AFR: 16.20 RPM: 895 VSS: 0 FuelP: 2.60 OilP: 3.30
Data Verified. Payload Length: 123
MAP: 33 IAT: 35.00 CLT: 77 Volt: 14.90 AFR: 16.20 RPM: 895 VSS: 0 FuelP: 2.60 OilP: 3.30
Data Verified. Payload Length: 123
MAP: 32 IAT: 35.00 CLT: 77 Volt: 14.90 AFR: 16.20 RPM: 895 VSS: 0 FuelP: 2.60 OilP: 3.30
Data Verified. Payload Length: 123
MAP: 32 IAT: 35.00 CLT: 77 Volt: 14.90 AFR: 16.20 RPM: 886 VSS: 0 FuelP: 2.60 OilP: 3.30
Data Verified. Payload Length: 123
MAP: 31 IAT: 35.00 CLT: 77 Volt: 15.00 AFR: 16.20 RPM: 877 VSS: 0 FuelP: 2.60 OilP: 3.20
Data Verified. Payload Length: 123
MAP: 31 IAT: 35.00 CLT: 77 Volt: 15.00 AFR: 16.00 RPM: 868 VSS: 0 FuelP: 2.60 OilP: 3.20
Data Verified. Payload Length: 123
MAP: 31 IAT: 35.00 CLT: 77 Volt: 15.00 AFR: 16.10 RPM: 868 VSS: 0 FuelP: 2.60 OilP: 3.20
Data Verified. Payload Length: 123
MAP: 31 IAT: 35.00 CLT: 77 Volt: 15.00 AFR: 16.20 RPM: 858 VSS: 0 FuelP: 2.60 OilP: 3.20
Data Verified. Payload Length: 123
MAP: 31 IAT: 35.00 CLT: 77 Volt: 15.00 AFR: 16.20 RPM: 847 VSS: 0 FuelP: 2.60 OilP: 3.20
Data Verified. Payload Length: 123
MAP: 31 IAT: 35.00 CLT: 77 Volt: 15.00 AFR: 16.20 RPM: 847 VSS: 0 FuelP: 2.60 OilP: 3.20
Data Verified. Payload Length: 123
MAP: 31 IAT: 35.00 CLT: 77 Volt: 15.00 AFR: 16.20 RPM: 831 VSS: 0 FuelP: 2.60 OilP: 3.20
Data Verified. Payload Length: 123
MAP: 31 IAT: 35.00 CLT: 77 Volt: 15.00 AFR: 16.20 RPM: 812 VSS: 0 FuelP: 2.60 OilP: 3.20
Data Verified. Payload Length: 123
MAP: 31 IAT: 35.00 CLT: 77 Volt: 15.00 AFR: 16.20 RPM: 793 VSS: 0 FuelP: 2.60 OilP: 3.20
Data Verified. Payload Length: 123
MAP: 31 IAT: 35.00 CLT: 77 Volt: 15.00 AFR: 16.20 RPM: 793 VSS: 0 FuelP: 2.60 OilP: 3.00
Data Verified. Payload Length: 123
MAP: 31 IAT: 35.00 CLT: 77 Volt: 15.00 AFR: 16.20 RPM: 765 VSS: 0 FuelP: 2.60 OilP: 3.00
Data Verified. Payload Length: 123
MAP: 32 IAT: 35.00 CLT: 77 Volt: 15.00 AFR: 16.20 RPM: 744 VSS: 0 FuelP: 2.60 OilP: 3.00
Data Verified. Payload Length: 123
MAP: 32 IAT: 35.00 CLT: 77 Volt: 15.00 AFR: 16.20 RPM: 744 VSS: 0 FuelP: 2.60 OilP: 3.00
Data Verified. Payload Length: 123
MAP: 32 IAT: 35.00 CLT: 77 Volt: 15.00 AFR: 16.20 RPM: 722 VSS: 0 FuelP: 2.60 OilP: 3.00
Data Verified. Payload Length: 123
MAP: 33 IAT: 35.00 CLT: 77 Volt: 15.00 AFR: 16.10 RPM: 702 VSS: 0 FuelP: 2.60 OilP: 2.80
Data Verified. Payload Length: 123
MAP: 33 IAT: 35.00 CLT: 77 Volt: 15.00 AFR: 15.80 RPM: 702 VSS: 0 FuelP: 2.60 OilP: 2.80
Data Verified. Payload Length: 123
MAP: 33 IAT: 35.00 CLT: 77 Volt: 15.00 AFR: 15.70 RPM: 685 VSS: 0 FuelP: 2.60 OilP: 2.80
Data Verified. Payload Length: 123
MAP: 35 IAT: 35.00 CLT: 77 Volt: 15.00 AFR: 15.50 RPM: 669 VSS: 0 FuelP: 2.60 OilP: 2.80
Data Verified. Payload Length: 123
MAP: 35 IAT: 35.00 CLT: 77 Volt: 15.00 AFR: 15.50 RPM: 669 VSS: 0 FuelP: 2.60 OilP: 2.80
Data Verified. Payload Length: 123
MAP: 35 IAT: 35.00 CLT: 77 Volt: 14.90 AFR: 15.50 RPM: 653 VSS: 0 FuelP: 2.60 OilP: 2.60
Data Verified. Payload Length: 123
MAP: 35 IAT: 35.00 CLT: 77 Volt: 14.90 AFR: 15.50 RPM: 653 VSS: 0 FuelP: 2.60 OilP: 2.60
Data Verified. Payload Length: 123
MAP: 37 IAT: 35.00 CLT: 77 Volt: 14.90 AFR: 15.50 RPM: 644 VSS: 0 FuelP: 2.60 OilP: 2.60
Data Verified. Payload Length: 123
MAP: 37 IAT: 35.00 CLT: 77 Volt: 14.90 AFR: 15.50 RPM: 636 VSS: 0 FuelP: 2.60 OilP: 2.60
Data Verified. Payload Length: 123
MAP: 37 IAT: 35.00 CLT: 77 Volt: 15.00 AFR: 15.50 RPM: 636 VSS: 0 FuelP: 2.60 OilP: 2.40
Data Verified. Payload Length: 123
MAP: 39 IAT: 35.00 CLT: 77 Volt: 15.00 AFR: 15.40 RPM: 631 VSS: 0 FuelP: 2.60 OilP: 2.40
Data Verified. Payload Length: 123
MAP: 39 IAT: 35.00 CLT: 77 Volt: 15.00 AFR: 15.40 RPM: 631 VSS: 0 FuelP: 2.60 OilP: 2.40
Data Verified. Payload Length: 123
MAP: 39 IAT: 35.00 CLT: 77 Volt: 15.00 AFR: 15.40 RPM: 633 VSS: 0 FuelP: 2.60 OilP: 2.40
Data Verified. Payload Length: 123
MAP: 39 IAT: 35.00 CLT: 77 Volt: 15.00 AFR: 15.40 RPM: 633 VSS: 0 FuelP: 2.60 OilP: 2.40
Data Verified. Payload Length: 123
MAP: 40 IAT: 35.00 CLT: 77 Volt: 14.90 AFR: 15.40 RPM: 646 VSS: 0 FuelP: 2.60 OilP: 2.30
Data Verified. Payload Length: 123
MAP: 40 IAT: 35.00 CLT: 77 Volt: 14.90 AFR: 15.40 RPM: 664 VSS: 0 FuelP: 2.60 OilP: 2.30
Data Verified. Payload Length: 123
MAP: 40 IAT: 35.00 CLT: 77 Volt: 14.90 AFR: 15.40 RPM: 664 VSS: 0 FuelP: 2.60 OilP: 2.30
Data Verified. Payload Length: 123
MAP: 40 IAT: 35.00 CLT: 77 Volt: 14.90 AFR: 15.40 RPM: 682 VSS: 0 FuelP: 2.60 OilP: 2.30
Data Verified. Payload Length: 123
MAP: 40 IAT: 35.00 CLT: 77 Volt: 14.90 AFR: 15.40 RPM: 682 VSS: 0 FuelP: 2.60 OilP: 2.30
Data Verified. Payload Length: 123
MAP: 40 IAT: 35.00 CLT: 77 Volt: 14.90 AFR: 15.40 RPM: 698 VSS: 0 FuelP: 2.60 OilP: 2.30
Data Verified. Payload Length: 123
MAP: 39 IAT: 35.00 CLT: 77 Volt: 14.90 AFR: 15.40 RPM: 716 VSS: 0 FuelP: 2.60 OilP: 2.30
Data Verified. Payload Length: 123
MAP: 39 IAT: 35.00 CLT: 77 Volt: 14.90 AFR: 15.40 RPM: 716 VSS: 0 FuelP: 2.60 OilP: 2.30
Data Verified. Payload Length: 123
MAP: 39 IAT: 35.00 CLT: 77 Volt: 14.90 AFR: 15.50 RPM: 731 VSS: 0 FuelP: 2.60 OilP: 2.30
Data Verified. Payload Length: 123
MAP: 39 IAT: 35.00 CLT: 77 Volt: 15.00 AFR: 15.60 RPM: 750 VSS: 0 FuelP: 2.60 OilP: 2.40
Data Verified. Payload Length: 123
MAP: 39 IAT: 35.00 CLT: 77 Volt: 15.00 AFR: 15.60 RPM: 766 VSS: 0 FuelP: 2.60 OilP: 2.40
Data Verified. Payload Length: 123
MAP: 39 IAT: 35.00 CLT: 77 Volt: 15.00 AFR: 15.60 RPM: 766 VSS: 0 FuelP: 2.60 OilP: 2.40
Data Verified. Payload Length: 123
MAP: 37 IAT: 35.00 CLT: 77 Volt: 15.00 AFR: 15.60 RPM: 780 VSS: 0 FuelP: 2.60 OilP: 2.40
Data Verified. Payload Length: 123
MAP: 37 IAT: 35.00 CLT: 77 Volt: 15.00 AFR: 16.00 RPM: 794 VSS: 0 FuelP: 2.60 OilP: 2.40
Data Verified. Payload Length: 123
MAP: 37 IAT: 35.00 CLT: 77 Volt: 15.00 AFR: 16.10 RPM: 794 VSS: 0 FuelP: 2.60 OilP: 2.60
Data Verified. Payload Length: 123
MAP: 36 IAT: 35.00 CLT: 77 Volt: 15.00 AFR: 16.20 RPM: 803 VSS: 0 FuelP: 2.60 OilP: 2.60
Data Verified. Payload Length: 123
MAP: 36 IAT: 35.00 CLT: 77 Volt: 15.00 AFR: 16.20 RPM: 804 VSS: 0 FuelP: 2.60 OilP: 2.60
Data Verified. Payload Length: 123
MAP: 35 IAT: 35.00 CLT: 77 Volt: 15.00 AFR: 16.10 RPM: 806 VSS: 0 FuelP: 2.60 OilP: 2.60
Data Verified. Payload Length: 123
MAP: 35 IAT: 35.00 CLT: 77 Volt: 15.00 AFR: 16.10 RPM: 806 VSS: 0 FuelP: 2.60 OilP: 2.70
Data Verified. Payload Length: 123
MAP: 35 IAT: 35.00 CLT: 77 Volt: 15.00 AFR: 16.10 RPM: 800 VSS: 0 FuelP: 2.60 OilP: 2.70
Data Verified. Payload Length: 123
MAP: 35 IAT: 35.00 CLT: 77 Volt: 15.00 AFR: 16.10 RPM: 801 VSS: 0 FuelP: 2.60 OilP: 2.70
Data Verified. Payload Length: 123
MAP: 35 IAT: 35.00 CLT: 77 Volt: 15.00 AFR: 15.90 RPM: 805 VSS: 0 FuelP: 2.60 OilP: 2.70
Data Verified. Payload Length: 123
MAP: 35 IAT: 35.00 CLT: 77 Volt: 15.00 AFR: 15.90 RPM: 805 VSS: 0 FuelP: 2.60 OilP: 2.70
Data Verified. Payload Length: 123
MAP: 36 IAT: 35.00 CLT: 77 Volt: 15.00 AFR: 15.90 RPM: 805 VSS: 0 FuelP: 2.60 OilP: 2.70
Data Verified. Payload Length: 123
MAP: 36 IAT: 35.00 CLT: 77 Volt: 15.00 AFR: 15.80 RPM: 797 VSS: 0 FuelP: 2.60 OilP: 2.70
Data Verified. Payload Length: 123
MAP: 36 IAT: 35.00 CLT: 77 Volt: 15.00 AFR: 15.60 RPM: 797 VSS: 0 FuelP: 2.60 OilP: 2.70
Data Verified. Payload Length: 123
MAP: 37 IAT: 35.00 CLT: 77 Volt: 15.00 AFR: 15.40 RPM: 795 VSS: 0 FuelP: 2.60 OilP: 2.70
Data Verified. Payload Length: 123
MAP: 37 IAT: 35.00 CLT: 77 Volt: 15.00 AFR: 15.40 RPM: 797 VSS: 0 FuelP: 2.60 OilP: 2.70
Data Verified. Payload Length: 123
MAP: 37 IAT: 35.00 CLT: 78 Volt: 14.90 AFR: 15.40 RPM: 797 VSS: 0 FuelP: 2.60 OilP: 2.70
Data Verified. Payload Length: 123
MAP: 38 IAT: 35.00 CLT: 78 Volt: 14.90 AFR: 15.40 RPM: 799 VSS: 0 FuelP: 2.60 OilP: 2.70
Data Verified. Payload Length: 123
MAP: 38 IAT: 35.00 CLT: 78 Volt: 14.90 AFR: 15.40 RPM: 799 VSS: 0 FuelP: 2.60 OilP: 2.70
Data Verified. Payload Length: 123
MAP: 37 IAT: 35.00 CLT: 78 Volt: 14.90 AFR: 15.40 RPM: 807 VSS: 0 FuelP: 2.60 OilP: 2.70
Data Verified. Payload Length: 123
MAP: 37 IAT: 35.00 CLT: 78 Volt: 15.00 AFR: 15.40 RPM: 807 VSS: 0 FuelP: 2.60 OilP: 2.80
Data Verified. Payload Length: 123
MAP: 37 IAT: 35.00 CLT: 78 Volt: 15.00 AFR: 15.40 RPM: 817 VSS: 0 FuelP: 2.60 OilP: 2.80
Data Verified. Payload Length: 123
MAP: 37 IAT: 35.00 CLT: 78 Volt: 15.00 AFR: 15.40 RPM: 828 VSS: 0 FuelP: 2.60 OilP: 2.80
Data Verified. Payload Length: 123
MAP: 37 IAT: 35.00 CLT: 78 Volt: 15.00 AFR: 15.40 RPM: 835 VSS: 0 FuelP: 2.60 OilP: 2.80
Data Verified. Payload Length: 123
MAP: 37 IAT: 35.00 CLT: 78 Volt: 15.00 AFR: 15.50 RPM: 835 VSS: 0 FuelP: 2.60 OilP: 2.80
Data Verified. Payload Length: 123
MAP: 37 IAT: 35.00 CLT: 78 Volt: 15.00 AFR: 15.60 RPM: 842 VSS: 0 FuelP: 2.60 OilP: 2.80
Data Verified. Payload Length: 123
MAP: 37 IAT: 35.00 CLT: 78 Volt: 15.00 AFR: 15.60 RPM: 846 VSS: 0 FuelP: 2.60 OilP: 2.80
Data Verified. Payload Length: 123
MAP: 37 IAT: 35.00 CLT: 78 Volt: 15.00 AFR: 15.60 RPM: 855 VSS: 0 FuelP: 2.60 OilP: 2.80
Data Verified. Payload Length: 123
MAP: 37 IAT: 35.00 CLT: 78 Volt: 15.00 AFR: 15.80 RPM: 855 VSS: 0 FuelP: 2.60 OilP: 2.80
Data Verified. Payload Length: 123
MAP: 37 IAT: 35.00 CLT: 78 Volt: 15.00 AFR: 16.00 RPM: 862 VSS: 0 FuelP: 2.60 OilP: 2.80
Data Verified. Payload Length: 123
MAP: 37 IAT: 35.00 CLT: 78 Volt: 14.90 AFR: 16.30 RPM: 873 VSS: 0 FuelP: 2.60 OilP: 2.90
Data Verified. Payload Length: 123
MAP: 37 IAT: 35.00 CLT: 78 Volt: 14.90 AFR: 16.20 RPM: 883 VSS: 0 FuelP: 2.60 OilP: 2.90
Data Verified. Payload Length: 123
MAP: 36 IAT: 35.00 CLT: 78 Volt: 14.90 AFR: 16.20 RPM: 892 VSS: 0 FuelP: 2.60 OilP: 2.90
Data Verified. Payload Length: 123
MAP: 36 IAT: 35.00 CLT: 78 Volt: 14.90 AFR: 16.20 RPM: 892 VSS: 0 FuelP: 2.60 OilP: 2.90
Data Verified. Payload Length: 123
MAP: 36 IAT: 35.00 CLT: 78 Volt: 14.90 AFR: 16.20 RPM: 902 VSS: 0 FuelP: 2.60 OilP: 2.90
Data Verified. Payload Length: 123
MAP: 35 IAT: 35.00 CLT: 78 Volt: 15.00 AFR: 16.20 RPM: 916 VSS: 0 FuelP: 2.60 OilP: 3.00
Data Verified. Payload Length: 123
MAP: 35 IAT: 35.00 CLT: 78 Volt: 15.00 AFR: 16.20 RPM: 925 VSS: 0 FuelP: 2.60 OilP: 3.00
Data Verified. Payload Length: 123
MAP: 35 IAT: 35.00 CLT: 78 Volt: 15.00 AFR: 16.20 RPM: 930 VSS: 0 FuelP: 2.60 OilP: 3.00
Data Verified. Payload Length: 123
MAP: 35 IAT: 35.00 CLT: 78 Volt: 15.00 AFR: 16.20 RPM: 930 VSS: 0 FuelP: 2.60 OilP: 3.00
Data Verified. Payload Length: 123
MAP: 35 IAT: 35.00 CLT: 78 Volt: 14.90 AFR: 16.20 RPM: 935 VSS: 0 FuelP: 2.60 OilP: 3.20
Data Verified. Payload Length: 123
MAP: 34 IAT: 35.00 CLT: 78 Volt: 14.90 AFR: 16.20 RPM: 939 VSS: 0 FuelP: 2.60 OilP: 3.20
Data Verified. Payload Length: 123
MAP: 34 IAT: 35.00 CLT: 78 Volt: 14.90 AFR: 16.20 RPM: 943 VSS: 0 FuelP: 2.60 OilP: 3.20
Data Verified. Payload Length: 123
MAP: 34 IAT: 35.00 CLT: 78 Volt: 14.90 AFR: 16.20 RPM: 948 VSS: 0 FuelP: 2.60 OilP: 3.20
Data Verified. Payload Length: 123
MAP: 34 IAT: 35.00 CLT: 78 Volt: 14.90 AFR: 16.20 RPM: 949 VSS: 0 FuelP: 2.60 OilP: 3.20
Data Verified. Payload Length: 123
MAP: 34 IAT: 35.00 CLT: 78 Volt: 14.90 AFR: 16.20 RPM: 952 VSS: 0 FuelP: 2.60 OilP: 3.30
Data Verified. Payload Length: 123
MAP: 34 IAT: 35.00 CLT: 78 Volt: 14.90 AFR: 16.20 RPM: 951 VSS: 0 FuelP: 2.60 OilP: 3.30
Data Verified. Payload Length: 123
MAP: 34 IAT: 35.00 CLT: 78 Volt: 14.90 AFR: 16.20 RPM: 951 VSS: 0 FuelP: 2.60 OilP: 3.30
Data Verified. Payload Length: 123
MAP: 33 IAT: 35.00 CLT: 78 Volt: 14.90 AFR: 16.20 RPM: 950 VSS: 0 FuelP: 2.60 OilP: 3.30
Data Verified. Payload Length: 123
MAP: 33 IAT: 35.00 CLT: 78 Volt: 14.90 AFR: 16.20 RPM: 951 VSS: 0 FuelP: 2.60 OilP: 3.30
Data Verified. Payload Length: 123
MAP: 33 IAT: 35.00 CLT: 78 Volt: 15.00 AFR: 16.20 RPM: 952 VSS: 0 FuelP: 2.60 OilP: 3.30
Data Verified. Payload Length: 123
MAP: 33 IAT: 35.00 CLT: 78 Volt: 15.00 AFR: 16.20 RPM: 946 VSS: 0 FuelP: 2.60 OilP: 3.30
Data Verified. Payload Length: 123
MAP: 33 IAT: 35.00 CLT: 78 Volt: 15.00 AFR: 16.20 RPM: 945 VSS: 0 FuelP: 2.60 OilP: 3.30
Data Verified. Payload Length: 123
MAP: 33 IAT: 35.00 CLT: 78 Volt: 15.00 AFR: 16.20 RPM: 945 VSS: 0 FuelP: 2.60 OilP: 3.30
Data Verified. Payload Length: 123
MAP: 33 IAT: 35.00 CLT: 78 Volt: 15.00 AFR: 16.20 RPM: 937 VSS: 0 FuelP: 2.60 OilP: 3.30
Data Verified. Payload Length: 123
MAP: 33 IAT: 35.00 CLT: 78 Volt: 15.00 AFR: 16.20 RPM: 931 VSS: 0 FuelP: 2.60 OilP: 3.30
Data Verified. Payload Length: 123
MAP: 33 IAT: 35.00 CLT: 78 Volt: 15.00 AFR: 16.20 RPM: 925 VSS: 0 FuelP: 2.60 OilP: 3.30
Data Verified. Payload Length: 123
MAP: 33 IAT: 35.00 CLT: 78 Volt: 15.00 AFR: 16.20 RPM: 923 VSS: 0 FuelP: 2.60 OilP: 3.30
Data Verified. Payload Length: 123
MAP: 33 IAT: 35.00 CLT: 78 Volt: 15.00 AFR: 16.20 RPM: 917 VSS: 0 FuelP: 2.60 OilP: 3.30
Data Verified. Payload Length: 123
MAP: 33 IAT: 35.00 CLT: 78 Volt: 15.00 AFR: 16.20 RPM: 917 VSS: 0 FuelP: 2.60 OilP: 3.30
Data Verified. Payload Length: 123
MAP: 33 IAT: 35.00 CLT: 78 Volt: 15.00 AFR: 16.20 RPM: 914 VSS: 0 FuelP: 2.60 OilP: 3.30
Data Verified. Payload Length: 123
MAP: 33 IAT: 35.00 CLT: 78 Volt: 15.00 AFR: 16.20 RPM: 911 VSS: 0 FuelP: 2.60 OilP: 3.30
Data Verified. Payload Length: 123
MAP: 34 IAT: 35.00 CLT: 78 Volt: 15.00 AFR: 16.20 RPM: 909 VSS: 0 FuelP: 2.60 OilP: 3.30
Data Verified. Payload Length: 123
MAP: 34 IAT: 35.00 CLT: 78 Volt: 15.00 AFR: 16.10 RPM: 899 VSS: 0 FuelP: 2.60 OilP: 3.30
Data Verified. Payload Length: 123
MAP: 34 IAT: 35.00 CLT: 78 Volt: 14.90 AFR: 16.10 RPM: 899 VSS: 0 FuelP: 2.60 OilP: 3.20
Data Verified. Payload Length: 123
MAP: 34 IAT: 35.00 CLT: 78 Volt: 14.90 AFR: 16.10 RPM: 888 VSS: 0 FuelP: 2.60 OilP: 3.20
Data Verified. Payload Length: 123
MAP: 34 IAT: 35.00 CLT: 78 Volt: 14.90 AFR: 16.10 RPM: 886 VSS: 0 FuelP: 2.60 OilP: 3.20
Data Verified. Payload Length: 123
MAP: 34 IAT: 35.00 CLT: 78 Volt: 14.90 AFR: 16.10 RPM: 887 VSS: 0 FuelP: 2.60 OilP: 3.20
Data Verified. Payload Length: 123
MAP: 34 IAT: 35.00 CLT: 78 Volt: 14.90 AFR: 16.10 RPM: 882 VSS: 0 FuelP: 2.60 OilP: 3.20
Data Verified. Payload Length: 123
MAP: 34 IAT: 35.00 CLT: 78 Volt: 14.90 AFR: 16.10 RPM: 882 VSS: 0 FuelP: 2.60 OilP: 3.20
Data Verified. Payload Length: 123
MAP: 33 IAT: 35.00 CLT: 78 Volt: 14.90 AFR: 16.10 RPM: 881 VSS: 0 FuelP: 2.60 OilP: 3.20
Data Verified. Payload Length: 123
MAP: 33 IAT: 35.00 CLT: 78 Volt: 14.90 AFR: 16.10 RPM: 883 VSS: 0 FuelP: 2.60 OilP: 3.20
Data Verified. Payload Length: 123
MAP: 33 IAT: 35.00 CLT: 78 Volt: 14.90 AFR: 16.20 RPM: 884 VSS: 0 FuelP: 2.60 OilP: 3.20
Data Verified. Payload Length: 123
MAP: 33 IAT: 35.00 CLT: 78 Volt: 14.90 AFR: 16.20 RPM: 884 VSS: 0 FuelP: 2.60 OilP: 3.20
Data Verified. Payload Length: 123
MAP: 33 IAT: 35.00 CLT: 78 Volt: 14.90 AFR: 16.20 RPM: 877 VSS: 0 FuelP: 2.60 OilP: 3.20
Data Verified. Payload Length: 123
MAP: 32 IAT: 35.00 CLT: 78 Volt: 14.90 AFR: 16.20 RPM: 874 VSS: 0 FuelP: 2.60 OilP: 3.20
Data Verified. Payload Length: 123
MAP: 32 IAT: 35.00 CLT: 78 Volt: 14.90 AFR: 16.30 RPM: 870 VSS: 0 FuelP: 2.60 OilP: 3.20
Data Verified. Payload Length: 123
MAP: 32 IAT: 35.00 CLT: 78 Volt: 14.90 AFR: 16.40 RPM: 870 VSS: 0 FuelP: 2.60 OilP: 3.20
Data Verified. Payload Length: 123
MAP: 31 IAT: 35.00 CLT: 78 Volt: 15.00 AFR: 16.50 RPM: 862 VSS: 0 FuelP: 2.60 OilP: 3.10
Data Verified. Payload Length: 123
MAP: 31 IAT: 35.00 CLT: 78 Volt: 15.00 AFR: 16.50 RPM: 852 VSS: 0 FuelP: 2.60 OilP: 3.10
Data Verified. Payload Length: 123
MAP: 32 IAT: 35.00 CLT: 78 Volt: 15.00 AFR: 16.50 RPM: 846 VSS: 0 FuelP: 2.60 OilP: 3.10
Data Verified. Payload Length: 123
MAP: 32 IAT: 35.00 CLT: 78 Volt: 15.00 AFR: 16.50 RPM: 836 VSS: 0 FuelP: 2.60 OilP: 3.10
Data Verified. Payload Length: 123
MAP: 32 IAT: 35.00 CLT: 78 Volt: 15.00 AFR: 16.50 RPM: 836 VSS: 0 FuelP: 2.60 OilP: 3.10
Data Verified. Payload Length: 123
MAP: 31 IAT: 35.00 CLT: 78 Volt: 15.00 AFR: 16.50 RPM: 824 VSS: 0 FuelP: 2.60 OilP: 3.00
Data Verified. Payload Length: 123
MAP: 31 IAT: 35.00 CLT: 78 Volt: 15.00 AFR: 16.50 RPM: 809 VSS: 0 FuelP: 2.60 OilP: 3.00
Data Verified. Payload Length: 123
MAP: 31 IAT: 35.00 CLT: 78 Volt: 15.00 AFR: 16.50 RPM: 809 VSS: 0 FuelP: 2.60 OilP: 3.00
Data Verified. Payload Length: 123
MAP: 32 IAT: 35.00 CLT: 78 Volt: 15.00 AFR: 16.50 RPM: 795 VSS: 0 FuelP: 2.60 OilP: 3.00
Data Verified. Payload Length: 123
MAP: 32 IAT: 35.00 CLT: 78 Volt: 15.00 AFR: 16.50 RPM: 774 VSS: 0 FuelP: 2.60 OilP: 3.00
Data Verified. Payload Length: 123
MAP: 32 IAT: 35.00 CLT: 78 Volt: 14.90 AFR: 16.50 RPM: 763 VSS: 0 FuelP: 2.60 OilP: 2.90
Data Verified. Payload Length: 123
MAP: 32 IAT: 35.00 CLT: 78 Volt: 14.90 AFR: 16.50 RPM: 763 VSS: 0 FuelP: 2.60 OilP: 2.90
Data Verified. Payload Length: 123
MAP: 32 IAT: 35.00 CLT: 78 Volt: 14.90 AFR: 16.50 RPM: 750 VSS: 0 FuelP: 2.60 OilP: 2.90
Data Verified. Payload Length: 123
MAP: 32 IAT: 35.00 CLT: 78 Volt: 14.90 AFR: 16.50 RPM: 750 VSS: 0 FuelP: 2.60 OilP: 2.90
Data Verified. Payload Length: 123
MAP: 33 IAT: 35.00 CLT: 78 Volt: 14.90 AFR: 16.30 RPM: 733 VSS: 0 FuelP: 2.60 OilP: 2.90
Data Verified. Payload Length: 123
MAP: 33 IAT: 35.00 CLT: 78 Volt: 15.00 AFR: 16.20 RPM: 715 VSS: 0 FuelP: 2.60 OilP: 2.80
Data Verified. Payload Length: 123
MAP: 33 IAT: 35.00 CLT: 78 Volt: 15.00 AFR: 16.10 RPM: 715 VSS: 0 FuelP: 2.60 OilP: 2.80
Data Verified. Payload Length: 123
MAP: 34 IAT: 35.00 CLT: 78 Volt: 15.00 AFR: 15.90 RPM: 705 VSS: 0 FuelP: 2.60 OilP: 2.80
Data Verified. Payload Length: 123
MAP: 34 IAT: 35.00 CLT: 78 Volt: 15.00 AFR: 15.90 RPM: 690 VSS: 0 FuelP: 2.60 OilP: 2.80
Data Verified. Payload Length: 123
MAP: 34 IAT: 35.00 CLT: 78 Volt: 15.00 AFR: 15.90 RPM: 690 VSS: 0 FuelP: 2.60 OilP: 2.60
Data Verified. Payload Length: 123
MAP: 35 IAT: 35.00 CLT: 78 Volt: 15.00 AFR: 15.60 RPM: 685 VSS: 0 FuelP: 2.60 OilP: 2.60
Data Verified. Payload Length: 123
MAP: 35 IAT: 35.00 CLT: 78 Volt: 15.00 AFR: 15.50 RPM: 680 VSS: 0 FuelP: 2.60 OilP: 2.60
Data Verified. Payload Length: 123
MAP: 35 IAT: 35.00 CLT: 78 Volt: 15.00 AFR: 15.50 RPM: 680 VSS: 0 FuelP: 2.60 OilP: 2.60
Data Verified. Payload Length: 123
MAP: 36 IAT: 35.00 CLT: 78 Volt: 15.00 AFR: 15.40 RPM: 675 VSS: 0 FuelP: 2.60 OilP: 2.60
Data Verified. Payload Length: 123
MAP: 36 IAT: 35.00 CLT: 78 Volt: 14.90 AFR: 15.50 RPM: 675 VSS: 0 FuelP: 2.60 OilP: 2.50
Data Verified. Payload Length: 123
MAP: 36 IAT: 35.00 CLT: 78 Volt: 14.90 AFR: 15.40 RPM: 675 VSS: 0 FuelP: 2.60 OilP: 2.50
Data Verified. Payload Length: 123
MAP: 37 IAT: 35.00 CLT: 78 Volt: 14.90 AFR: 15.40 RPM: 679 VSS: 0 FuelP: 2.60 OilP: 2.50
Data Verified. Payload Length: 123
MAP: 37 IAT: 35.00 CLT: 78 Volt: 14.90 AFR: 15.40 RPM: 679 VSS: 0 FuelP: 2.60 OilP: 2.50
Data Verified. Payload Length: 123
MAP: 37 IAT: 35.00 CLT: 78 Volt: 14.90 AFR: 15.40 RPM: 682 VSS: 0 FuelP: 2.60 OilP: 2.40
Data Verified. Payload Length: 123
MAP: 37 IAT: 35.00 CLT: 78 Volt: 14.90 AFR: 15.40 RPM: 682 VSS: 0 FuelP: 2.60 OilP: 2.40
Data Verified. Payload Length: 123
MAP: 37 IAT: 35.00 CLT: 78 Volt: 14.90 AFR: 15.40 RPM: 688 VSS: 0 FuelP: 2.60 OilP: 2.40
Data Verified. Payload Length: 123
MAP: 37 IAT: 35.00 CLT: 78 Volt: 14.90 AFR: 15.40 RPM: 694 VSS: 0 FuelP: 2.60 OilP: 2.40
Data Verified. Payload Length: 123
MAP: 37 IAT: 35.00 CLT: 78 Volt: 14.90 AFR: 15.40 RPM: 694 VSS: 0 FuelP: 2.60 OilP: 2.40
Data Verified. Payload Length: 123
MAP: 37 IAT: 35.00 CLT: 78 Volt: 14.90 AFR: 15.40 RPM: 705 VSS: 0 FuelP: 2.60 OilP: 2.40
Data Verified. Payload Length: 123
MAP: 37 IAT: 35.00 CLT: 78 Volt: 14.90 AFR: 15.40 RPM: 711 VSS: 0 FuelP: 2.60 OilP: 2.40
Data Verified. Payload Length: 123
MAP: 37 IAT: 35.00 CLT: 78 Volt: 14.90 AFR: 15.40 RPM: 711 VSS: 0 FuelP: 2.60 OilP: 2.40
Data Verified. Payload Length: 123
MAP: 37 IAT: 35.00 CLT: 78 Volt: 14.90 AFR: 15.40 RPM: 719 VSS: 0 FuelP: 2.60 OilP: 2.40
Data Verified. Payload Length: 123
MAP: 37 IAT: 35.00 CLT: 78 Volt: 14.90 AFR: 15.40 RPM: 728 VSS: 0 FuelP: 2.60 OilP: 2.40
Data Verified. Payload Length: 123
MAP: 37 IAT: 35.00 CLT: 78 Volt: 14.90 AFR: 15.40 RPM: 728 VSS: 0 FuelP: 2.60 OilP: 2.40
Data Verified. Payload Length: 123
MAP: 38 IAT: 35.00 CLT: 78 Volt: 14.90 AFR: 15.40 RPM: 734 VSS: 0 FuelP: 2.60 OilP: 2.40
Data Verified. Payload Length: 123
MAP: 38 IAT: 35.00 CLT: 78 Volt: 14.90 AFR: 15.40 RPM: 743 VSS: 0 FuelP: 2.60 OilP: 2.40
Data Verified. Payload Length: 123
MAP: 38 IAT: 35.00 CLT: 78 Volt: 14.90 AFR: 15.40 RPM: 743 VSS: 0 FuelP: 2.60 OilP: 2.40
Data Verified. Payload Length: 123
MAP: 39 IAT: 35.00 CLT: 78 Volt: 14.90 AFR: 15.30 RPM: 749 VSS: 0 FuelP: 2.60 OilP: 2.40
Data Verified. Payload Length: 123
MAP: 39 IAT: 35.00 CLT: 78 Volt: 14.90 AFR: 15.40 RPM: 756 VSS: 0 FuelP: 2.60 OilP: 2.40
Data Verified. Payload Length: 123
MAP: 40 IAT: 35.00 CLT: 78 Volt: 14.90 AFR: 15.40 RPM: 772 VSS: 0 FuelP: 2.60 OilP: 2.40
Data Verified. Payload Length: 123
MAP: 40 IAT: 35.00 CLT: 78 Volt: 14.90 AFR: 15.40 RPM: 772 VSS: 0 FuelP: 2.60 OilP: 2.40
Data Verified. Payload Length: 123
MAP: 40 IAT: 35.00 CLT: 78 Volt: 14.90 AFR: 15.40 RPM: 787 VSS: 0 FuelP: 2.60 OilP: 2.40
Data Verified. Payload Length: 123
MAP: 39 IAT: 35.00 CLT: 78 Volt: 14.90 AFR: 15.30 RPM: 806 VSS: 0 FuelP: 2.60 OilP: 2.60
Data Verified. Payload Length: 123
MAP: 39 IAT: 35.00 CLT: 78 Volt: 14.90 AFR: 15.30 RPM: 823 VSS: 0 FuelP: 2.60 OilP: 2.60
Data Verified. Payload Length: 123
MAP: 39 IAT: 35.00 CLT: 78 Volt: 14.90 AFR: 15.30 RPM: 823 VSS: 0 FuelP: 2.60 OilP: 2.60
Data Verified. Payload Length: 123
MAP: 38 IAT: 35.00 CLT: 78 Volt: 14.90 AFR: 15.30 RPM: 840 VSS: 0 FuelP: 2.60 OilP: 2.60
Data Verified. Payload Length: 123
MAP: 38 IAT: 35.00 CLT: 78 Volt: 14.90 AFR: 15.30 RPM: 856 VSS: 0 FuelP: 2.60 OilP: 2.60
Data Verified. Payload Length: 123
MAP: 37 IAT: 35.00 CLT: 78 Volt: 14.90 AFR: 15.30 RPM: 868 VSS: 0 FuelP: 2.60 OilP: 2.80
Data Verified. Payload Length: 123
MAP: 37 IAT: 35.00 CLT: 78 Volt: 14.90 AFR: 15.30 RPM: 868 VSS: 0 FuelP: 2.60 OilP: 2.80
Data Verified. Payload Length: 123
MAP: 37 IAT: 35.00 CLT: 78 Volt: 14.90 AFR: 15.40 RPM: 879 VSS: 0 FuelP: 2.60 OilP: 2.80
Data Verified. Payload Length: 123
MAP: 37 IAT: 35.00 CLT: 78 Volt: 14.90 AFR: 15.40 RPM: 894 VSS: 0 FuelP: 2.60 OilP: 2.80
Data Verified. Payload Length: 123
MAP: 37 IAT: 35.00 CLT: 78 Volt: 15.00 AFR: 15.60 RPM: 905 VSS: 0 FuelP: 2.60 OilP: 2.90
Data Verified. Payload Length: 123
MAP: 36 IAT: 35.00 CLT: 78 Volt: 15.00 AFR: 15.60 RPM: 915 VSS: 0 FuelP: 2.60 OilP: 2.90
Data Verified. Payload Length: 123
MAP: 36 IAT: 35.00 CLT: 78 Volt: 15.00 AFR: 15.60 RPM: 922 VSS: 0 FuelP: 2.60 OilP: 2.90
Data Verified. Payload Length: 123
MAP: 36 IAT: 35.00 CLT: 78 Volt: 15.00 AFR: 15.60 RPM: 922 VSS: 0 FuelP: 2.60 OilP: 2.90
Data Verified. Payload Length: 123
MAP: 35 IAT: 35.00 CLT: 78 Volt: 15.00 AFR: 15.60 RPM: 932 VSS: 0 FuelP: 2.60 OilP: 2.90
Data Verified. Payload Length: 123
MAP: 35 IAT: 35.00 CLT: 78 Volt: 15.00 AFR: 15.50 RPM: 941 VSS: 0 FuelP: 2.60 OilP: 3.10
Data Verified. Payload Length: 123
MAP: 35 IAT: 35.00 CLT: 78 Volt: 15.00 AFR: 15.50 RPM: 950 VSS: 0 FuelP: 2.60 OilP: 3.10
Data Verified. Payload Length: 123
MAP: 35 IAT: 35.00 CLT: 78 Volt: 15.00 AFR: 15.50 RPM: 950 VSS: 0 FuelP: 2.60 OilP: 3.10
Data Verified. Payload Length: 123
MAP: 35 IAT: 35.00 CLT: 78 Volt: 15.00 AFR: 15.50 RPM: 950 VSS: 0 FuelP: 2.60 OilP: 3.10
Data Verified. Payload Length: 123
MAP: 34 IAT: 35.00 CLT: 78 Volt: 15.00 AFR: 15.50 RPM: 958 VSS: 0 FuelP: 2.60 OilP: 3.10
Data Verified. Payload Length: 123
MAP: 34 IAT: 35.00 CLT: 78 Volt: 15.00 AFR: 15.50 RPM: 964 VSS: 0 FuelP: 2.60 OilP: 3.20
Data Verified. Payload Length: 123
MAP: 34 IAT: 35.00 CLT: 78 Volt: 15.00 AFR: 15.50 RPM: 971 VSS: 0 FuelP: 2.60 OilP: 3.20
Data Verified. Payload Length: 123
MAP: 34 IAT: 35.00 CLT: 78 Volt: 15.00 AFR: 15.50 RPM: 974 VSS: 0 FuelP: 2.60 OilP: 3.20
Data Verified. Payload Length: 123
MAP: 33 IAT: 35.00 CLT: 78 Volt: 15.00 AFR: 15.50 RPM: 977 VSS: 0 FuelP: 2.60 OilP: 3.20
Data Verified. Payload Length: 123
MAP: 33 IAT: 35.00 CLT: 78 Volt: 15.00 AFR: 15.50 RPM: 982 VSS: 0 FuelP: 2.60 OilP: 3.20
Data Verified. Payload Length: 123
MAP: 33 IAT: 35.00 CLT: 78 Volt: 15.00 AFR: 15.50 RPM: 983 VSS: 0 FuelP: 2.60 OilP: 3.30
Data Verified. Payload Length: 123
MAP: 33 IAT: 35.00 CLT: 78 Volt: 15.00 AFR: 15.50 RPM: 983 VSS: 0 FuelP: 2.60 OilP: 3.30
Data Verified. Payload Length: 123
MAP: 33 IAT: 35.00 CLT: 78 Volt: 15.00 AFR: 15.50 RPM: 982 VSS: 0 FuelP: 2.60 OilP: 3.30
Data Verified. Payload Length: 123
MAP: 33 IAT: 35.00 CLT: 78 Volt: 15.00 AFR: 15.50 RPM: 983 VSS: 0 FuelP: 2.60 OilP: 3.30
Data Verified. Payload Length: 123
MAP: 33 IAT: 35.00 CLT: 78 Volt: 15.00 AFR: 15.50 RPM: 982 VSS: 0 FuelP: 2.60 OilP: 3.40
Data Verified. Payload Length: 123
MAP: 33 IAT: 35.00 CLT: 78 Volt: 15.00 AFR: 15.50 RPM: 982 VSS: 0 FuelP: 2.60 OilP: 3.40
Data Verified. Payload Length: 123
MAP: 33 IAT: 35.00 CLT: 78 Volt: 15.00 AFR: 15.50 RPM: 981 VSS: 0 FuelP: 2.60 OilP: 3.40
Data Verified. Payload Length: 123
MAP: 33 IAT: 35.00 CLT: 78 Volt: 15.00 AFR: 15.50 RPM: 981 VSS: 0 FuelP: 2.60 OilP: 3.40
Data Verified. Payload Length: 123
MAP: 33 IAT: 35.00 CLT: 78 Volt: 15.00 AFR: 15.50 RPM: 977 VSS: 0 FuelP: 2.60 OilP: 3.40
Data Verified. Payload Length: 123
MAP: 33 IAT: 35.00 CLT: 78 Volt: 15.00 AFR: 15.50 RPM: 978 VSS: 0 FuelP: 2.60 OilP: 3.40
Data Verified. Payload Length: 123
MAP: 33 IAT: 35.00 CLT: 78 Volt: 15.00 AFR: 15.50 RPM: 977 VSS: 0 FuelP: 2.60 OilP: 3.40
Data Verified. Payload Length: 123
MAP: 33 IAT: 35.00 CLT: 78 Volt: 15.00 AFR: 15.50 RPM: 977 VSS: 0 FuelP: 2.60 OilP: 3.40
Data Verified. Payload Length: 123
MAP: 32 IAT: 35.00 CLT: 78 Volt: 15.00 AFR: 15.50 RPM: 974 VSS: 0 FuelP: 2.60 OilP: 3.40
Data Verified. Payload Length: 123
MAP: 32 IAT: 35.00 CLT: 78 Volt: 15.00 AFR: 15.50 RPM: 968 VSS: 0 FuelP: 2.60 OilP: 3.40
Data Verified. Payload Length: 123
MAP: 32 IAT: 35.00 CLT: 78 Volt: 14.90 AFR: 15.50 RPM: 961 VSS: 0 FuelP: 2.60 OilP: 3.50
Data Verified. Payload Length: 123
MAP: 32 IAT: 35.00 CLT: 78 Volt: 14.90 AFR: 15.50 RPM: 951 VSS: 0 FuelP: 2.60 OilP: 3.50
Data Verified. Payload Length: 123
MAP: 33 IAT: 35.00 CLT: 78 Volt: 14.90 AFR: 15.60 RPM: 947 VSS: 0 FuelP: 2.60 OilP: 3.50
Data Verified. Payload Length: 123
MAP: 33 IAT: 35.00 CLT: 78 Volt: 14.90 AFR: 15.60 RPM: 947 VSS: 0 FuelP: 2.60 OilP: 3.50
Data Verified. Payload Length: 123
MAP: 33 IAT: 35.00 CLT: 78 Volt: 14.90 AFR: 15.60 RPM: 932 VSS: 0 FuelP: 2.60 OilP: 3.50
Data Verified. Payload Length: 123
MAP: 33 IAT: 35.00 CLT: 78 Volt: 15.00 AFR: 15.60 RPM: 929 VSS: 0 FuelP: 2.60 OilP: 3.40
Data Verified. Payload Length: 123
MAP: 33 IAT: 35.00 CLT: 78 Volt: 15.00 AFR: 15.60 RPM: 928 VSS: 0 FuelP: 2.60 OilP: 3.40
Data Verified. Payload Length: 123
MAP: 33 IAT: 35.00 CLT: 78 Volt: 15.00 AFR: 15.60 RPM: 922 VSS: 0 FuelP: 2.60 OilP: 3.40
Data Verified. Payload Length: 123
MAP: 33 IAT: 35.00 CLT: 78 Volt: 15.00 AFR: 15.60 RPM: 920 VSS: 0 FuelP: 2.60 OilP: 3.40
Data Verified. Payload Length: 123
MAP: 33 IAT: 35.00 CLT: 78 Volt: 15.00 AFR: 15.60 RPM: 920 VSS: 0 FuelP: 2.60 OilP: 3.30
Data Verified. Payload Length: 123
MAP: 32 IAT: 35.00 CLT: 78 Volt: 15.00 AFR: 15.60 RPM: 915 VSS: 0 FuelP: 2.60 OilP: 3.30
Data Verified. Payload Length: 123
MAP: 32 IAT: 35.00 CLT: 78 Volt: 15.00 AFR: 15.60 RPM: 909 VSS: 0 FuelP: 2.60 OilP: 3.30
Data Verified. Payload Length: 123
MAP: 32 IAT: 35.00 CLT: 78 Volt: 15.00 AFR: 15.60 RPM: 906 VSS: 0 FuelP: 2.60 OilP: 3.30
Data Verified. Payload Length: 123
MAP: 32 IAT: 35.00 CLT: 78 Volt: 15.00 AFR: 15.70 RPM: 897 VSS: 0 FuelP: 2.60 OilP: 3.30
Data Verified. Payload Length: 123
MAP: 32 IAT: 35.00 CLT: 78 Volt: 14.90 AFR: 15.80 RPM: 897 VSS: 0 FuelP: 2.60 OilP: 3.30
Data Verified. Payload Length: 123
MAP: 31 IAT: 35.00 CLT: 78 Volt: 14.90 AFR: 16.30 RPM: 888 VSS: 0 FuelP: 2.60 OilP: 3.30
Data Verified. Payload Length: 123
MAP: 31 IAT: 35.00 CLT: 78 Volt: 14.90 AFR: 16.30 RPM: 880 VSS: 0 FuelP: 2.60 OilP: 3.30
Data Verified. Payload Length: 123
MAP: 30 IAT: 35.00 CLT: 78 Volt: 14.90 AFR: 16.30 RPM: 872 VSS: 0 FuelP: 2.60 OilP: 3.30
Data Verified. Payload Length: 123
MAP: 30 IAT: 35.00 CLT: 78 Volt: 14.90 AFR: 16.30 RPM: 860 VSS: 0 FuelP: 2.60 OilP: 3.30
Data Verified. Payload Length: 123
MAP: 30 IAT: 35.00 CLT: 78 Volt: 14.90 AFR: 16.30 RPM: 860 VSS: 0 FuelP: 2.60 OilP: 3.20
Data Verified. Payload Length: 123
MAP: 30 IAT: 35.00 CLT: 78 Volt: 14.90 AFR: 16.30 RPM: 846 VSS: 0 FuelP: 2.60 OilP: 3.20
Data Verified. Payload Length: 123
MAP: 30 IAT: 35.00 CLT: 78 Volt: 14.90 AFR: 16.30 RPM: 830 VSS: 0 FuelP: 2.60 OilP: 3.20
Data Verified. Payload Length: 123
MAP: 30 IAT: 35.00 CLT: 78 Volt: 14.90 AFR: 16.30 RPM: 809 VSS: 0 FuelP: 2.60 OilP: 3.20
Data Verified. Payload Length: 123
MAP: 30 IAT: 35.00 CLT: 78 Volt: 14.90 AFR: 16.30 RPM: 809 VSS: 0 FuelP: 2.60 OilP: 3.00
Data Verified. Payload Length: 123
MAP: 30 IAT: 35.00 CLT: 78 Volt: 14.90 AFR: 16.30 RPM: 789 VSS: 0 FuelP: 2.60 OilP: 3.00
Data Verified. Payload Length: 123
MAP: 31 IAT: 35.00 CLT: 78 Volt: 14.90 AFR: 16.30 RPM: 764 VSS: 0 FuelP: 2.60 OilP: 3.00
Data Verified. Payload Length: 123
MAP: 31 IAT: 35.00 CLT: 78 Volt: 14.90 AFR: 16.20 RPM: 764 VSS: 0 FuelP: 2.60 OilP: 3.00
Data Verified. Payload Length: 123
MAP: 31 IAT: 35.00 CLT: 78 Volt: 14.90 AFR: 16.10 RPM: 728 VSS: 0 FuelP: 2.60 OilP: 3.00
Data Verified. Payload Length: 123
MAP: 31 IAT: 35.00 CLT: 78 Volt: 14.90 AFR: 16.10 RPM: 728 VSS: 0 FuelP: 2.60 OilP: 2.80
Data Verified. Payload Length: 123
MAP: 32 IAT: 35.00 CLT: 78 Volt: 14.90 AFR: 16.10 RPM: 709 VSS: 0 FuelP: 2.60 OilP: 2.80
Data Verified. Payload Length: 123
MAP: 32 IAT: 35.00 CLT: 78 Volt: 14.90 AFR: 16.10 RPM: 693 VSS: 0 FuelP: 2.60 OilP: 2.80
Data Verified. Payload Length: 123
MAP: 32 IAT: 35.00 CLT: 78 Volt: 14.90 AFR: 16.10 RPM: 693 VSS: 0 FuelP: 2.60 OilP: 2.80
Data Verified. Payload Length: 123
MAP: 34 IAT: 35.00 CLT: 78 Volt: 14.90 AFR: 16.10 RPM: 677 VSS: 0 FuelP: 2.60 OilP: 2.80
Data Verified. Payload Length: 123
MAP: 34 IAT: 35.00 CLT: 78 Volt: 14.90 AFR: 15.90 RPM: 665 VSS: 0 FuelP: 2.60 OilP: 2.60
Data Verified. Payload Length: 123
MAP: 34 IAT: 35.00 CLT: 78 Volt: 14.90 AFR: 15.70 RPM: 665 VSS: 0 FuelP: 2.60 OilP: 2.60
Data Verified. Payload Length: 123
MAP: 36 IAT: 35.00 CLT: 78 Volt: 14.90 AFR: 15.60 RPM: 657 VSS: 0 FuelP: 2.60 OilP: 2.60
Data Verified. Payload Length: 123
MAP: 36 IAT: 35.00 CLT: 78 Volt: 14.90 AFR: 15.60 RPM: 652 VSS: 0 FuelP: 2.60 OilP: 2.60
Data Verified. Payload Length: 123
MAP: 36 IAT: 35.00 CLT: 78 Volt: 14.90 AFR: 15.60 RPM: 652 VSS: 0 FuelP: 2.60 OilP: 2.40
Data Verified. Payload Length: 123
MAP: 37 IAT: 35.00 CLT: 78 Volt: 14.90 AFR: 15.60 RPM: 651 VSS: 0 FuelP: 2.60 OilP: 2.40
Data Verified. Payload Length: 123
MAP: 37 IAT: 35.00 CLT: 78 Volt: 14.90 AFR: 15.50 RPM: 651 VSS: 0 FuelP: 2.60 OilP: 2.40
Data Verified. Payload Length: 123
MAP: 37 IAT: 35.00 CLT: 78 Volt: 14.90 AFR: 15.40 RPM: 651 VSS: 0 FuelP: 2.60 OilP: 2.40
Data Verified. Payload Length: 123
MAP: 37 IAT: 35.00 CLT: 78 Volt: 14.90 AFR: 15.40 RPM: 651 VSS: 0 FuelP: 2.60 OilP: 2.40
Data Verified. Payload Length: 123
MAP: 38 IAT: 35.00 CLT: 78 Volt: 14.90 AFR: 15.40 RPM: 659 VSS: 0 FuelP: 2.60 OilP: 2.30
Data Verified. Payload Length: 123
MAP: 38 IAT: 35.00 CLT: 78 Volt: 14.90 AFR: 15.40 RPM: 666 VSS: 0 FuelP: 2.60 OilP: 2.30
Data Verified. Payload Length: 123
MAP: 38 IAT: 35.00 CLT: 78 Volt: 14.90 AFR: 15.40 RPM: 666 VSS: 0 FuelP: 2.60 OilP: 2.30
Data Verified. Payload Length: 123
MAP: 38 IAT: 35.00 CLT: 78 Volt: 14.90 AFR: 15.40 RPM: 679 VSS: 0 FuelP: 2.60 OilP: 2.30
Data Verified. Payload Length: 123
MAP: 38 IAT: 35.00 CLT: 78 Volt: 14.90 AFR: 15.40 RPM: 690 VSS: 0 FuelP: 2.60 OilP: 2.30
Data Verified. Payload Length: 123
MAP: 38 IAT: 35.00 CLT: 78 Volt: 14.90 AFR: 15.40 RPM: 690 VSS: 0 FuelP: 2.60 OilP: 2.30
Data Verified. Payload Length: 123
MAP: 38 IAT: 35.00 CLT: 78 Volt: 14.90 AFR: 15.40 RPM: 706 VSS: 0 FuelP: 2.60 OilP: 2.30
Data Verified. Payload Length: 123
MAP: 38 IAT: 35.00 CLT: 78 Volt: 14.90 AFR: 15.40 RPM: 718 VSS: 0 FuelP: 2.60 OilP: 2.30
Data Verified. Payload Length: 123
MAP: 38 IAT: 35.00 CLT: 78 Volt: 14.90 AFR: 15.40 RPM: 718 VSS: 0 FuelP: 2.60 OilP: 2.30
Data Verified. Payload Length: 123
MAP: 37 IAT: 35.00 CLT: 78 Volt: 15.00 AFR: 15.40 RPM: 731 VSS: 0 FuelP: 2.60 OilP: 2.30
Data Verified. Payload Length: 123
MAP: 37 IAT: 35.00 CLT: 78 Volt: 15.00 AFR: 15.40 RPM: 749 VSS: 0 FuelP: 2.60 OilP: 2.30
Data Verified. Payload Length: 123
MAP: 37 IAT: 35.00 CLT: 78 Volt: 15.00 AFR: 15.50 RPM: 749 VSS: 0 FuelP: 2.60 OilP: 2.30
Data Verified. Payload Length: 123
MAP: 36 IAT: 35.00 CLT: 78 Volt: 15.00 AFR: 15.50 RPM: 760 VSS: 0 FuelP: 2.60 OilP: 2.30
Data Verified. Payload Length: 123
MAP: 36 IAT: 35.00 CLT: 78 Volt: 15.00 AFR: 15.50 RPM: 766 VSS: 0 FuelP: 2.60 OilP: 2.30
Data Verified. Payload Length: 123
MAP: 36 IAT: 35.00 CLT: 78 Volt: 15.00 AFR: 15.50 RPM: 766 VSS: 0 FuelP: 2.60 OilP: 2.40
Data Verified. Payload Length: 123
MAP: 35 IAT: 35.00 CLT: 78 Volt: 15.00 AFR: 15.50 RPM: 772 VSS: 0 FuelP: 2.60 OilP: 2.40
Data Verified. Payload Length: 123
MAP: 35 IAT: 35.00 CLT: 78 Volt: 15.00 AFR: 15.50 RPM: 774 VSS: 0 FuelP: 2.60 OilP: 2.40
Data Verified. Payload Length: 123
MAP: 35 IAT: 35.00 CLT: 78 Volt: 15.00 AFR: 15.50 RPM: 774 VSS: 0 FuelP: 2.60 OilP: 2.40
Data Verified. Payload Length: 123
MAP: 35 IAT: 35.00 CLT: 78 Volt: 15.00 AFR: 15.50 RPM: 779 VSS: 0 FuelP: 2.60 OilP: 2.40
Data Verified. Payload Length: 123
MAP: 35 IAT: 35.00 CLT: 78 Volt: 15.00 AFR: 15.50 RPM: 776 VSS: 0 FuelP: 2.60 OilP: 2.50
Data Verified. Payload Length: 123
MAP: 35 IAT: 35.00 CLT: 78 Volt: 15.00 AFR: 15.50 RPM: 775 VSS: 0 FuelP: 2.60 OilP: 2.50
Data Verified. Payload Length: 123
MAP: 35 IAT: 35.00 CLT: 78 Volt: 15.00 AFR: 15.50 RPM: 775 VSS: 0 FuelP: 2.60 OilP: 2.50
Data Verified. Payload Length: 123
MAP: 35 IAT: 35.00 CLT: 78 Volt: 15.00 AFR: 15.50 RPM: 773 VSS: 0 FuelP: 2.60 OilP: 2.50
Data Verified. Payload Length: 123
MAP: 36 IAT: 35.00 CLT: 78 Volt: 14.90 AFR: 15.50 RPM: 773 VSS: 0 FuelP: 2.60 OilP: 2.60
Data Verified. Payload Length: 123
MAP: 36 IAT: 35.00 CLT: 78 Volt: 14.90 AFR: 15.50 RPM: 773 VSS: 0 FuelP: 2.60 OilP: 2.60
Data Verified. Payload Length: 123
MAP: 36 IAT: 35.00 CLT: 78 Volt: 14.90 AFR: 15.40 RPM: 770 VSS: 0 FuelP: 2.60 OilP: 2.60
Data Verified. Payload Length: 123
MAP: 38 IAT: 35.00 CLT: 78 Volt: 14.90 AFR: 15.40 RPM: 775 VSS: 0 FuelP: 2.60 OilP: 2.60
Data Verified. Payload Length: 123
MAP: 38 IAT: 35.00 CLT: 78 Volt: 14.90 AFR: 15.40 RPM: 775 VSS: 0 FuelP: 2.60 OilP: 2.60
Data Verified. Payload Length: 123
MAP: 38 IAT: 35.00 CLT: 78 Volt: 15.00 AFR: 15.40 RPM: 778 VSS: 0 FuelP: 2.60 OilP: 2.60
Data Verified. Payload Length: 123
MAP: 39 IAT: 35.00 CLT: 78 Volt: 15.00 AFR: 15.40 RPM: 782 VSS: 0 FuelP: 2.60 OilP: 2.60
Data Verified. Payload Length: 123
MAP: 39 IAT: 35.00 CLT: 78 Volt: 15.00 AFR: 15.40 RPM: 782 VSS: 0 FuelP: 2.60 OilP: 2.60
Data Verified. Payload Length: 123
MAP: 39 IAT: 35.00 CLT: 78 Volt: 15.00 AFR: 15.40 RPM: 794 VSS: 0 FuelP: 2.60 OilP: 2.60
Data Verified. Payload Length: 123
MAP: 38 IAT: 35.00 CLT: 78 Volt: 15.00 AFR: 15.40 RPM: 803 VSS: 0 FuelP: 2.60 OilP: 2.60
Data Verified. Payload Length: 123
MAP: 38 IAT: 35.00 CLT: 78 Volt: 15.00 AFR: 15.40 RPM: 816 VSS: 0 FuelP: 2.60 OilP: 2.60
Data Verified. Payload Length: 123
MAP: 38 IAT: 35.00 CLT: 78 Volt: 15.00 AFR: 15.40 RPM: 816 VSS: 0 FuelP: 2.60 OilP: 2.60
Data Verified. Payload Length: 123
MAP: 38 IAT: 35.00 CLT: 78 Volt: 15.00 AFR: 15.40 RPM: 831 VSS: 0 FuelP: 2.60 OilP: 2.60
Data Verified. Payload Length: 123
MAP: 38 IAT: 35.00 CLT: 78 Volt: 15.00 AFR: 15.40 RPM: 845 VSS: 0 FuelP: 2.60 OilP: 2.60
Data Verified. Payload Length: 123
MAP: 38 IAT: 35.00 CLT: 78 Volt: 15.00 AFR: 15.40 RPM: 856 VSS: 0 FuelP: 2.60 OilP: 2.70
Data Verified. Payload Length: 123
MAP: 38 IAT: 35.00 CLT: 78 Volt: 15.00 AFR: 15.40 RPM: 870 VSS: 0 FuelP: 2.60 OilP: 2.70
Data Verified. Payload Length: 123
MAP: 38 IAT: 35.00 CLT: 78 Volt: 15.00 AFR: 15.40 RPM: 870 VSS: 0 FuelP: 2.60 OilP: 2.70
Data Verified. Payload Length: 123
MAP: 37 IAT: 35.00 CLT: 78 Volt: 15.00 AFR: 15.50 RPM: 882 VSS: 0 FuelP: 2.60 OilP: 2.70
Data Verified. Payload Length: 123
MAP: 37 IAT: 35.00 CLT: 78 Volt: 15.00 AFR: 15.50 RPM: 896 VSS: 0 FuelP: 2.60 OilP: 2.70
Data Verified. Payload Length: 123
MAP: 36 IAT: 35.00 CLT: 78 Volt: 15.00 AFR: 15.50 RPM: 908 VSS: 0 FuelP: 2.60 OilP: 2.90
Data Verified. Payload Length: 123
MAP: 36 IAT: 35.00 CLT: 78 Volt: 15.00 AFR: 15.50 RPM: 917 VSS: 0 FuelP: 2.60 OilP: 2.90
Data Verified. Payload Length: 123
MAP: 35 IAT: 35.00 CLT: 78 Volt: 15.00 AFR: 15.50 RPM: 930 VSS: 0 FuelP: 2.60 OilP: 2.90
Data Verified. Payload Length: 123
MAP: 35 IAT: 35.00 CLT: 78 Volt: 15.00 AFR: 15.50 RPM: 930 VSS: 0 FuelP: 2.60 OilP: 2.90
Data Verified. Payload Length: 123
MAP: 35 IAT: 35.00 CLT: 78 Volt: 15.00 AFR: 15.50 RPM: 938 VSS: 0 FuelP: 2.60 OilP: 2.90
Data Verified. Payload Length: 123
MAP: 35 IAT: 35.00 CLT: 78 Volt: 15.00 AFR: 15.50 RPM: 948 VSS: 0 FuelP: 2.60 OilP: 3.10
Data Verified. Payload Length: 123
MAP: 35 IAT: 35.00 CLT: 78 Volt: 15.00 AFR: 15.50 RPM: 953 VSS: 0 FuelP: 2.60 OilP: 3.10
Data Verified. Payload Length: 123
MAP: 34 IAT: 35.00 CLT: 78 Volt: 15.00 AFR: 15.50 RPM: 961 VSS: 0 FuelP: 2.60 OilP: 3.10
Data Verified. Payload Length: 123
MAP: 34 IAT: 35.00 CLT: 78 Volt: 15.00 AFR: 15.50 RPM: 960 VSS: 0 FuelP: 2.60 OilP: 3.10
Data Verified. Payload Length: 123
MAP: 34 IAT: 35.00 CLT: 78 Volt: 15.00 AFR: 15.50 RPM: 963 VSS: 0 FuelP: 2.60 OilP: 3.20
Data Verified. Payload Length: 123
MAP: 34 IAT: 35.00 CLT: 78 Volt: 15.00 AFR: 15.50 RPM: 963 VSS: 0 FuelP: 2.60 OilP: 3.20
Data Verified. Payload Length: 123
MAP: 34 IAT: 35.00 CLT: 78 Volt: 15.00 AFR: 15.50 RPM: 966 VSS: 0 FuelP: 2.60 OilP: 3.20
Data Verified. Payload Length: 123
MAP: 34 IAT: 35.00 CLT: 78 Volt: 15.00 AFR: 15.60 RPM: 970 VSS: 0 FuelP: 2.60 OilP: 3.20
Data Verified. Payload Length: 123
MAP: 34 IAT: 35.00 CLT: 78 Volt: 15.00 AFR: 15.60 RPM: 973 VSS: 0 FuelP: 2.60 OilP: 3.20
Data Verified. Payload Length: 123
MAP: 33 IAT: 35.00 CLT: 79 Volt: 14.90 AFR: 15.60 RPM: 978 VSS: 0 FuelP: 2.60 OilP: 3.20
Data Verified. Payload Length: 123
MAP: 33 IAT: 35.00 CLT: 79 Volt: 14.90 AFR: 15.60 RPM: 981 VSS: 0 FuelP: 2.60 OilP: 3.20
Data Verified. Payload Length: 123
MAP: 33 IAT: 35.00 CLT: 79 Volt: 14.90 AFR: 15.60 RPM: 985 VSS: 0 FuelP: 2.60 OilP: 3.20
Data Verified. Payload Length: 123
MAP: 33 IAT: 35.00 CLT: 79 Volt: 14.90 AFR: 15.60 RPM: 989 VSS: 0 FuelP: 2.60 OilP: 3.20
Data Verified. Payload Length: 123
MAP: 33 IAT: 35.00 CLT: 79 Volt: 14.90 AFR: 15.60 RPM: 989 VSS: 0 FuelP: 2.60 OilP: 3.20
Data Verified. Payload Length: 123
MAP: 33 IAT: 35.00 CLT: 79 Volt: 14.90 AFR: 15.60 RPM: 988 VSS: 0 FuelP: 2.60 OilP: 3.30
Data Verified. Payload Length: 123
MAP: 33 IAT: 35.00 CLT: 79 Volt: 14.90 AFR: 15.60 RPM: 981 VSS: 0 FuelP: 2.60 OilP: 3.30
Data Verified. Payload Length: 123
MAP: 33 IAT: 35.00 CLT: 79 Volt: 14.90 AFR: 15.60 RPM: 983 VSS: 0 FuelP: 2.60 OilP: 3.30
Data Verified. Payload Length: 123
MAP: 33 IAT: 35.00 CLT: 79 Volt: 14.90 AFR: 15.60 RPM: 984 VSS: 0 FuelP: 2.60 OilP: 3.30
Data Verified. Payload Length: 123
MAP: 32 IAT: 35.00 CLT: 79 Volt: 14.90 AFR: 15.60 RPM: 980 VSS: 0 FuelP: 2.60 OilP: 3.30
Data Verified. Payload Length: 123
MAP: 32 IAT: 35.00 CLT: 79 Volt: 15.00 AFR: 15.60 RPM: 977 VSS: 0 FuelP: 2.60 OilP: 3.30
Data Verified. Payload Length: 123
MAP: 33 IAT: 35.00 CLT: 79 Volt: 15.00 AFR: 15.60 RPM: 975 VSS: 0 FuelP: 2.60 OilP: 3.30
Data Verified. Payload Length: 123
MAP: 33 IAT: 35.00 CLT: 79 Volt: 15.00 AFR: 15.60 RPM: 975 VSS: 0 FuelP: 2.60 OilP: 3.30
Data Verified. Payload Length: 123
MAP: 33 IAT: 35.00 CLT: 79 Volt: 15.00 AFR: 15.60 RPM: 970 VSS: 0 FuelP: 2.60 OilP: 3.30
Data Verified. Payload Length: 123
MAP: 32 IAT: 35.00 CLT: 79 Volt: 15.00 AFR: 15.60 RPM: 965 VSS: 0 FuelP: 2.60 OilP: 3.30
Data Verified. Payload Length: 123
MAP: 32 IAT: 35.00 CLT: 79 Volt: 15.00 AFR: 15.60 RPM: 964 VSS: 0 FuelP: 2.60 OilP: 3.30
Data Verified. Payload Length: 123
MAP: 32 IAT: 35.00 CLT: 79 Volt: 15.00 AFR: 15.60 RPM: 962 VSS: 0 FuelP: 2.60 OilP: 3.30
Data Verified. Payload Length: 123
MAP: 32 IAT: 35.00 CLT: 79 Volt: 15.00 AFR: 15.60 RPM: 954 VSS: 0 FuelP: 2.60 OilP: 3.30
Data Verified. Payload Length: 123
MAP: 33 IAT: 35.00 CLT: 79 Volt: 15.00 AFR: 15.60 RPM: 950 VSS: 0 FuelP: 2.60 OilP: 3.30
Data Verified. Payload Length: 123
MAP: 33 IAT: 35.00 CLT: 79 Volt: 14.90 AFR: 15.60 RPM: 943 VSS: 0 FuelP: 2.60 OilP: 3.30
Data Verified. Payload Length: 123
MAP: 33 IAT: 35.00 CLT: 79 Volt: 14.90 AFR: 15.60 RPM: 943 VSS: 0 FuelP: 2.60 OilP: 3.30
Data Verified. Payload Length: 123
MAP: 33 IAT: 35.00 CLT: 79 Volt: 14.90 AFR: 15.60 RPM: 939 VSS: 0 FuelP: 2.60 OilP: 3.30
Data Verified. Payload Length: 123
MAP: 33 IAT: 35.00 CLT: 79 Volt: 14.90 AFR: 15.60 RPM: 935 VSS: 0 FuelP: 2.60 OilP: 3.30
Data Verified. Payload Length: 123
MAP: 33 IAT: 35.00 CLT: 79 Volt: 14.90 AFR: 15.60 RPM: 936 VSS: 0 FuelP: 2.60 OilP: 3.30
Data Verified. Payload Length: 123
MAP: 33 IAT: 35.00 CLT: 79 Volt: 14.90 AFR: 15.70 RPM: 927 VSS: 0 FuelP: 2.60 OilP: 3.30
Data Verified. Payload Length: 123
MAP: 33 IAT: 35.00 CLT: 79 Volt: 14.90 AFR: 15.70 RPM: 927 VSS: 0 FuelP: 2.60 OilP: 3.30
Data Verified. Payload Length: 123
MAP: 32 IAT: 35.00 CLT: 79 Volt: 14.90 AFR: 15.70 RPM: 921 VSS: 0 FuelP: 2.60 OilP: 3.30
Data Verified. Payload Length: 123
MAP: 32 IAT: 35.00 CLT: 79 Volt: 14.90 AFR: 15.70 RPM: 913 VSS: 0 FuelP: 2.60 OilP: 3.30
Data Verified. Payload Length: 123
MAP: 31 IAT: 35.00 CLT: 79 Volt: 14.90 AFR: 15.70 RPM: 913 VSS: 0 FuelP: 2.60 OilP: 3.20
Data Verified. Payload Length: 123
MAP: 31 IAT: 35.00 CLT: 79 Volt: 14.90 AFR: 15.70 RPM: 907 VSS: 0 FuelP: 2.60 OilP: 3.20
Data Verified. Payload Length: 123
MAP: 31 IAT: 35.00 CLT: 79 Volt: 14.90 AFR: 15.70 RPM: 907 VSS: 0 FuelP: 2.60 OilP: 3.20
Data Verified. Payload Length: 123
MAP: 30 IAT: 35.00 CLT: 79 Volt: 14.90 AFR: 15.70 RPM: 901 VSS: 0 FuelP: 2.60 OilP: 3.20
Data Verified. Payload Length: 123
MAP: 30 IAT: 35.00 CLT: 79 Volt: 14.90 AFR: 15.70 RPM: 892 VSS: 0 FuelP: 2.60 OilP: 3.20
Data Verified. Payload Length: 123
MAP: 30 IAT: 35.00 CLT: 79 Volt: 15.00 AFR: 15.70 RPM: 878 VSS: 0 FuelP: 2.60 OilP: 3.10
Data Verified. Payload Length: 123
MAP: 30 IAT: 35.00 CLT: 79 Volt: 15.00 AFR: 15.70 RPM: 860 VSS: 0 FuelP: 2.60 OilP: 3.10
Data Verified. Payload Length: 123
MAP: 30 IAT: 35.00 CLT: 79 Volt: 15.00 AFR: 15.70 RPM: 860 VSS: 0 FuelP: 2.60 OilP: 3.10
Data Verified. Payload Length: 123
MAP: 30 IAT: 35.00 CLT: 79 Volt: 15.00 AFR: 15.70 RPM: 841 VSS: 0 FuelP: 2.60 OilP: 3.10
Data Verified. Payload Length: 123
MAP: 30 IAT: 35.00 CLT: 79 Volt: 15.00 AFR: 15.70 RPM: 820 VSS: 0 FuelP: 2.60 OilP: 3.10
Data Verified. Payload Length: 123
MAP: 30 IAT: 35.00 CLT: 79 Volt: 15.00 AFR: 15.70 RPM: 796 VSS: 0 FuelP: 2.60 OilP: 3.00
Data Verified. Payload Length: 123
MAP: 30 IAT: 35.00 CLT: 79 Volt: 15.00 AFR: 15.70 RPM: 796 VSS: 0 FuelP: 2.60 OilP: 3.00
Data Verified. Payload Length: 123
MAP: 30 IAT: 35.00 CLT: 79 Volt: 15.00 AFR: 15.70 RPM: 767 VSS: 0 FuelP: 2.60 OilP: 3.00
Data Verified. Payload Length: 123
MAP: 31 IAT: 35.00 CLT: 79 Volt: 15.00 AFR: 15.80 RPM: 741 VSS: 0 FuelP: 2.60 OilP: 3.00
Data Verified. Payload Length: 123
MAP: 31 IAT: 35.00 CLT: 79 Volt: 14.90 AFR: 15.80 RPM: 741 VSS: 0 FuelP: 2.60 OilP: 2.80
Data Verified. Payload Length: 123
MAP: 31 IAT: 35.00 CLT: 79 Volt: 14.90 AFR: 15.80 RPM: 710 VSS: 0 FuelP: 2.60 OilP: 2.80
Data Verified. Payload Length: 123
MAP: 31 IAT: 35.00 CLT: 79 Volt: 14.90 AFR: 15.80 RPM: 710 VSS: 0 FuelP: 2.60 OilP: 2.80
Data Verified. Payload Length: 123
MAP: 33 IAT: 35.00 CLT: 79 Volt: 14.90 AFR: 15.70 RPM: 685 VSS: 0 FuelP: 2.60 OilP: 2.80
Data Verified. Payload Length: 123
MAP: 33 IAT: 35.00 CLT: 79 Volt: 14.90 AFR: 15.60 RPM: 671 VSS: 0 FuelP: 2.60 OilP: 2.80
Data Verified. Payload Length: 123
MAP: 33 IAT: 35.00 CLT: 79 Volt: 14.90 AFR: 15.60 RPM: 671 VSS: 0 FuelP: 2.60 OilP: 2.60
Data Verified. Payload Length: 123
MAP: 35 IAT: 35.00 CLT: 79 Volt: 14.90 AFR: 15.60 RPM: 659 VSS: 0 FuelP: 2.60 OilP: 2.60
Data Verified. Payload Length: 123
MAP: 35 IAT: 35.00 CLT: 79 Volt: 14.90 AFR: 15.60 RPM: 639 VSS: 0 FuelP: 2.60 OilP: 2.60
Data Verified. Payload Length: 123
MAP: 35 IAT: 35.00 CLT: 79 Volt: 14.90 AFR: 15.50 RPM: 639 VSS: 0 FuelP: 2.60 OilP: 2.60
Data Verified. Payload Length: 123
MAP: 37 IAT: 35.00 CLT: 79 Volt: 14.90 AFR: 15.50 RPM: 630 VSS: 0 FuelP: 2.60 OilP: 2.60
Data Verified. Payload Length: 123
MAP: 37 IAT: 35.00 CLT: 79 Volt: 14.90 AFR: 15.40 RPM: 630 VSS: 0 FuelP: 2.60 OilP: 2.40
Data Verified. Payload Length: 123
MAP: 37 IAT: 35.00 CLT: 79 Volt: 14.90 AFR: 15.40 RPM: 627 VSS: 0 FuelP: 2.60 OilP: 2.40
Data Verified. Payload Length: 123
MAP: 38 IAT: 35.00 CLT: 79 Volt: 14.90 AFR: 15.40 RPM: 633 VSS: 0 FuelP: 2.60 OilP: 2.40
Data Verified. Payload Length: 123
MAP: 38 IAT: 35.00 CLT: 79 Volt: 14.90 AFR: 15.40 RPM: 633 VSS: 0 FuelP: 2.60 OilP: 2.40
Data Verified. Payload Length: 123
MAP: 38 IAT: 35.00 CLT: 79 Volt: 14.90 AFR: 15.40 RPM: 639 VSS: 0 FuelP: 2.60 OilP: 2.40
Data Verified. Payload Length: 123
MAP: 38 IAT: 35.00 CLT: 79 Volt: 14.90 AFR: 15.40 RPM: 639 VSS: 0 FuelP: 2.60 OilP: 2.30
Data Verified. Payload Length: 123
MAP: 55 IAT: 35.00 CLT: 79 Volt: 14.90 AFR: 15.40 RPM: 659 VSS: 0 FuelP: 2.60 OilP: 2.30
Data Verified. Payload Length: 123
MAP: 55 IAT: 35.00 CLT: 79 Volt: 14.90 AFR: 15.40 RPM: 776 VSS: 0 FuelP: 2.60 OilP: 2.30
Data Verified. Payload Length: 123
MAP: 55 IAT: 35.00 CLT: 79 Volt: 14.90 AFR: 15.50 RPM: 776 VSS: 0 FuelP: 2.60 OilP: 2.30
Data Verified. Payload Length: 123
MAP: 85 IAT: 35.00 CLT: 79 Volt: 14.90 AFR: 15.60 RPM: 927 VSS: 0 FuelP: 2.80 OilP: 2.60
Data Verified. Payload Length: 123
MAP: 85 IAT: 35.00 CLT: 79 Volt: 14.90 AFR: 16.80 RPM: 1221 VSS: 0 FuelP: 2.80 OilP: 2.60
Data Verified. Payload Length: 123
MAP: 85 IAT: 35.00 CLT: 79 Volt: 14.90 AFR: 14.80 RPM: 1356 VSS: 0 FuelP: 2.80 OilP: 2.60
Data Verified. Payload Length: 123
MAP: 79 IAT: 35.00 CLT: 79 Volt: 14.90 AFR: 15.00 RPM: 1481 VSS: 0 FuelP: 2.80 OilP: 2.60
Data Verified. Payload Length: 123
MAP: 57 IAT: 35.00 CLT: 79 Volt: 14.80 AFR: 15.60 RPM: 1671 VSS: 0 FuelP: 2.80 OilP: 4.00
Data Verified. Payload Length: 123
MAP: 57 IAT: 35.00 CLT: 79 Volt: 14.80 AFR: 15.90 RPM: 1719 VSS: 0 FuelP: 2.80 OilP: 4.00
Data Verified. Payload Length: 123
MAP: 42 IAT: 35.00 CLT: 79 Volt: 14.80 AFR: 15.60 RPM: 1756 VSS: 0 FuelP: 2.80 OilP: 4.00
Data Verified. Payload Length: 123
MAP: 33 IAT: 35.00 CLT: 79 Volt: 14.80 AFR: 14.80 RPM: 1739 VSS: 0 FuelP: 2.80 OilP: 4.00
Data Verified. Payload Length: 123
MAP: 28 IAT: 35.00 CLT: 79 Volt: 14.80 AFR: 14.60 RPM: 1704 VSS: 0 FuelP: 2.80 OilP: 4.00
Data Verified. Payload Length: 123
MAP: 25 IAT: 35.00 CLT: 79 Volt: 14.90 AFR: 13.80 RPM: 1641 VSS: 0 FuelP: 2.70 OilP: 4.10
Data Verified. Payload Length: 123
MAP: 25 IAT: 35.00 CLT: 79 Volt: 14.90 AFR: 13.60 RPM: 1610 VSS: 0 FuelP: 2.70 OilP: 4.10
Data Verified. Payload Length: 123
MAP: 23 IAT: 35.00 CLT: 79 Volt: 14.90 AFR: 12.90 RPM: 1578 VSS: 0 FuelP: 2.70 OilP: 4.10
Data Verified. Payload Length: 123
MAP: 23 IAT: 35.00 CLT: 79 Volt: 14.90 AFR: 12.30 RPM: 1527 VSS: 0 FuelP: 2.70 OilP: 4.10
Data Verified. Payload Length: 123
MAP: 23 IAT: 35.00 CLT: 79 Volt: 14.90 AFR: 12.10 RPM: 1501 VSS: 0 FuelP: 2.70 OilP: 4.10
Data Verified. Payload Length: 123
MAP: 28 IAT: 35.00 CLT: 79 Volt: 14.90 AFR: 11.80 RPM: 1480 VSS: 0 FuelP: 2.60 OilP: 4.00
Data Verified. Payload Length: 123
MAP: 28 IAT: 35.00 CLT: 79 Volt: 14.90 AFR: 11.60 RPM: 1430 VSS: 0 FuelP: 2.60 OilP: 4.00
Data Verified. Payload Length: 123
MAP: 51 IAT: 35.00 CLT: 79 Volt: 14.90 AFR: 11.20 RPM: 1489 VSS: 0 FuelP: 2.60 OilP: 4.00
Data Verified. Payload Length: 123
MAP: 78 IAT: 35.00 CLT: 79 Volt: 14.90 AFR: 11.30 RPM: 1591 VSS: 0 FuelP: 2.60 OilP: 4.00
Data Verified. Payload Length: 123
MAP: 85 IAT: 35.00 CLT: 79 Volt: 14.90 AFR: 11.30 RPM: 1829 VSS: 0 FuelP: 2.60 OilP: 4.00
Data Verified. Payload Length: 123
MAP: 85 IAT: 35.00 CLT: 79 Volt: 14.90 AFR: 11.10 RPM: 2052 VSS: 0 FuelP: 2.80 OilP: 4.30
Data Verified. Payload Length: 123
MAP: 84 IAT: 35.00 CLT: 79 Volt: 14.90 AFR: 11.50 RPM: 2151 VSS: 0 FuelP: 2.80 OilP: 4.30
Data Verified. Payload Length: 123
MAP: 55 IAT: 35.00 CLT: 79 Volt: 14.90 AFR: 12.30 RPM: 2376 VSS: 0 FuelP: 2.80 OilP: 4.30
Data Verified. Payload Length: 123
MAP: 38 IAT: 35.00 CLT: 79 Volt: 14.90 AFR: 12.60 RPM: 2398 VSS: 0 FuelP: 2.80 OilP: 4.30
Data Verified. Payload Length: 123
MAP: 29 IAT: 35.00 CLT: 79 Volt: 14.90 AFR: 12.70 RPM: 2378 VSS: 0 FuelP: 2.80 OilP: 4.30
Data Verified. Payload Length: 123
MAP: 24 IAT: 35.00 CLT: 79 Volt: 15.00 AFR: 12.60 RPM: 2316 VSS: 0 FuelP: 2.70 OilP: 4.50
Data Verified. Payload Length: 123
MAP: 21 IAT: 35.00 CLT: 79 Volt: 15.00 AFR: 12.60 RPM: 2255 VSS: 0 FuelP: 2.70 OilP: 4.50
Data Verified. Payload Length: 123
MAP: 20 IAT: 35.00 CLT: 79 Volt: 15.00 AFR: 12.00 RPM: 2180 VSS: 0 FuelP: 2.70 OilP: 4.50
Data Verified. Payload Length: 123
MAP: 19 IAT: 35.00 CLT: 79 Volt: 15.00 AFR: 11.70 RPM: 2115 VSS: 0 FuelP: 2.70 OilP: 4.50
Data Verified. Payload Length: 123
MAP: 18 IAT: 35.00 CLT: 79 Volt: 15.00 AFR: 11.40 RPM: 2057 VSS: 0 FuelP: 2.60 OilP: 4.50
Data Verified. Payload Length: 123
MAP: 17 IAT: 35.00 CLT: 79 Volt: 15.00 AFR: 10.90 RPM: 1986 VSS: 0 FuelP: 2.60 OilP: 4.50
Data Verified. Payload Length: 123
MAP: 17 IAT: 35.00 CLT: 79 Volt: 15.00 AFR: 10.70 RPM: 1941 VSS: 0 FuelP: 2.60 OilP: 4.50
Data Verified. Payload Length: 123
MAP: 17 IAT: 35.00 CLT: 79 Volt: 15.00 AFR: 10.50 RPM: 1848 VSS: 0 FuelP: 2.60 OilP: 4.50
Data Verified. Payload Length: 123
MAP: 18 IAT: 35.00 CLT: 79 Volt: 15.00 AFR: 10.50 RPM: 1803 VSS: 0 FuelP: 2.60 OilP: 4.50
Data Verified. Payload Length: 123
MAP: 19 IAT: 35.00 CLT: 79 Volt: 15.00 AFR: 10.50 RPM: 1712 VSS: 0 FuelP: 2.50 OilP: 4.30
Data Verified. Payload Length: 123
MAP: 19 IAT: 35.00 CLT: 79 Volt: 15.00 AFR: 10.50 RPM: 1671 VSS: 0 FuelP: 2.50 OilP: 4.30
Data Verified. Payload Length: 123
MAP: 19 IAT: 35.00 CLT: 79 Volt: 15.00 AFR: 10.90 RPM: 1587 VSS: 0 FuelP: 2.50 OilP: 4.30
Data Verified. Payload Length: 123
MAP: 18 IAT: 35.00 CLT: 79 Volt: 15.00 AFR: 11.50 RPM: 1542 VSS: 0 FuelP: 2.50 OilP: 4.30
Data Verified. Payload Length: 123
MAP: 18 IAT: 35.00 CLT: 79 Volt: 15.00 AFR: 11.70 RPM: 1494 VSS: 0 FuelP: 2.50 OilP: 4.30
Data Verified. Payload Length: 123
MAP: 19 IAT: 35.00 CLT: 79 Volt: 15.00 AFR: 11.90 RPM: 1400 VSS: 0 FuelP: 2.50 OilP: 4.10
Data Verified. Payload Length: 123
MAP: 19 IAT: 35.00 CLT: 79 Volt: 15.00 AFR: 12.10 RPM: 1354 VSS: 0 FuelP: 2.50 OilP: 4.10
Data Verified. Payload Length: 123
MAP: 19 IAT: 35.00 CLT: 79 Volt: 15.00 AFR: 12.20 RPM: 1306 VSS: 0 FuelP: 2.50 OilP: 4.10
Data Verified. Payload Length: 123
MAP: 20 IAT: 35.00 CLT: 79 Volt: 15.00 AFR: 12.30 RPM: 1252 VSS: 0 FuelP: 2.50 OilP: 4.10
Data Verified. Payload Length: 123
MAP: 20 IAT: 35.00 CLT: 79 Volt: 15.00 AFR: 12.60 RPM: 1197 VSS: 0 FuelP: 2.50 OilP: 4.10
Data Verified. Payload Length: 123
MAP: 21 IAT: 35.00 CLT: 79 Volt: 15.00 AFR: 12.90 RPM: 1143 VSS: 0 FuelP: 2.50 OilP: 3.90
Data Verified. Payload Length: 123
MAP: 21 IAT: 35.00 CLT: 79 Volt: 15.00 AFR: 13.10 RPM: 1095 VSS: 0 FuelP: 2.50 OilP: 3.90
Data Verified. Payload Length: 123
MAP: 22 IAT: 35.00 CLT: 79 Volt: 15.00 AFR: 13.20 RPM: 1050 VSS: 0 FuelP: 2.50 OilP: 3.90
Data Verified. Payload Length: 123
MAP: 22 IAT: 35.00 CLT: 79 Volt: 15.00 AFR: 13.20 RPM: 1003 VSS: 0 FuelP: 2.50 OilP: 3.90
Data Verified. Payload Length: 123
MAP: 24 IAT: 35.00 CLT: 79 Volt: 14.90 AFR: 13.20 RPM: 943 VSS: 0 FuelP: 2.50 OilP: 3.70
Data Verified. Payload Length: 123
MAP: 24 IAT: 35.00 CLT: 79 Volt: 14.90 AFR: 13.20 RPM: 873 VSS: 0 FuelP: 2.50 OilP: 3.70
Data Verified. Payload Length: 123
MAP: 24 IAT: 35.00 CLT: 79 Volt: 14.90 AFR: 13.20 RPM: 873 VSS: 0 FuelP: 2.50 OilP: 3.70
Data Verified. Payload Length: 123
MAP: 26 IAT: 35.00 CLT: 79 Volt: 14.90 AFR: 13.30 RPM: 808 VSS: 0 FuelP: 2.50 OilP: 3.70
Data Verified. Payload Length: 123
MAP: 26 IAT: 35.00 CLT: 79 Volt: 14.90 AFR: 13.30 RPM: 760 VSS: 0 FuelP: 2.50 OilP: 3.70
Data Verified. Payload Length: 123
MAP: 26 IAT: 35.00 CLT: 79 Volt: 14.90 AFR: 13.20 RPM: 760 VSS: 0 FuelP: 2.50 OilP: 3.20
Data Verified. Payload Length: 123
MAP: 29 IAT: 35.00 CLT: 79 Volt: 14.90 AFR: 13.20 RPM: 721 VSS: 0 FuelP: 2.50 OilP: 3.20
Data Verified. Payload Length: 123
MAP: 29 IAT: 35.00 CLT: 79 Volt: 14.90 AFR: 13.20 RPM: 672 VSS: 0 FuelP: 2.50 OilP: 3.20
Data Verified. Payload Length: 123
MAP: 29 IAT: 35.00 CLT: 79 Volt: 14.90 AFR: 13.20 RPM: 672 VSS: 0 FuelP: 2.50 OilP: 3.20
Data Verified. Payload Length: 123
MAP: 32 IAT: 35.00 CLT: 79 Volt: 15.00 AFR: 13.20 RPM: 622 VSS: 0 FuelP: 2.50 OilP: 2.70
Data Verified. Payload Length: 123
MAP: 32 IAT: 35.00 CLT: 79 Volt: 15.00 AFR: 13.20 RPM: 622 VSS: 0 FuelP: 2.50 OilP: 2.70
Data Verified. Payload Length: 123
MAP: 32 IAT: 35.00 CLT: 79 Volt: 15.00 AFR: 13.20 RPM: 596 VSS: 0 FuelP: 2.50 OilP: 2.70
Data Verified. Payload Length: 123
MAP: 32 IAT: 35.00 CLT: 79 Volt: 15.00 AFR: 13.20 RPM: 596 VSS: 0 FuelP: 2.50 OilP: 2.70
Data Verified. Payload Length: 123
MAP: 36 IAT: 35.00 CLT: 79 Volt: 15.00 AFR: 13.20 RPM: 573 VSS: 0 FuelP: 2.50 OilP: 2.70
Data Verified. Payload Length: 123
MAP: 36 IAT: 35.00 CLT: 79 Volt: 14.90 AFR: 13.20 RPM: 573 VSS: 0 FuelP: 2.50 OilP: 2.40
Data Verified. Payload Length: 123
MAP: 36 IAT: 35.00 CLT: 79 Volt: 14.90 AFR: 13.30 RPM: 556 VSS: 0 FuelP: 2.50 OilP: 2.40
Data Verified. Payload Length: 123
MAP: 36 IAT: 35.00 CLT: 79 Volt: 14.90 AFR: 13.40 RPM: 556 VSS: 0 FuelP: 2.50 OilP: 2.40
Data Verified. Payload Length: 123
MAP: 39 IAT: 35.00 CLT: 79 Volt: 14.90 AFR: 13.50 RPM: 540 VSS: 0 FuelP: 2.50 OilP: 2.40
Data Verified. Payload Length: 123
MAP: 39 IAT: 35.00 CLT: 79 Volt: 14.90 AFR: 13.60 RPM: 555 VSS: 0 FuelP: 2.50 OilP: 2.40
Data Verified. Payload Length: 123
MAP: 39 IAT: 35.00 CLT: 79 Volt: 14.80 AFR: 13.80 RPM: 555 VSS: 0 FuelP: 2.50 OilP: 2.10
Data Verified. Payload Length: 123
MAP: 39 IAT: 35.00 CLT: 79 Volt: 14.80 AFR: 13.90 RPM: 555 VSS: 0 FuelP: 2.50 OilP: 2.10
Data Verified. Payload Length: 123
MAP: 41 IAT: 35.00 CLT: 79 Volt: 14.80 AFR: 14.00 RPM: 576 VSS: 0 FuelP: 2.50 OilP: 2.10
Data Verified. Payload Length: 123
MAP: 41 IAT: 35.00 CLT: 79 Volt: 14.80 AFR: 14.10 RPM: 593 VSS: 0 FuelP: 2.50 OilP: 2.10
Data Verified. Payload Length: 123
MAP: 41 IAT: 35.00 CLT: 79 Volt: 14.80 AFR: 14.30 RPM: 593 VSS: 0 FuelP: 2.50 OilP: 2.10
Data Verified. Payload Length: 123
MAP: 41 IAT: 35.00 CLT: 79 Volt: 14.80 AFR: 14.40 RPM: 614 VSS: 0 FuelP: 2.60 OilP: 2.00
Data Verified. Payload Length: 123
MAP: 41 IAT: 35.00 CLT: 79 Volt: 14.80 AFR: 14.80 RPM: 614 VSS: 0 FuelP: 2.60 OilP: 2.00
Data Verified. Payload Length: 123
MAP: 41 IAT: 35.00 CLT: 79 Volt: 14.80 AFR: 15.20 RPM: 641 VSS: 0 FuelP: 2.60 OilP: 2.00
Data Verified. Payload Length: 123
MAP: 41 IAT: 35.00 CLT: 79 Volt: 14.80 AFR: 15.30 RPM: 641 VSS: 0 FuelP: 2.60 OilP: 2.00
Data Verified. Payload Length: 123
MAP: 40 IAT: 35.00 CLT: 79 Volt: 14.90 AFR: 15.50 RPM: 664 VSS: 0 FuelP: 2.60 OilP: 2.00
Data Verified. Payload Length: 123
MAP: 40 IAT: 35.00 CLT: 79 Volt: 14.90 AFR: 15.50 RPM: 688 VSS: 0 FuelP: 2.60 OilP: 2.00
Data Verified. Payload Length: 123
MAP: 40 IAT: 35.00 CLT: 79 Volt: 14.90 AFR: 15.60 RPM: 688 VSS: 0 FuelP: 2.60 OilP: 2.00
Data Verified. Payload Length: 123
MAP: 39 IAT: 35.00 CLT: 79 Volt: 14.90 AFR: 15.60 RPM: 707 VSS: 0 FuelP: 2.60 OilP: 2.00
Data Verified. Payload Length: 123
MAP: 39 IAT: 35.00 CLT: 79 Volt: 14.90 AFR: 15.60 RPM: 724 VSS: 0 FuelP: 2.60 OilP: 2.00
Data Verified. Payload Length: 123
MAP: 39 IAT: 35.00 CLT: 79 Volt: 15.00 AFR: 15.60 RPM: 724 VSS: 0 FuelP: 2.60 OilP: 2.20
Data Verified. Payload Length: 123
MAP: 37 IAT: 35.00 CLT: 79 Volt: 15.00 AFR: 15.60 RPM: 741 VSS: 0 FuelP: 2.60 OilP: 2.20
Data Verified. Payload Length: 123
MAP: 37 IAT: 35.00 CLT: 79 Volt: 15.00 AFR: 15.60 RPM: 750 VSS: 0 FuelP: 2.60 OilP: 2.20
Data Verified. Payload Length: 123
MAP: 37 IAT: 35.00 CLT: 79 Volt: 15.00 AFR: 15.60 RPM: 750 VSS: 0 FuelP: 2.60 OilP: 2.20
Data Verified. Payload Length: 123
MAP: 35 IAT: 35.00 CLT: 79 Volt: 14.90 AFR: 15.60 RPM: 759 VSS: 0 FuelP: 2.60 OilP: 2.30
Data Verified. Payload Length: 123
MAP: 35 IAT: 35.00 CLT: 79 Volt: 14.90 AFR: 15.60 RPM: 763 VSS: 0 FuelP: 2.60 OilP: 2.30
Data Verified. Payload Length: 123
MAP: 35 IAT: 35.00 CLT: 79 Volt: 14.90 AFR: 15.60 RPM: 763 VSS: 0 FuelP: 2.60 OilP: 2.30
Data Verified. Payload Length: 123
MAP: 34 IAT: 35.00 CLT: 79 Volt: 14.90 AFR: 15.60 RPM: 772 VSS: 0 FuelP: 2.60 OilP: 2.30
Data Verified. Payload Length: 123
MAP: 34 IAT: 35.00 CLT: 79 Volt: 14.90 AFR: 15.60 RPM: 769 VSS: 0 FuelP: 2.60 OilP: 2.30
Data Verified. Payload Length: 123
MAP: 33 IAT: 35.00 CLT: 79 Volt: 14.90 AFR: 15.30 RPM: 767 VSS: 0 FuelP: 2.60 OilP: 2.40
Data Verified. Payload Length: 123
MAP: 33 IAT: 35.00 CLT: 79 Volt: 14.90 AFR: 15.30 RPM: 767 VSS: 0 FuelP: 2.60 OilP: 2.40
Data Verified. Payload Length: 123
MAP: 33 IAT: 35.00 CLT: 79 Volt: 14.90 AFR: 15.20 RPM: 762 VSS: 0 FuelP: 2.60 OilP: 2.40
Data Verified. Payload Length: 123
MAP: 33 IAT: 35.00 CLT: 79 Volt: 14.90 AFR: 15.00 RPM: 762 VSS: 0 FuelP: 2.60 OilP: 2.40
Data Verified. Payload Length: 123
MAP: 33 IAT: 35.00 CLT: 79 Volt: 14.90 AFR: 14.70 RPM: 756 VSS: 0 FuelP: 2.60 OilP: 2.40
Data Verified. Payload Length: 123
MAP: 33 IAT: 35.00 CLT: 80 Volt: 14.90 AFR: 14.60 RPM: 746 VSS: 0 FuelP: 2.60 OilP: 2.40
Data Verified. Payload Length: 123
MAP: 33 IAT: 35.00 CLT: 80 Volt: 14.90 AFR: 14.60 RPM: 746 VSS: 0 FuelP: 2.60 OilP: 2.40
Data Verified. Payload Length: 123
MAP: 33 IAT: 35.00 CLT: 80 Volt: 14.90 AFR: 14.60 RPM: 738 VSS: 0 FuelP: 2.60 OilP: 2.40
Data Verified. Payload Length: 123
MAP: 33 IAT: 35.00 CLT: 80 Volt: 14.90 AFR: 14.60 RPM: 730 VSS: 0 FuelP: 2.60 OilP: 2.40
Data Verified. Payload Length: 123
MAP: 33 IAT: 35.00 CLT: 80 Volt: 14.90 AFR: 14.50 RPM: 715 VSS: 0 FuelP: 2.60 OilP: 2.40
Data Verified. Payload Length: 123
MAP: 33 IAT: 35.00 CLT: 80 Volt: 15.00 AFR: 14.40 RPM: 715 VSS: 0 FuelP: 2.60 OilP: 2.40
Data Verified. Payload Length: 123
MAP: 33 IAT: 35.00 CLT: 80 Volt: 15.00 AFR: 14.40 RPM: 704 VSS: 0 FuelP: 2.60 OilP: 2.40
Data Verified. Payload Length: 123
MAP: 33 IAT: 35.00 CLT: 80 Volt: 15.00 AFR: 14.40 RPM: 704 VSS: 0 FuelP: 2.60 OilP: 2.40
Data Verified. Payload Length: 123
MAP: 34 IAT: 35.00 CLT: 80 Volt: 15.00 AFR: 14.40 RPM: 697 VSS: 0 FuelP: 2.60 OilP: 2.40
Data Verified. Payload Length: 123
MAP: 34 IAT: 35.00 CLT: 80 Volt: 14.90 AFR: 14.40 RPM: 685 VSS: 0 FuelP: 2.60 OilP: 2.40
Data Verified. Payload Length: 123
MAP: 34 IAT: 35.00 CLT: 80 Volt: 14.90 AFR: 14.40 RPM: 685 VSS: 0 FuelP: 2.60 OilP: 2.40
Data Verified. Payload Length: 123
MAP: 35 IAT: 35.00 CLT: 80 Volt: 14.90 AFR: 14.40 RPM: 679 VSS: 0 FuelP: 2.60 OilP: 2.40
Data Verified. Payload Length: 123
MAP: 35 IAT: 35.00 CLT: 80 Volt: 14.90 AFR: 14.40 RPM: 679 VSS: 0 FuelP: 2.60 OilP: 2.40
Data Verified. Payload Length: 123
MAP: 35 IAT: 35.00 CLT: 80 Volt: 14.90 AFR: 14.40 RPM: 672 VSS: 0 FuelP: 2.60 OilP: 2.40
Data Verified. Payload Length: 123
MAP: 36 IAT: 35.00 CLT: 80 Volt: 14.90 AFR: 14.40 RPM: 670 VSS: 0 FuelP: 2.60 OilP: 2.40
Data Verified. Payload Length: 123
MAP: 36 IAT: 35.00 CLT: 80 Volt: 14.90 AFR: 14.40 RPM: 670 VSS: 0 FuelP: 2.60 OilP: 2.40
Data Verified. Payload Length: 123
MAP: 36 IAT: 35.00 CLT: 80 Volt: 14.90 AFR: 14.40 RPM: 666 VSS: 0 FuelP: 2.60 OilP: 2.40
Data Verified. Payload Length: 123
MAP: 36 IAT: 35.00 CLT: 80 Volt: 14.90 AFR: 14.40 RPM: 666 VSS: 0 FuelP: 2.60 OilP: 2.40
Data Verified. Payload Length: 123
MAP: 36 IAT: 35.00 CLT: 80 Volt: 14.90 AFR: 14.40 RPM: 672 VSS: 0 FuelP: 2.60 OilP: 2.40
Data Verified. Payload Length: 123
MAP: 36 IAT: 35.00 CLT: 80 Volt: 15.00 AFR: 14.40 RPM: 678 VSS: 0 FuelP: 2.60 OilP: 2.40
Data Verified. Payload Length: 123
MAP: 36 IAT: 35.00 CLT: 80 Volt: 15.00 AFR: 14.40 RPM: 678 VSS: 0 FuelP: 2.60 OilP: 2.40
Data Verified. Payload Length: 123
MAP: 36 IAT: 35.00 CLT: 80 Volt: 15.00 AFR: 14.40 RPM: 688 VSS: 0 FuelP: 2.60 OilP: 2.40
Data Verified. Payload Length: 123
MAP: 36 IAT: 35.00 CLT: 80 Volt: 15.00 AFR: 14.40 RPM: 688 VSS: 0 FuelP: 2.60 OilP: 2.40
Data Verified. Payload Length: 123
MAP: 36 IAT: 35.00 CLT: 80 Volt: 15.00 AFR: 14.40 RPM: 692 VSS: 0 FuelP: 2.60 OilP: 2.40
Data Verified. Payload Length: 123
MAP: 36 IAT: 35.00 CLT: 80 Volt: 15.00 AFR: 14.40 RPM: 697 VSS: 0 FuelP: 2.60 OilP: 2.40
Data Verified. Payload Length: 123
MAP: 36 IAT: 35.00 CLT: 80 Volt: 15.00 AFR: 14.40 RPM: 697 VSS: 0 FuelP: 2.60 OilP: 2.40
Data Verified. Payload Length: 123
MAP: 36 IAT: 35.00 CLT: 80 Volt: 15.00 AFR: 14.40 RPM: 703 VSS: 0 FuelP: 2.60 OilP: 2.40
Data Verified. Payload Length: 123
MAP: 36 IAT: 35.00 CLT: 80 Volt: 15.00 AFR: 14.40 RPM: 703 VSS: 0 FuelP: 2.60 OilP: 2.40
Data Verified. Payload Length: 123
MAP: 36 IAT: 35.00 CLT: 80 Volt: 15.00 AFR: 14.40 RPM: 710 VSS: 0 FuelP: 2.60 OilP: 2.40
Data Verified. Payload Length: 123
MAP: 36 IAT: 35.00 CLT: 80 Volt: 15.00 AFR: 14.50 RPM: 716 VSS: 0 FuelP: 2.60 OilP: 2.40
Data Verified. Payload Length: 123
MAP: 35 IAT: 35.00 CLT: 80 Volt: 15.00 AFR: 14.50 RPM: 721 VSS: 0 FuelP: 2.60 OilP: 2.40
Data Verified. Payload Length: 123
MAP: 35 IAT: 35.00 CLT: 80 Volt: 15.00 AFR: 14.50 RPM: 721 VSS: 0 FuelP: 2.60 OilP: 2.40
Data Verified. Payload Length: 123
MAP: 35 IAT: 35.00 CLT: 80 Volt: 15.00 AFR: 14.60 RPM: 721 VSS: 0 FuelP: 2.60 OilP: 2.40
Data Verified. Payload Length: 123
MAP: 35 IAT: 35.00 CLT: 80 Volt: 14.90 AFR: 14.60 RPM: 721 VSS: 0 FuelP: 2.60 OilP: 2.40
Data Verified. Payload Length: 123
MAP: 35 IAT: 35.00 CLT: 80 Volt: 14.90 AFR: 14.60 RPM: 726 VSS: 0 FuelP: 2.60 OilP: 2.40
Data Verified. Payload Length: 123
MAP: 35 IAT: 35.00 CLT: 80 Volt: 14.90 AFR: 14.60 RPM: 726 VSS: 0 FuelP: 2.60 OilP: 2.40
Data Verified. Payload Length: 123
MAP: 35 IAT: 35.00 CLT: 80 Volt: 14.90 AFR: 14.60 RPM: 728 VSS: 0 FuelP: 2.60 OilP: 2.40
Data Verified. Payload Length: 123
MAP: 35 IAT: 35.00 CLT: 80 Volt: 14.90 AFR: 14.60 RPM: 728 VSS: 0 FuelP: 2.60 OilP: 2.40
Data Verified. Payload Length: 123
MAP: 35 IAT: 35.00 CLT: 80 Volt: 15.00 AFR: 14.60 RPM: 729 VSS: 0 FuelP: 2.60 OilP: 2.40
Data Verified. Payload Length: 123
MAP: 35 IAT: 35.00 CLT: 80 Volt: 15.00 AFR: 14.60 RPM: 729 VSS: 0 FuelP: 2.60 OilP: 2.40
Data Verified. Payload Length: 123
MAP: 34 IAT: 35.00 CLT: 80 Volt: 15.00 AFR: 14.60 RPM: 728 VSS: 0 FuelP: 2.60 OilP: 2.40
Data Verified. Payload Length: 123
MAP: 34 IAT: 35.00 CLT: 80 Volt: 15.00 AFR: 14.60 RPM: 727 VSS: 0 FuelP: 2.60 OilP: 2.40
Data Verified. Payload Length: 123
MAP: 34 IAT: 35.00 CLT: 80 Volt: 15.00 AFR: 14.60 RPM: 727 VSS: 0 FuelP: 2.60 OilP: 2.40
Data Verified. Payload Length: 123
MAP: 34 IAT: 35.00 CLT: 80 Volt: 14.90 AFR: 14.60 RPM: 724 VSS: 0 FuelP: 2.60 OilP: 2.40
Data Verified. Payload Length: 123
MAP: 34 IAT: 35.00 CLT: 80 Volt: 14.90 AFR: 14.60 RPM: 720 VSS: 0 FuelP: 2.60 OilP: 2.40
Data Verified. Payload Length: 123
MAP: 34 IAT: 35.00 CLT: 80 Volt: 14.90 AFR: 14.60 RPM: 720 VSS: 0 FuelP: 2.60 OilP: 2.40
Data Verified. Payload Length: 123
MAP: 34 IAT: 35.00 CLT: 80 Volt: 14.90 AFR: 14.60 RPM: 718 VSS: 0 FuelP: 2.60 OilP: 2.40
Data Verified. Payload Length: 123
MAP: 34 IAT: 35.00 CLT: 80 Volt: 14.90 AFR: 14.60 RPM: 718 VSS: 0 FuelP: 2.60 OilP: 2.40
Data Verified. Payload Length: 123
MAP: 34 IAT: 35.00 CLT: 80 Volt: 14.90 AFR: 14.60 RPM: 709 VSS: 0 FuelP: 2.60 OilP: 2.40
Data Verified. Payload Length: 123
MAP: 35 IAT: 35.00 CLT: 80 Volt: 14.90 AFR: 14.60 RPM: 700 VSS: 0 FuelP: 2.60 OilP: 2.40
Data Verified. Payload Length: 123
MAP: 35 IAT: 35.00 CLT: 80 Volt: 14.90 AFR: 14.60 RPM: 694 VSS: 0 FuelP: 2.60 OilP: 2.40
Data Verified. Payload Length: 123
MAP: 35 IAT: 35.00 CLT: 80 Volt: 14.90 AFR: 14.60 RPM: 694 VSS: 0 FuelP: 2.60 OilP: 2.40
Data Verified. Payload Length: 123
MAP: 35 IAT: 35.00 CLT: 80 Volt: 14.90 AFR: 14.60 RPM: 693 VSS: 0 FuelP: 2.60 OilP: 2.40
Data Verified. Payload Length: 123
MAP: 35 IAT: 35.00 CLT: 80 Volt: 14.90 AFR: 14.60 RPM: 693 VSS: 0 FuelP: 2.60 OilP: 2.40
Data Verified. Payload Length: 123
MAP: 35 IAT: 35.00 CLT: 80 Volt: 14.90 AFR: 14.60 RPM: 690 VSS: 0 FuelP: 2.60 OilP: 2.40
Data Verified. Payload Length: 123
MAP: 35 IAT: 35.00 CLT: 80 Volt: 14.90 AFR: 14.60 RPM: 692 VSS: 0 FuelP: 2.60 OilP: 2.40
Data Verified. Payload Length: 123
MAP: 35 IAT: 35.00 CLT: 80 Volt: 15.00 AFR: 14.60 RPM: 692 VSS: 0 FuelP: 2.60 OilP: 2.40
Data Verified. Payload Length: 123
MAP: 35 IAT: 35.00 CLT: 80 Volt: 15.00 AFR: 14.60 RPM: 696 VSS: 0 FuelP: 2.60 OilP: 2.40
Data Verified. Payload Length: 123
MAP: 35 IAT: 35.00 CLT: 80 Volt: 15.00 AFR: 14.60 RPM: 696 VSS: 0 FuelP: 2.60 OilP: 2.40
Data Verified. Payload Length: 123
MAP: 36 IAT: 35.00 CLT: 80 Volt: 15.00 AFR: 14.60 RPM: 694 VSS: 0 FuelP: 2.60 OilP: 2.40
Data Verified. Payload Length: 123
MAP: 36 IAT: 35.00 CLT: 80 Volt: 15.00 AFR: 14.60 RPM: 690 VSS: 0 FuelP: 2.60 OilP: 2.40
Data Verified. Payload Length: 123
MAP: 36 IAT: 35.00 CLT: 80 Volt: 15.00 AFR: 14.60 RPM: 690 VSS: 0 FuelP: 2.60 OilP: 2.40
Data Verified. Payload Length: 123
MAP: 36 IAT: 35.00 CLT: 80 Volt: 15.00 AFR: 14.60 RPM: 690 VSS: 0 FuelP: 2.60 OilP: 2.40
Data Verified. Payload Length: 123
MAP: 36 IAT: 35.00 CLT: 80 Volt: 15.00 AFR: 14.60 RPM: 690 VSS: 0 FuelP: 2.60 OilP: 2.40
Data Verified. Payload Length: 123
MAP: 36 IAT: 35.00 CLT: 80 Volt: 15.00 AFR: 14.60 RPM: 690 VSS: 0 FuelP: 2.60 OilP: 2.40
Data Verified. Payload Length: 123
MAP: 36 IAT: 35.00 CLT: 80 Volt: 15.00 AFR: 14.60 RPM: 695 VSS: 0 FuelP: 2.60 OilP: 2.40
Data Verified. Payload Length: 123
MAP: 36 IAT: 35.00 CLT: 80 Volt: 15.00 AFR: 14.60 RPM: 699 VSS: 0 FuelP: 2.60 OilP: 2.40
Data Verified. Payload Length: 123
MAP: 36 IAT: 35.00 CLT: 80 Volt: 15.00 AFR: 14.60 RPM: 699 VSS: 0 FuelP: 2.60 OilP: 2.40
Data Verified. Payload Length: 123
MAP: 36 IAT: 35.00 CLT: 80 Volt: 15.00 AFR: 14.60 RPM: 705 VSS: 0 FuelP: 2.60 OilP: 2.40
Data Verified. Payload Length: 123
MAP: 36 IAT: 35.00 CLT: 80 Volt: 15.00 AFR: 14.60 RPM: 705 VSS: 0 FuelP: 2.60 OilP: 2.40
Data Verified. Payload Length: 123
MAP: 36 IAT: 35.00 CLT: 80 Volt: 15.00 AFR: 14.60 RPM: 707 VSS: 0 FuelP: 2.60 OilP: 2.40
Data Verified. Payload Length: 123
MAP: 35 IAT: 35.00 CLT: 80 Volt: 15.00 AFR: 14.60 RPM: 713 VSS: 0 FuelP: 2.60 OilP: 2.40
Data Verified. Payload Length: 123
MAP: 35 IAT: 35.00 CLT: 80 Volt: 15.00 AFR: 14.60 RPM: 716 VSS: 0 FuelP: 2.60 OilP: 2.40
Data Verified. Payload Length: 123
MAP: 35 IAT: 35.00 CLT: 80 Volt: 15.00 AFR: 14.60 RPM: 716 VSS: 0 FuelP: 2.60 OilP: 2.40
Data Verified. Payload Length: 123
MAP: 35 IAT: 35.00 CLT: 80 Volt: 15.00 AFR: 14.60 RPM: 721 VSS: 0 FuelP: 2.60 OilP: 2.40
Data Verified. Payload Length: 123
MAP: 35 IAT: 35.00 CLT: 80 Volt: 15.00 AFR: 14.60 RPM: 721 VSS: 0 FuelP: 2.60 OilP: 2.40
Data Verified. Payload Length: 123
MAP: 35 IAT: 35.00 CLT: 80 Volt: 15.00 AFR: 14.60 RPM: 721 VSS: 0 FuelP: 2.60 OilP: 2.40
Data Verified. Payload Length: 123
MAP: 35 IAT: 35.00 CLT: 80 Volt: 15.00 AFR: 14.60 RPM: 720 VSS: 0 FuelP: 2.60 OilP: 2.40
Data Verified. Payload Length: 123
MAP: 35 IAT: 35.00 CLT: 80 Volt: 15.00 AFR: 14.60 RPM: 714 VSS: 0 FuelP: 2.60 OilP: 2.40
Data Verified. Payload Length: 123
MAP: 35 IAT: 35.00 CLT: 80 Volt: 15.00 AFR: 14.60 RPM: 714 VSS: 0 FuelP: 2.60 OilP: 2.40
Data Verified. Payload Length: 123
MAP: 35 IAT: 35.00 CLT: 80 Volt: 14.90 AFR: 14.60 RPM: 712 VSS: 0 FuelP: 2.60 OilP: 2.40
Data Verified. Payload Length: 123
MAP: 35 IAT: 35.00 CLT: 80 Volt: 14.90 AFR: 14.60 RPM: 712 VSS: 0 FuelP: 2.60 OilP: 2.40
Data Verified. Payload Length: 123
MAP: 35 IAT: 35.00 CLT: 80 Volt: 14.90 AFR: 14.60 RPM: 704 VSS: 0 FuelP: 2.60 OilP: 2.40
Data Verified. Payload Length: 123
MAP: 35 IAT: 35.00 CLT: 80 Volt: 14.90 AFR: 14.60 RPM: 698 VSS: 0 FuelP: 2.60 OilP: 2.40
Data Verified. Payload Length: 123
MAP: 35 IAT: 35.00 CLT: 80 Volt: 15.00 AFR: 14.60 RPM: 698 VSS: 0 FuelP: 2.60 OilP: 2.40
Data Verified. Payload Length: 123
MAP: 35 IAT: 35.00 CLT: 80 Volt: 15.00 AFR: 14.60 RPM: 695 VSS: 0 FuelP: 2.60 OilP: 2.40
Data Verified. Payload Length: 123
MAP: 35 IAT: 35.00 CLT: 80 Volt: 15.00 AFR: 14.60 RPM: 695 VSS: 0 FuelP: 2.60 OilP: 2.40
Data Verified. Payload Length: 123
MAP: 35 IAT: 35.00 CLT: 80 Volt: 15.00 AFR: 14.60 RPM: 695 VSS: 0 FuelP: 2.60 OilP: 2.40
Data Verified. Payload Length: 123
MAP: 35 IAT: 35.00 CLT: 80 Volt: 15.00 AFR: 14.60 RPM: 696 VSS: 0 FuelP: 2.60 OilP: 2.40
Data Verified. Payload Length: 123
MAP: 36 IAT: 35.00 CLT: 80 Volt: 14.90 AFR: 14.60 RPM: 694 VSS: 0 FuelP: 2.60 OilP: 2.40
Data Verified. Payload Length: 123
MAP: 36 IAT: 35.00 CLT: 80 Volt: 14.90 AFR: 14.60 RPM: 694 VSS: 0 FuelP: 2.60 OilP: 2.40
Data Verified. Payload Length: 123
MAP: 36 IAT: 35.00 CLT: 80 Volt: 14.90 AFR: 14.60 RPM: 694 VSS: 0 FuelP: 2.60 OilP: 2.40
Data Verified. Payload Length: 123
MAP: 36 IAT: 35.00 CLT: 80 Volt: 14.90 AFR: 14.60 RPM: 695 VSS: 0 FuelP: 2.60 OilP: 2.40
Data Verified. Payload Length: 123
MAP: 36 IAT: 35.00 CLT: 80 Volt: 14.90 AFR: 14.60 RPM: 695 VSS: 0 FuelP: 2.60 OilP: 2.40
Data Verified. Payload Length: 123
MAP: 36 IAT: 35.00 CLT: 80 Volt: 14.90 AFR: 14.60 RPM: 701 VSS: 0 FuelP: 2.60 OilP: 2.40
Data Verified. Payload Length: 123
MAP: 36 IAT: 35.00 CLT: 80 Volt: 14.90 AFR: 14.60 RPM: 701 VSS: 0 FuelP: 2.60 OilP: 2.40
Data Verified. Payload Length: 123
MAP: 36 IAT: 35.00 CLT: 80 Volt: 14.90 AFR: 14.60 RPM: 708 VSS: 0 FuelP: 2.60 OilP: 2.40
Data Verified. Payload Length: 123
MAP: 36 IAT: 35.00 CLT: 80 Volt: 14.90 AFR: 14.60 RPM: 714 VSS: 0 FuelP: 2.60 OilP: 2.40
Data Verified. Payload Length: 123
MAP: 36 IAT: 35.00 CLT: 80 Volt: 14.90 AFR: 14.60 RPM: 714 VSS: 0 FuelP: 2.60 OilP: 2.40
Data Verified. Payload Length: 123
MAP: 36 IAT: 35.00 CLT: 80 Volt: 14.90 AFR: 14.60 RPM: 717 VSS: 0 FuelP: 2.60 OilP: 2.40
Data Verified. Payload Length: 123
MAP: 36 IAT: 35.00 CLT: 80 Volt: 14.90 AFR: 14.60 RPM: 715 VSS: 0 FuelP: 2.60 OilP: 2.40
Data Verified. Payload Length: 123
MAP: 36 IAT: 35.00 CLT: 80 Volt: 14.90 AFR: 14.60 RPM: 715 VSS: 0 FuelP: 2.60 OilP: 2.40
Data Verified. Payload Length: 123
MAP: 35 IAT: 35.00 CLT: 80 Volt: 14.90 AFR: 14.60 RPM: 721 VSS: 0 FuelP: 2.60 OilP: 2.40
Data Verified. Payload Length: 123
MAP: 35 IAT: 35.00 CLT: 80 Volt: 14.90 AFR: 14.60 RPM: 725 VSS: 0 FuelP: 2.60 OilP: 2.40
Data Verified. Payload Length: 123
MAP: 35 IAT: 35.00 CLT: 80 Volt: 14.90 AFR: 14.60 RPM: 725 VSS: 0 FuelP: 2.60 OilP: 2.40
Data Verified. Payload Length: 123
MAP: 35 IAT: 35.00 CLT: 80 Volt: 14.90 AFR: 14.60 RPM: 729 VSS: 0 FuelP: 2.60 OilP: 2.40
Data Verified. Payload Length: 123
MAP: 35 IAT: 35.00 CLT: 80 Volt: 14.90 AFR: 14.60 RPM: 724 VSS: 0 FuelP: 2.60 OilP: 2.40
Data Verified. Payload Length: 123
MAP: 35 IAT: 35.00 CLT: 80 Volt: 15.00 AFR: 14.60 RPM: 724 VSS: 0 FuelP: 2.60 OilP: 2.40
Data Verified. Payload Length: 123
MAP: 35 IAT: 35.00 CLT: 80 Volt: 15.00 AFR: 14.60 RPM: 724 VSS: 0 FuelP: 2.60 OilP: 2.40
Data Verified. Payload Length: 123
MAP: 35 IAT: 35.00 CLT: 80 Volt: 15.00 AFR: 14.60 RPM: 723 VSS: 0 FuelP: 2.60 OilP: 2.40
Data Verified. Payload Length: 123
MAP: 35 IAT: 35.00 CLT: 80 Volt: 15.00 AFR: 14.60 RPM: 725 VSS: 0 FuelP: 2.60 OilP: 2.40
Data Verified. Payload Length: 123
MAP: 35 IAT: 35.00 CLT: 80 Volt: 15.00 AFR: 14.60 RPM: 725 VSS: 0 FuelP: 2.60 OilP: 2.40
Data Verified. Payload Length: 123
MAP: 35 IAT: 35.00 CLT: 80 Volt: 15.00 AFR: 14.60 RPM: 724 VSS: 0 FuelP: 2.60 OilP: 2.40
Data Verified. Payload Length: 123
MAP: 35 IAT: 35.00 CLT: 80 Volt: 15.00 AFR: 14.60 RPM: 724 VSS: 0 FuelP: 2.60 OilP: 2.40
Data Verified. Payload Length: 123
MAP: 35 IAT: 35.00 CLT: 80 Volt: 15.00 AFR: 14.60 RPM: 722 VSS: 0 FuelP: 2.60 OilP: 2.40
Data Verified. Payload Length: 123
MAP: 35 IAT: 35.00 CLT: 80 Volt: 15.00 AFR: 14.60 RPM: 724 VSS: 0 FuelP: 2.60 OilP: 2.40
Data Verified. Payload Length: 123
MAP: 35 IAT: 35.00 CLT: 80 Volt: 15.00 AFR: 14.60 RPM: 725 VSS: 0 FuelP: 2.60 OilP: 2.40
Data Verified. Payload Length: 123
MAP: 35 IAT: 35.00 CLT: 80 Volt: 15.00 AFR: 14.60 RPM: 725 VSS: 0 FuelP: 2.60 OilP: 2.40
Data Verified. Payload Length: 123
MAP: 35 IAT: 35.00 CLT: 80 Volt: 15.00 AFR: 14.60 RPM: 719 VSS: 0 FuelP: 2.60 OilP: 2.40
Data Verified. Payload Length: 123
MAP: 35 IAT: 35.00 CLT: 80 Volt: 15.00 AFR: 14.60 RPM: 719 VSS: 0 FuelP: 2.60 OilP: 2.40
Data Verified. Payload Length: 123
MAP: 36 IAT: 35.00 CLT: 80 Volt: 15.00 AFR: 14.60 RPM: 721 VSS: 0 FuelP: 2.60 OilP: 2.40
Data Verified. Payload Length: 123
MAP: 36 IAT: 35.00 CLT: 80 Volt: 15.00 AFR: 14.60 RPM: 724 VSS: 0 FuelP: 2.60 OilP: 2.40
Data Verified. Payload Length: 123
MAP: 36 IAT: 35.00 CLT: 80 Volt: 15.00 AFR: 14.60 RPM: 724 VSS: 0 FuelP: 2.60 OilP: 2.40
Data Verified. Payload Length: 123
MAP: 37 IAT: 35.00 CLT: 80 Volt: 15.00 AFR: 14.60 RPM: 726 VSS: 0 FuelP: 2.60 OilP: 2.40
Data Verified. Payload Length: 123
MAP: 37 IAT: 35.00 CLT: 80 Volt: 15.00 AFR: 14.60 RPM: 726 VSS: 0 FuelP: 2.60 OilP: 2.40
Data Verified. Payload Length: 123
MAP: 37 IAT: 35.00 CLT: 80 Volt: 15.00 AFR: 14.60 RPM: 726 VSS: 0 FuelP: 2.60 OilP: 2.40
Data Verified. Payload Length: 123
MAP: 38 IAT: 35.00 CLT: 80 Volt: 14.90 AFR: 14.60 RPM: 729 VSS: 0 FuelP: 2.60 OilP: 2.40
Data Verified. Payload Length: 123
MAP: 38 IAT: 35.00 CLT: 80 Volt: 14.90 AFR: 14.60 RPM: 735 VSS: 0 FuelP: 2.60 OilP: 2.40
Data Verified. Payload Length: 123
MAP: 38 IAT: 35.00 CLT: 80 Volt: 14.90 AFR: 14.60 RPM: 735 VSS: 0 FuelP: 2.60 OilP: 2.40
Data Verified. Payload Length: 123
MAP: 40 IAT: 35.00 CLT: 80 Volt: 14.90 AFR: 14.60 RPM: 750 VSS: 0 FuelP: 2.60 OilP: 2.40
Data Verified. Payload Length: 123
MAP: 40 IAT: 35.00 CLT: 80 Volt: 15.00 AFR: 14.60 RPM: 764 VSS: 0 FuelP: 2.60 OilP: 2.40
Data Verified. Payload Length: 123
MAP: 40 IAT: 35.00 CLT: 80 Volt: 15.00 AFR: 14.60 RPM: 778 VSS: 0 FuelP: 2.60 OilP: 2.40
Data Verified. Payload Length: 123
MAP: 40 IAT: 35.00 CLT: 80 Volt: 15.00 AFR: 14.70 RPM: 778 VSS: 0 FuelP: 2.60 OilP: 2.40
Data Verified. Payload Length: 123
MAP: 40 IAT: 35.00 CLT: 80 Volt: 15.00 AFR: 14.70 RPM: 798 VSS: 0 FuelP: 2.60 OilP: 2.40
Data Verified. Payload Length: 123
MAP: 39 IAT: 35.00 CLT: 80 Volt: 15.00 AFR: 14.70 RPM: 819 VSS: 0 FuelP: 2.60 OilP: 2.40
Data Verified. Payload Length: 123
MAP: 39 IAT: 35.00 CLT: 80 Volt: 14.90 AFR: 14.70 RPM: 841 VSS: 0 FuelP: 2.60 OilP: 2.50
Data Verified. Payload Length: 123
MAP: 39 IAT: 35.00 CLT: 80 Volt: 14.90 AFR: 14.80 RPM: 841 VSS: 0 FuelP: 2.60 OilP: 2.50
Data Verified. Payload Length: 123
MAP: 38 IAT: 35.00 CLT: 80 Volt: 14.90 AFR: 15.00 RPM: 858 VSS: 0 FuelP: 2.60 OilP: 2.50
Data Verified. Payload Length: 123
MAP: 38 IAT: 35.00 CLT: 80 Volt: 14.90 AFR: 15.00 RPM: 875 VSS: 0 FuelP: 2.60 OilP: 2.50
Data Verified. Payload Length: 123
MAP: 37 IAT: 35.00 CLT: 80 Volt: 14.90 AFR: 15.10 RPM: 894 VSS: 0 FuelP: 2.60 OilP: 2.50
Data Verified. Payload Length: 123
MAP: 37 IAT: 35.00 CLT: 80 Volt: 14.90 AFR: 15.10 RPM: 910 VSS: 0 FuelP: 2.60 OilP: 2.70
Data Verified. Payload Length: 123
MAP: 37 IAT: 35.00 CLT: 80 Volt: 14.90 AFR: 15.50 RPM: 910 VSS: 0 FuelP: 2.60 OilP: 2.70
Data Verified. Payload Length: 123
MAP: 36 IAT: 35.00 CLT: 80 Volt: 14.90 AFR: 15.70 RPM: 925 VSS: 0 FuelP: 2.60 OilP: 2.70
Data Verified. Payload Length: 123
MAP: 36 IAT: 35.00 CLT: 80 Volt: 14.90 AFR: 15.70 RPM: 938 VSS: 0 FuelP: 2.60 OilP: 2.70
Data Verified. Payload Length: 123
MAP: 35 IAT: 35.00 CLT: 80 Volt: 14.90 AFR: 15.70 RPM: 951 VSS: 0 FuelP: 2.60 OilP: 2.70
Data Verified. Payload Length: 123
MAP: 35 IAT: 35.00 CLT: 80 Volt: 14.90 AFR: 15.70 RPM: 960 VSS: 0 FuelP: 2.60 OilP: 2.90
Data Verified. Payload Length: 123
MAP: 35 IAT: 35.00 CLT: 80 Volt: 14.90 AFR: 15.60 RPM: 960 VSS: 0 FuelP: 2.60 OilP: 2.90
Data Verified. Payload Length: 123
MAP: 34 IAT: 35.00 CLT: 80 Volt: 14.90 AFR: 15.50 RPM: 973 VSS: 0 FuelP: 2.60 OilP: 2.90
Data Verified. Payload Length: 123
MAP: 34 IAT: 35.00 CLT: 80 Volt: 14.90 AFR: 15.50 RPM: 984 VSS: 0 FuelP: 2.60 OilP: 2.90
Data Verified. Payload Length: 123
MAP: 34 IAT: 35.00 CLT: 80 Volt: 14.90 AFR: 15.50 RPM: 989 VSS: 0 FuelP: 2.60 OilP: 3.10
Data Verified. Payload Length: 123
MAP: 34 IAT: 35.00 CLT: 80 Volt: 14.90 AFR: 15.40 RPM: 989 VSS: 0 FuelP: 2.60 OilP: 3.10
Data Verified. Payload Length: 123
MAP: 33 IAT: 35.00 CLT: 80 Volt: 14.90 AFR: 15.40 RPM: 995 VSS: 0 FuelP: 2.60 OilP: 3.10
Data Verified. Payload Length: 123
MAP: 33 IAT: 35.00 CLT: 80 Volt: 14.90 AFR: 15.40 RPM: 1000 VSS: 0 FuelP: 2.60 OilP: 3.10
Data Verified. Payload Length: 123
MAP: 33 IAT: 35.00 CLT: 80 Volt: 14.90 AFR: 15.40 RPM: 1005 VSS: 0 FuelP: 2.60 OilP: 3.10
Data Verified. Payload Length: 123
MAP: 33 IAT: 35.00 CLT: 80 Volt: 14.90 AFR: 15.40 RPM: 996 VSS: 0 FuelP: 2.60 OilP: 3.20
Data Verified. Payload Length: 123
MAP: 33 IAT: 35.00 CLT: 80 Volt: 14.90 AFR: 15.40 RPM: 996 VSS: 0 FuelP: 2.60 OilP: 3.20
Data Verified. Payload Length: 123
MAP: 33 IAT: 35.00 CLT: 80 Volt: 14.90 AFR: 15.40 RPM: 973 VSS: 0 FuelP: 2.60 OilP: 3.20
Data Verified. Payload Length: 123
MAP: 33 IAT: 35.00 CLT: 80 Volt: 14.90 AFR: 15.40 RPM: 973 VSS: 0 FuelP: 2.60 OilP: 3.20
Data Verified. Payload Length: 123
MAP: 33 IAT: 35.00 CLT: 80 Volt: 15.00 AFR: 15.40 RPM: 962 VSS: 0 FuelP: 2.60 OilP: 3.20
Data Verified. Payload Length: 123
MAP: 33 IAT: 35.00 CLT: 80 Volt: 15.00 AFR: 15.40 RPM: 951 VSS: 0 FuelP: 2.60 OilP: 3.20
Data Verified. Payload Length: 123
MAP: 33 IAT: 35.00 CLT: 80 Volt: 15.00 AFR: 15.40 RPM: 940 VSS: 0 FuelP: 2.60 OilP: 3.20
Data Verified. Payload Length: 123
MAP: 33 IAT: 35.00 CLT: 80 Volt: 15.00 AFR: 15.40 RPM: 931 VSS: 0 FuelP: 2.60 OilP: 3.20
Data Verified. Payload Length: 123
MAP: 33 IAT: 35.00 CLT: 80 Volt: 15.00 AFR: 15.40 RPM: 931 VSS: 0 FuelP: 2.60 OilP: 3.20
Data Verified. Payload Length: 123
MAP: 33 IAT: 35.00 CLT: 80 Volt: 15.00 AFR: 15.40 RPM: 928 VSS: 0 FuelP: 2.60 OilP: 3.20
Data Verified. Payload Length: 123
MAP: 33 IAT: 35.00 CLT: 80 Volt: 15.00 AFR: 15.40 RPM: 919 VSS: 0 FuelP: 2.60 OilP: 3.20
Data Verified. Payload Length: 123
MAP: 33 IAT: 35.00 CLT: 80 Volt: 15.00 AFR: 15.40 RPM: 915 VSS: 0 FuelP: 2.60 OilP: 3.20
Data Verified. Payload Length: 123
MAP: 33 IAT: 35.00 CLT: 80 Volt: 15.00 AFR: 15.40 RPM: 915 VSS: 0 FuelP: 2.60 OilP: 3.20
Data Verified. Payload Length: 123
MAP: 33 IAT: 35.00 CLT: 80 Volt: 15.00 AFR: 15.40 RPM: 915 VSS: 0 FuelP: 2.60 OilP: 3.20
Data Verified. Payload Length: 123
MAP: 34 IAT: 35.00 CLT: 80 Volt: 14.90 AFR: 15.40 RPM: 917 VSS: 0 FuelP: 2.60 OilP: 3.20
Data Verified. Payload Length: 123
MAP: 34 IAT: 35.00 CLT: 80 Volt: 14.90 AFR: 15.40 RPM: 913 VSS: 0 FuelP: 2.60 OilP: 3.20
Data Verified. Payload Length: 123
MAP: 34 IAT: 35.00 CLT: 80 Volt: 14.90 AFR: 15.30 RPM: 914 VSS: 0 FuelP: 2.60 OilP: 3.20
Data Verified. Payload Length: 123
MAP: 34 IAT: 35.00 CLT: 80 Volt: 14.90 AFR: 15.40 RPM: 913 VSS: 0 FuelP: 2.60 OilP: 3.20
Data Verified. Payload Length: 123
MAP: 34 IAT: 35.00 CLT: 80 Volt: 14.90 AFR: 15.40 RPM: 918 VSS: 0 FuelP: 2.60 OilP: 3.20
Data Verified. Payload Length: 123
MAP: 34 IAT: 35.00 CLT: 80 Volt: 15.00 AFR: 15.40 RPM: 923 VSS: 0 FuelP: 2.60 OilP: 3.20
Data Verified. Payload Length: 123
MAP: 34 IAT: 35.00 CLT: 80 Volt: 15.00 AFR: 15.40 RPM: 923 VSS: 0 FuelP: 2.60 OilP: 3.20
Data Verified. Payload Length: 123
MAP: 33 IAT: 35.00 CLT: 80 Volt: 15.00 AFR: 15.40 RPM: 928 VSS: 0 FuelP: 2.60 OilP: 3.20
Data Verified. Payload Length: 123
MAP: 33 IAT: 35.00 CLT: 80 Volt: 15.00 AFR: 15.40 RPM: 929 VSS: 0 FuelP: 2.60 OilP: 3.20
Data Verified. Payload Length: 123
MAP: 33 IAT: 35.00 CLT: 80 Volt: 15.00 AFR: 15.40 RPM: 930 VSS: 0 FuelP: 2.60 OilP: 3.20
Data Verified. Payload Length: 123
MAP: 33 IAT: 35.00 CLT: 80 Volt: 15.00 AFR: 15.50 RPM: 929 VSS: 0 FuelP: 2.60 OilP: 3.20
Data Verified. Payload Length: 123
MAP: 33 IAT: 35.00 CLT: 80 Volt: 15.00 AFR: 15.50 RPM: 929 VSS: 0 FuelP: 2.60 OilP: 3.20
Data Verified. Payload Length: 123
MAP: 34 IAT: 35.00 CLT: 80 Volt: 15.00 AFR: 15.50 RPM: 933 VSS: 0 FuelP: 2.60 OilP: 3.20
Data Verified. Payload Length: 123
MAP: 34 IAT: 35.00 CLT: 80 Volt: 15.00 AFR: 15.50 RPM: 927 VSS: 0 FuelP: 2.60 OilP: 3.20
Data Verified. Payload Length: 123
MAP: 34 IAT: 35.00 CLT: 80 Volt: 15.00 AFR: 15.50 RPM: 927 VSS: 0 FuelP: 2.60 OilP: 3.20
Data Verified. Payload Length: 123
MAP: 34 IAT: 35.00 CLT: 80 Volt: 15.00 AFR: 15.50 RPM: 930 VSS: 0 FuelP: 2.60 OilP: 3.20
Data Verified. Payload Length: 123
MAP: 33 IAT: 35.00 CLT: 80 Volt: 15.00 AFR: 15.60 RPM: 934 VSS: 0 FuelP: 2.60 OilP: 3.20
Data Verified. Payload Length: 123
MAP: 33 IAT: 35.00 CLT: 80 Volt: 15.00 AFR: 15.60 RPM: 934 VSS: 0 FuelP: 2.60 OilP: 3.20
Data Verified. Payload Length: 123
MAP: 33 IAT: 35.00 CLT: 80 Volt: 15.00 AFR: 15.60 RPM: 937 VSS: 0 FuelP: 2.60 OilP: 3.20
Data Verified. Payload Length: 123
MAP: 32 IAT: 35.00 CLT: 80 Volt: 15.00 AFR: 15.60 RPM: 941 VSS: 0 FuelP: 2.60 OilP: 3.20
Data Verified. Payload Length: 123
MAP: 32 IAT: 35.00 CLT: 80 Volt: 15.00 AFR: 15.60 RPM: 940 VSS: 0 FuelP: 2.60 OilP: 3.20
Data Verified. Payload Length: 123
MAP: 30 IAT: 35.00 CLT: 80 Volt: 15.00 AFR: 15.60 RPM: 938 VSS: 0 FuelP: 2.60 OilP: 3.20
Data Verified. Payload Length: 123
MAP: 30 IAT: 35.00 CLT: 80 Volt: 15.00 AFR: 15.60 RPM: 931 VSS: 0 FuelP: 2.60 OilP: 3.20
Data Verified. Payload Length: 123
MAP: 30 IAT: 35.00 CLT: 80 Volt: 15.00 AFR: 15.60 RPM: 931 VSS: 0 FuelP: 2.60 OilP: 3.20
Data Verified. Payload Length: 123
MAP: 30 IAT: 35.00 CLT: 80 Volt: 15.00 AFR: 15.60 RPM: 924 VSS: 0 FuelP: 2.60 OilP: 3.20
Data Verified. Payload Length: 123
MAP: 30 IAT: 35.00 CLT: 80 Volt: 15.00 AFR: 15.60 RPM: 907 VSS: 0 FuelP: 2.60 OilP: 3.20
Data Verified. Payload Length: 123
MAP: 29 IAT: 35.00 CLT: 80 Volt: 15.00 AFR: 15.60 RPM: 898 VSS: 0 FuelP: 2.60 OilP: 3.20
Data Verified. Payload Length: 123
MAP: 29 IAT: 35.00 CLT: 80 Volt: 15.00 AFR: 15.70 RPM: 880 VSS: 0 FuelP: 2.60 OilP: 3.20
Data Verified. Payload Length: 123
MAP: 29 IAT: 35.00 CLT: 80 Volt: 15.00 AFR: 15.70 RPM: 880 VSS: 0 FuelP: 2.60 OilP: 3.20
Data Verified. Payload Length: 123
MAP: 29 IAT: 35.00 CLT: 80 Volt: 15.00 AFR: 15.80 RPM: 866 VSS: 0 FuelP: 2.60 OilP: 3.10
Data Verified. Payload Length: 123
MAP: 29 IAT: 35.00 CLT: 80 Volt: 15.00 AFR: 15.80 RPM: 846 VSS: 0 FuelP: 2.60 OilP: 3.10
Data Verified. Payload Length: 123
MAP: 30 IAT: 35.00 CLT: 80 Volt: 15.00 AFR: 15.80 RPM: 817 VSS: 0 FuelP: 2.60 OilP: 3.10
Data Verified. Payload Length: 123
MAP: 30 IAT: 35.00 CLT: 80 Volt: 15.00 AFR: 15.80 RPM: 817 VSS: 0 FuelP: 2.60 OilP: 3.10
Data Verified. Payload Length: 123
MAP: 30 IAT: 35.00 CLT: 80 Volt: 14.90 AFR: 15.90 RPM: 789 VSS: 0 FuelP: 2.60 OilP: 2.90
Data Verified. Payload Length: 123
MAP: 30 IAT: 35.00 CLT: 80 Volt: 14.90 AFR: 15.90 RPM: 768 VSS: 0 FuelP: 2.60 OilP: 2.90
Data Verified. Payload Length: 123
MAP: 30 IAT: 35.00 CLT: 80 Volt: 14.90 AFR: 15.70 RPM: 768 VSS: 0 FuelP: 2.60 OilP: 2.90
Data Verified. Payload Length: 123
MAP: 30 IAT: 35.00 CLT: 80 Volt: 14.90 AFR: 15.60 RPM: 738 VSS: 0 FuelP: 2.60 OilP: 2.90
Data Verified. Payload Length: 123
MAP: 32 IAT: 35.00 CLT: 80 Volt: 14.90 AFR: 15.60 RPM: 713 VSS: 0 FuelP: 2.60 OilP: 2.90
Data Verified. Payload Length: 123
MAP: 32 IAT: 35.00 CLT: 80 Volt: 14.90 AFR: 15.50 RPM: 713 VSS: 0 FuelP: 2.60 OilP: 2.70
Data Verified. Payload Length: 123
MAP: 32 IAT: 35.00 CLT: 80 Volt: 14.90 AFR: 15.40 RPM: 694 VSS: 0 FuelP: 2.60 OilP: 2.70
Data Verified. Payload Length: 123
MAP: 34 IAT: 35.00 CLT: 80 Volt: 14.90 AFR: 15.40 RPM: 674 VSS: 0 FuelP: 2.60 OilP: 2.70
Data Verified. Payload Length: 123
MAP: 34 IAT: 35.00 CLT: 80 Volt: 14.90 AFR: 15.40 RPM: 674 VSS: 0 FuelP: 2.60 OilP: 2.70
Data Verified. Payload Length: 123
MAP: 34 IAT: 35.00 CLT: 80 Volt: 14.90 AFR: 15.40 RPM: 663 VSS: 0 FuelP: 2.60 OilP: 2.70
Data Verified. Payload Length: 123
MAP: 34 IAT: 35.00 CLT: 80 Volt: 15.00 AFR: 15.40 RPM: 663 VSS: 0 FuelP: 2.60 OilP: 2.40
Data Verified. Payload Length: 123
MAP: 35 IAT: 35.00 CLT: 80 Volt: 15.00 AFR: 15.40 RPM: 659 VSS: 0 FuelP: 2.60 OilP: 2.40
Data Verified. Payload Length: 123
MAP: 35 IAT: 35.00 CLT: 80 Volt: 15.00 AFR: 15.40 RPM: 652 VSS: 0 FuelP: 2.60 OilP: 2.40
Data Verified. Payload Length: 123
MAP: 35 IAT: 35.00 CLT: 80 Volt: 15.00 AFR: 15.40 RPM: 652 VSS: 0 FuelP: 2.60 OilP: 2.40
Data Verified. Payload Length: 123
MAP: 37 IAT: 35.00 CLT: 80 Volt: 14.90 AFR: 15.40 RPM: 650 VSS: 0 FuelP: 2.60 OilP: 2.30
Data Verified. Payload Length: 123
MAP: 37 IAT: 35.00 CLT: 80 Volt: 14.90 AFR: 15.40 RPM: 650 VSS: 0 FuelP: 2.60 OilP: 2.30
Data Verified. Payload Length: 123
MAP: 37 IAT: 35.00 CLT: 80 Volt: 14.90 AFR: 15.40 RPM: 650 VSS: 0 FuelP: 2.60 OilP: 2.30
Data Verified. Payload Length: 123
MAP: 37 IAT: 35.00 CLT: 80 Volt: 14.90 AFR: 15.40 RPM: 659 VSS: 0 FuelP: 2.60 OilP: 2.30
Data Verified. Payload Length: 123
MAP: 37 IAT: 35.00 CLT: 80 Volt: 14.90 AFR: 15.40 RPM: 659 VSS: 0 FuelP: 2.60 OilP: 2.30
Data Verified. Payload Length: 123
MAP: 37 IAT: 35.00 CLT: 80 Volt: 14.90 AFR: 15.40 RPM: 671 VSS: 0 FuelP: 2.60 OilP: 2.30
Data Verified. Payload Length: 123
MAP: 38 IAT: 35.00 CLT: 80 Volt: 14.90 AFR: 15.20 RPM: 680 VSS: 0 FuelP: 2.60 OilP: 2.30
Data Verified. Payload Length: 123
MAP: 38 IAT: 35.00 CLT: 80 Volt: 14.90 AFR: 15.20 RPM: 680 VSS: 0 FuelP: 2.60 OilP: 2.30
Data Verified. Payload Length: 123
MAP: 38 IAT: 35.00 CLT: 80 Volt: 14.90 AFR: 15.10 RPM: 691 VSS: 0 FuelP: 2.60 OilP: 2.30
Data Verified. Payload Length: 123
MAP: 38 IAT: 35.00 CLT: 80 Volt: 15.00 AFR: 15.10 RPM: 691 VSS: 0 FuelP: 2.60 OilP: 2.30
Data Verified. Payload Length: 123
MAP: 37 IAT: 35.00 CLT: 80 Volt: 15.00 AFR: 15.10 RPM: 700 VSS: 0 FuelP: 2.60 OilP: 2.30
Data Verified. Payload Length: 123
MAP: 37 IAT: 35.00 CLT: 80 Volt: 15.00 AFR: 15.10 RPM: 713 VSS: 0 FuelP: 2.60 OilP: 2.30
Data Verified. Payload Length: 123
MAP: 37 IAT: 35.00 CLT: 80 Volt: 15.00 AFR: 15.10 RPM: 713 VSS: 0 FuelP: 2.60 OilP: 2.30
Data Verified. Payload Length: 123
MAP: 37 IAT: 35.00 CLT: 80 Volt: 15.00 AFR: 15.20 RPM: 724 VSS: 0 FuelP: 2.60 OilP: 2.30
Data Verified. Payload Length: 123
MAP: 37 IAT: 35.00 CLT: 80 Volt: 15.00 AFR: 15.30 RPM: 728 VSS: 0 FuelP: 2.60 OilP: 2.30
Data Verified. Payload Length: 123
MAP: 37 IAT: 35.00 CLT: 80 Volt: 15.00 AFR: 15.40 RPM: 728 VSS: 0 FuelP: 2.60 OilP: 2.30
Data Verified. Payload Length: 123
MAP: 36 IAT: 35.00 CLT: 80 Volt: 15.00 AFR: 15.40 RPM: 738 VSS: 0 FuelP: 2.60 OilP: 2.30
Data Verified. Payload Length: 123
MAP: 36 IAT: 35.00 CLT: 80 Volt: 15.00 AFR: 15.40 RPM: 745 VSS: 0 FuelP: 2.60 OilP: 2.30
Data Verified. Payload Length: 123
MAP: 36 IAT: 35.00 CLT: 80 Volt: 15.00 AFR: 15.40 RPM: 752 VSS: 0 FuelP: 2.60 OilP: 2.40
Data Verified. Payload Length: 123
MAP: 36 IAT: 35.00 CLT: 80 Volt: 15.00 AFR: 15.40 RPM: 752 VSS: 0 FuelP: 2.60 OilP: 2.40
Data Verified. Payload Length: 123
MAP: 36 IAT: 35.00 CLT: 80 Volt: 15.00 AFR: 15.40 RPM: 757 VSS: 0 FuelP: 2.60 OilP: 2.40
Data Verified. Payload Length: 123
MAP: 35 IAT: 35.00 CLT: 80 Volt: 15.00 AFR: 15.40 RPM: 761 VSS: 0 FuelP: 2.60 OilP: 2.40
Data Verified. Payload Length: 123
MAP: 35 IAT: 35.00 CLT: 80 Volt: 15.00 AFR: 15.40 RPM: 761 VSS: 0 FuelP: 2.60 OilP: 2.40
Data Verified. Payload Length: 123
MAP: 35 IAT: 35.00 CLT: 80 Volt: 15.00 AFR: 15.40 RPM: 764 VSS: 0 FuelP: 2.60 OilP: 2.40
Data Verified. Payload Length: 123
MAP: 35 IAT: 35.00 CLT: 80 Volt: 15.00 AFR: 15.40 RPM: 767 VSS: 0 FuelP: 2.60 OilP: 2.40
Data Verified. Payload Length: 123
MAP: 35 IAT: 35.00 CLT: 80 Volt: 15.00 AFR: 15.40 RPM: 767 VSS: 0 FuelP: 2.60 OilP: 2.40
Data Verified. Payload Length: 123
MAP: 35 IAT: 35.00 CLT: 80 Volt: 15.00 AFR: 15.40 RPM: 769 VSS: 0 FuelP: 2.60 OilP: 2.40
Data Verified. Payload Length: 123
MAP: 35 IAT: 35.00 CLT: 80 Volt: 15.00 AFR: 15.40 RPM: 766 VSS: 0 FuelP: 2.60 OilP: 2.40
Data Verified. Payload Length: 123
MAP: 35 IAT: 35.00 CLT: 80 Volt: 15.00 AFR: 15.30 RPM: 766 VSS: 0 FuelP: 2.60 OilP: 2.40
Data Verified. Payload Length: 123
MAP: 35 IAT: 35.00 CLT: 80 Volt: 15.00 AFR: 15.30 RPM: 766 VSS: 0 FuelP: 2.60 OilP: 2.40
Data Verified. Payload Length: 123
MAP: 36 IAT: 35.00 CLT: 80 Volt: 15.00 AFR: 15.30 RPM: 769 VSS: 0 FuelP: 2.60 OilP: 2.40
Data Verified. Payload Length: 123
MAP: 36 IAT: 35.00 CLT: 80 Volt: 15.00 AFR: 15.30 RPM: 767 VSS: 0 FuelP: 2.60 OilP: 2.40
Data Verified. Payload Length: 123
MAP: 36 IAT: 35.00 CLT: 80 Volt: 15.00 AFR: 15.30 RPM: 767 VSS: 0 FuelP: 2.60 OilP: 2.50
Data Verified. Payload Length: 123
MAP: 37 IAT: 35.00 CLT: 80 Volt: 15.00 AFR: 15.20 RPM: 775 VSS: 0 FuelP: 2.60 OilP: 2.50
Data Verified. Payload Length: 123
MAP: 37 IAT: 35.00 CLT: 80 Volt: 15.00 AFR: 15.10 RPM: 781 VSS: 0 FuelP: 2.60 OilP: 2.50
Data Verified. Payload Length: 123
MAP: 37 IAT: 35.00 CLT: 80 Volt: 15.00 AFR: 15.10 RPM: 781 VSS: 0 FuelP: 2.60 OilP: 2.50
Data Verified. Payload Length: 123
MAP: 39 IAT: 35.00 CLT: 80 Volt: 15.00 AFR: 15.10 RPM: 792 VSS: 0 FuelP: 2.60 OilP: 2.50
Data Verified. Payload Length: 123
MAP: 39 IAT: 35.00 CLT: 80 Volt: 15.00 AFR: 15.10 RPM: 795 VSS: 0 FuelP: 2.60 OilP: 2.50
Data Verified. Payload Length: 123
MAP: 38 IAT: 35.00 CLT: 80 Volt: 15.00 AFR: 15.10 RPM: 796 VSS: 0 FuelP: 2.60 OilP: 2.50
Data Verified. Payload Length: 123
MAP: 38 IAT: 35.00 CLT: 80 Volt: 15.00 AFR: 15.10 RPM: 796 VSS: 0 FuelP: 2.60 OilP: 2.50
Data Verified. Payload Length: 123
MAP: 38 IAT: 35.00 CLT: 80 Volt: 15.00 AFR: 15.10 RPM: 814 VSS: 0 FuelP: 2.60 OilP: 2.50
Data Verified. Payload Length: 123
MAP: 38 IAT: 35.00 CLT: 80 Volt: 15.00 AFR: 15.10 RPM: 833 VSS: 0 FuelP: 2.60 OilP: 2.50
Data Verified. Payload Length: 123
MAP: 38 IAT: 35.00 CLT: 80 Volt: 15.00 AFR: 15.10 RPM: 845 VSS: 0 FuelP: 2.60 OilP: 2.60
Data Verified. Payload Length: 123
MAP: 38 IAT: 35.00 CLT: 80 Volt: 15.00 AFR: 15.10 RPM: 845 VSS: 0 FuelP: 2.60 OilP: 2.60
Data Verified. Payload Length: 123
MAP: 37 IAT: 35.00 CLT: 80 Volt: 15.00 AFR: 15.10 RPM: 855 VSS: 0 FuelP: 2.60 OilP: 2.60
Data Verified. Payload Length: 123
MAP: 37 IAT: 35.00 CLT: 80 Volt: 15.00 AFR: 15.10 RPM: 871 VSS: 0 FuelP: 2.60 OilP: 2.60
Data Verified. Payload Length: 123
MAP: 37 IAT: 35.00 CLT: 80 Volt: 15.00 AFR: 15.10 RPM: 884 VSS: 0 FuelP: 2.60 OilP: 2.60
Data Verified. Payload Length: 123
MAP: 37 IAT: 35.00 CLT: 80 Volt: 15.00 AFR: 15.10 RPM: 894 VSS: 0 FuelP: 2.60 OilP: 2.70
Data Verified. Payload Length: 123
MAP: 37 IAT: 35.00 CLT: 80 Volt: 15.00 AFR: 15.30 RPM: 894 VSS: 0 FuelP: 2.60 OilP: 2.70
Data Verified. Payload Length: 123
MAP: 36 IAT: 35.00 CLT: 80 Volt: 15.00 AFR: 15.40 RPM: 906 VSS: 0 FuelP: 2.60 OilP: 2.70
Data Verified. Payload Length: 123
MAP: 36 IAT: 35.00 CLT: 80 Volt: 15.00 AFR: 15.40 RPM: 913 VSS: 0 FuelP: 2.60 OilP: 2.70
Data Verified. Payload Length: 123
MAP: 35 IAT: 35.00 CLT: 80 Volt: 15.00 AFR: 15.40 RPM: 928 VSS: 0 FuelP: 2.60 OilP: 2.80
Data Verified. Payload Length: 123
MAP: 35 IAT: 35.00 CLT: 80 Volt: 15.00 AFR: 15.40 RPM: 937 VSS: 0 FuelP: 2.60 OilP: 2.80
Data Verified. Payload Length: 123
MAP: 35 IAT: 35.00 CLT: 80 Volt: 15.00 AFR: 15.50 RPM: 937 VSS: 0 FuelP: 2.60 OilP: 2.80
Data Verified. Payload Length: 123
MAP: 35 IAT: 35.00 CLT: 80 Volt: 15.00 AFR: 15.50 RPM: 948 VSS: 0 FuelP: 2.60 OilP: 2.80
Data Verified. Payload Length: 123
MAP: 35 IAT: 35.00 CLT: 80 Volt: 15.00 AFR: 15.40 RPM: 951 VSS: 0 FuelP: 2.60 OilP: 2.80
Data Verified. Payload Length: 123
MAP: 34 IAT: 35.00 CLT: 80 Volt: 15.00 AFR: 15.40 RPM: 957 VSS: 0 FuelP: 2.60 OilP: 3.00
Data Verified. Payload Length: 123
MAP: 34 IAT: 35.00 CLT: 80 Volt: 15.00 AFR: 15.40 RPM: 965 VSS: 0 FuelP: 2.60 OilP: 3.00
Data Verified. Payload Length: 123
MAP: 34 IAT: 35.00 CLT: 80 Volt: 15.00 AFR: 15.30 RPM: 973 VSS: 0 FuelP: 2.60 OilP: 3.00
Data Verified. Payload Length: 123
MAP: 34 IAT: 35.00 CLT: 80 Volt: 15.00 AFR: 15.30 RPM: 979 VSS: 0 FuelP: 2.60 OilP: 3.00
Data Verified. Payload Length: 123
MAP: 34 IAT: 35.00 CLT: 80 Volt: 15.00 AFR: 15.30 RPM: 979 VSS: 0 FuelP: 2.60 OilP: 3.00
Data Verified. Payload Length: 123
MAP: 33 IAT: 35.00 CLT: 80 Volt: 15.00 AFR: 15.30 RPM: 983 VSS: 0 FuelP: 2.60 OilP: 3.20
Data Verified. Payload Length: 123
MAP: 33 IAT: 35.00 CLT: 80 Volt: 15.00 AFR: 15.30 RPM: 985 VSS: 0 FuelP: 2.60 OilP: 3.20
Data Verified. Payload Length: 123
MAP: 33 IAT: 35.00 CLT: 80 Volt: 15.00 AFR: 15.30 RPM: 989 VSS: 0 FuelP: 2.60 OilP: 3.20
Data Verified. Payload Length: 123
MAP: 33 IAT: 35.00 CLT: 80 Volt: 15.00 AFR: 15.30 RPM: 989 VSS: 0 FuelP: 2.60 OilP: 3.20
Data Verified. Payload Length: 123
MAP: 33 IAT: 35.00 CLT: 80 Volt: 15.00 AFR: 15.30 RPM: 991 VSS: 0 FuelP: 2.60 OilP: 3.20
Data Verified. Payload Length: 123
MAP: 33 IAT: 35.00 CLT: 80 Volt: 15.00 AFR: 15.20 RPM: 991 VSS: 0 FuelP: 2.60 OilP: 3.20
Data Verified. Payload Length: 123
MAP: 33 IAT: 35.00 CLT: 80 Volt: 15.00 AFR: 15.20 RPM: 991 VSS: 0 FuelP: 2.60 OilP: 3.20
Data Verified. Payload Length: 123
MAP: 33 IAT: 35.00 CLT: 80 Volt: 15.00 AFR: 15.20 RPM: 998 VSS: 0 FuelP: 2.60 OilP: 3.20
Data Verified. Payload Length: 123
MAP: 33 IAT: 35.00 CLT: 80 Volt: 15.00 AFR: 15.30 RPM: 998 VSS: 0 FuelP: 2.60 OilP: 3.20
Data Verified. Payload Length: 123
MAP: 33 IAT: 35.00 CLT: 80 Volt: 15.00 AFR: 15.30 RPM: 1003 VSS: 0 FuelP: 2.60 OilP: 3.30
Data Verified. Payload Length: 123
MAP: 33 IAT: 35.00 CLT: 80 Volt: 15.00 AFR: 15.30 RPM: 998 VSS: 0 FuelP: 2.60 OilP: 3.30
Data Verified. Payload Length: 123
MAP: 32 IAT: 35.00 CLT: 80 Volt: 15.00 AFR: 15.20 RPM: 994 VSS: 0 FuelP: 2.60 OilP: 3.30
Data Verified. Payload Length: 123
MAP: 32 IAT: 35.00 CLT: 80 Volt: 15.00 AFR: 15.30 RPM: 983 VSS: 0 FuelP: 2.60 OilP: 3.30
Data Verified. Payload Length: 123
MAP: 32 IAT: 35.00 CLT: 80 Volt: 15.00 AFR: 15.30 RPM: 975 VSS: 0 FuelP: 2.60 OilP: 3.30
Data Verified. Payload Length: 123
MAP: 32 IAT: 35.00 CLT: 80 Volt: 15.00 AFR: 15.30 RPM: 963 VSS: 0 FuelP: 2.60 OilP: 3.30
Data Verified. Payload Length: 123
MAP: 32 IAT: 35.00 CLT: 80 Volt: 15.00 AFR: 15.30 RPM: 950 VSS: 0 FuelP: 2.60 OilP: 3.30
Data Verified. Payload Length: 123
MAP: 32 IAT: 35.00 CLT: 80 Volt: 15.00 AFR: 15.30 RPM: 929 VSS: 0 FuelP: 2.60 OilP: 3.30
Data Verified. Payload Length: 123
MAP: 33 IAT: 35.00 CLT: 80 Volt: 15.00 AFR: 15.30 RPM: 915 VSS: 0 FuelP: 2.60 OilP: 3.30
Data Verified. Payload Length: 123
MAP: 33 IAT: 35.00 CLT: 80 Volt: 15.00 AFR: 15.30 RPM: 915 VSS: 0 FuelP: 2.60 OilP: 3.20
Data Verified. Payload Length: 123
MAP: 33 IAT: 35.00 CLT: 80 Volt: 15.00 AFR: 15.30 RPM: 898 VSS: 0 FuelP: 2.60 OilP: 3.20
Data Verified. Payload Length: 123
MAP: 34 IAT: 35.00 CLT: 80 Volt: 15.00 AFR: 15.30 RPM: 885 VSS: 0 FuelP: 2.60 OilP: 3.20
Data Verified. Payload Length: 123
MAP: 34 IAT: 35.00 CLT: 80 Volt: 15.00 AFR: 15.40 RPM: 880 VSS: 0 FuelP: 2.60 OilP: 3.20
Data Verified. Payload Length: 123
MAP: 34 IAT: 35.00 CLT: 80 Volt: 15.00 AFR: 15.40 RPM: 879 VSS: 0 FuelP: 2.60 OilP: 3.20
Data Verified. Payload Length: 123
MAP: 34 IAT: 35.00 CLT: 80 Volt: 15.00 AFR: 15.40 RPM: 883 VSS: 0 FuelP: 2.60 OilP: 3.10
Data Verified. Payload Length: 123
MAP: 34 IAT: 35.00 CLT: 80 Volt: 15.00 AFR: 15.40 RPM: 883 VSS: 0 FuelP: 2.60 OilP: 3.10
Data Verified. Payload Length: 123
MAP: 33 IAT: 35.00 CLT: 80 Volt: 15.00 AFR: 15.40 RPM: 889 VSS: 0 FuelP: 2.60 OilP: 3.10
Data Verified. Payload Length: 123
MAP: 33 IAT: 35.00 CLT: 80 Volt: 15.00 AFR: 15.40 RPM: 891 VSS: 0 FuelP: 2.60 OilP: 3.10
Data Verified. Payload Length: 123
MAP: 32 IAT: 35.00 CLT: 80 Volt: 15.00 AFR: 15.40 RPM: 892 VSS: 0 FuelP: 2.60 OilP: 3.10
Data Verified. Payload Length: 123
MAP: 32 IAT: 35.00 CLT: 80 Volt: 14.90 AFR: 15.40 RPM: 890 VSS: 0 FuelP: 2.60 OilP: 3.10
Data Verified. Payload Length: 123
MAP: 32 IAT: 35.00 CLT: 80 Volt: 14.90 AFR: 15.40 RPM: 890 VSS: 0 FuelP: 2.60 OilP: 3.10
Data Verified. Payload Length: 123
MAP: 31 IAT: 35.00 CLT: 80 Volt: 14.90 AFR: 15.40 RPM: 882 VSS: 0 FuelP: 2.60 OilP: 3.10
Data Verified. Payload Length: 123
MAP: 31 IAT: 35.00 CLT: 80 Volt: 14.90 AFR: 15.50 RPM: 863 VSS: 0 FuelP: 2.60 OilP: 3.10
Data Verified. Payload Length: 123
MAP: 31 IAT: 35.00 CLT: 80 Volt: 14.90 AFR: 15.60 RPM: 857 VSS: 0 FuelP: 2.60 OilP: 3.10
Data Verified. Payload Length: 123
MAP: 31 IAT: 35.00 CLT: 80 Volt: 14.90 AFR: 15.60 RPM: 857 VSS: 0 FuelP: 2.60 OilP: 3.10
Data Verified. Payload Length: 123
MAP: 31 IAT: 35.00 CLT: 80 Volt: 14.90 AFR: 15.60 RPM: 848 VSS: 0 FuelP: 2.60 OilP: 3.10
Data Verified. Payload Length: 123
MAP: 31 IAT: 35.00 CLT: 80 Volt: 14.90 AFR: 15.60 RPM: 837 VSS: 0 FuelP: 2.60 OilP: 3.10
Data Verified. Payload Length: 123
MAP: 31 IAT: 35.00 CLT: 80 Volt: 14.90 AFR: 15.60 RPM: 820 VSS: 0 FuelP: 2.60 OilP: 3.10
Data Verified. Payload Length: 123
MAP: 31 IAT: 35.00 CLT: 80 Volt: 15.00 AFR: 15.60 RPM: 820 VSS: 0 FuelP: 2.60 OilP: 2.90
Data Verified. Payload Length: 123
MAP: 31 IAT: 35.00 CLT: 80 Volt: 15.00 AFR: 15.60 RPM: 798 VSS: 0 FuelP: 2.60 OilP: 2.90
Data Verified. Payload Length: 123
MAP: 31 IAT: 35.00 CLT: 80 Volt: 15.00 AFR: 15.60 RPM: 778 VSS: 0 FuelP: 2.60 OilP: 2.90
Data Verified. Payload Length: 123
MAP: 32 IAT: 35.00 CLT: 80 Volt: 15.00 AFR: 15.60 RPM: 762 VSS: 0 FuelP: 2.60 OilP: 2.90
Data Verified. Payload Length: 123
MAP: 32 IAT: 35.00 CLT: 81 Volt: 15.00 AFR: 15.60 RPM: 762 VSS: 0 FuelP: 2.60 OilP: 2.70
Data Verified. Payload Length: 123
MAP: 32 IAT: 35.00 CLT: 81 Volt: 15.00 AFR: 15.60 RPM: 745 VSS: 0 FuelP: 2.60 OilP: 2.70
Data Verified. Payload Length: 123
MAP: 32 IAT: 35.00 CLT: 81 Volt: 15.00 AFR: 15.60 RPM: 731 VSS: 0 FuelP: 2.60 OilP: 2.70
Data Verified. Payload Length: 123
MAP: 32 IAT: 35.00 CLT: 81 Volt: 15.00 AFR: 15.60 RPM: 731 VSS: 0 FuelP: 2.60 OilP: 2.70
Data Verified. Payload Length: 123
MAP: 32 IAT: 35.00 CLT: 81 Volt: 15.00 AFR: 15.60 RPM: 713 VSS: 0 FuelP: 2.60 OilP: 2.70
Data Verified. Payload Length: 123
MAP: 33 IAT: 35.00 CLT: 81 Volt: 15.00 AFR: 15.60 RPM: 707 VSS: 0 FuelP: 2.60 OilP: 2.60
Data Verified. Payload Length: 123
MAP: 33 IAT: 35.00 CLT: 81 Volt: 15.00 AFR: 15.60 RPM: 707 VSS: 0 FuelP: 2.60 OilP: 2.60
Data Verified. Payload Length: 123
MAP: 33 IAT: 35.00 CLT: 81 Volt: 15.00 AFR: 15.50 RPM: 694 VSS: 0 FuelP: 2.60 OilP: 2.60
Data Verified. Payload Length: 123
MAP: 33 IAT: 35.00 CLT: 81 Volt: 15.00 AFR: 15.40 RPM: 694 VSS: 0 FuelP: 2.60 OilP: 2.60
Data Verified. Payload Length: 123
MAP: 35 IAT: 35.00 CLT: 81 Volt: 15.00 AFR: 15.30 RPM: 685 VSS: 0 FuelP: 2.60 OilP: 2.40
Data Verified. Payload Length: 123
MAP: 35 IAT: 35.00 CLT: 81 Volt: 15.00 AFR: 15.20 RPM: 674 VSS: 0 FuelP: 2.60 OilP: 2.40
Data Verified. Payload Length: 123
MAP: 35 IAT: 35.00 CLT: 81 Volt: 15.00 AFR: 15.10 RPM: 674 VSS: 0 FuelP: 2.60 OilP: 2.40
Data Verified. Payload Length: 123
MAP: 36 IAT: 35.00 CLT: 81 Volt: 15.00 AFR: 15.10 RPM: 671 VSS: 0 FuelP: 2.60 OilP: 2.40
Data Verified. Payload Length: 123
MAP: 36 IAT: 35.00 CLT: 81 Volt: 15.00 AFR: 15.10 RPM: 676 VSS: 0 FuelP: 2.60 OilP: 2.40
Data Verified. Payload Length: 123
MAP: 36 IAT: 35.00 CLT: 81 Volt: 14.90 AFR: 15.10 RPM: 676 VSS: 0 FuelP: 2.60 OilP: 2.30
Data Verified. Payload Length: 123
MAP: 36 IAT: 35.00 CLT: 81 Volt: 14.90 AFR: 15.10 RPM: 682 VSS: 0 FuelP: 2.60 OilP: 2.30
Data Verified. Payload Length: 123
MAP: 36 IAT: 35.00 CLT: 81 Volt: 14.90 AFR: 15.10 RPM: 682 VSS: 0 FuelP: 2.60 OilP: 2.30
Data Verified. Payload Length: 123
MAP: 36 IAT: 35.00 CLT: 81 Volt: 14.90 AFR: 15.10 RPM: 690 VSS: 0 FuelP: 2.60 OilP: 2.30
Data Verified. Payload Length: 123
MAP: 37 IAT: 35.00 CLT: 81 Volt: 14.90 AFR: 15.10 RPM: 697 VSS: 0 FuelP: 2.60 OilP: 2.30
Data Verified. Payload Length: 123
MAP: 37 IAT: 35.00 CLT: 81 Volt: 14.90 AFR: 15.10 RPM: 697 VSS: 0 FuelP: 2.60 OilP: 2.30
Data Verified. Payload Length: 123
MAP: 37 IAT: 35.00 CLT: 81 Volt: 14.90 AFR: 15.10 RPM: 704 VSS: 0 FuelP: 2.60 OilP: 2.30
Data Verified. Payload Length: 123
MAP: 36 IAT: 35.00 CLT: 81 Volt: 14.90 AFR: 15.10 RPM: 714 VSS: 0 FuelP: 2.60 OilP: 2.30
Data Verified. Payload Length: 123
MAP: 36 IAT: 35.00 CLT: 81 Volt: 14.90 AFR: 15.10 RPM: 714 VSS: 0 FuelP: 2.60 OilP: 2.30
Data Verified. Payload Length: 123
MAP: 36 IAT: 35.00 CLT: 81 Volt: 14.90 AFR: 15.10 RPM: 721 VSS: 0 FuelP: 2.60 OilP: 2.30
Data Verified. Payload Length: 123
MAP: 36 IAT: 35.00 CLT: 81 Volt: 14.90 AFR: 15.10 RPM: 721 VSS: 0 FuelP: 2.60 OilP: 2.30
Data Verified. Payload Length: 123
MAP: 36 IAT: 35.00 CLT: 81 Volt: 14.90 AFR: 15.10 RPM: 727 VSS: 0 FuelP: 2.60 OilP: 2.30
Data Verified. Payload Length: 123
MAP: 36 IAT: 35.00 CLT: 81 Volt: 14.90 AFR: 15.10 RPM: 733 VSS: 0 FuelP: 2.60 OilP: 2.30
Data Verified. Payload Length: 123
MAP: 36 IAT: 35.00 CLT: 81 Volt: 14.90 AFR: 15.10 RPM: 733 VSS: 0 FuelP: 2.60 OilP: 2.30
Data Verified. Payload Length: 123
MAP: 36 IAT: 35.00 CLT: 81 Volt: 14.90 AFR: 15.10 RPM: 736 VSS: 0 FuelP: 2.60 OilP: 2.30
Data Verified. Payload Length: 123
MAP: 36 IAT: 35.00 CLT: 81 Volt: 14.90 AFR: 15.10 RPM: 741 VSS: 0 FuelP: 2.60 OilP: 2.30
Data Verified. Payload Length: 123
MAP: 36 IAT: 35.00 CLT: 81 Volt: 14.90 AFR: 15.10 RPM: 741 VSS: 0 FuelP: 2.60 OilP: 2.30
Data Verified. Payload Length: 123
MAP: 35 IAT: 35.00 CLT: 81 Volt: 14.90 AFR: 15.10 RPM: 743 VSS: 0 FuelP: 2.60 OilP: 2.30
Data Verified. Payload Length: 123
MAP: 35 IAT: 35.00 CLT: 81 Volt: 14.90 AFR: 15.10 RPM: 748 VSS: 0 FuelP: 2.60 OilP: 2.30
Data Verified. Payload Length: 123
MAP: 35 IAT: 35.00 CLT: 81 Volt: 15.00 AFR: 15.10 RPM: 748 VSS: 0 FuelP: 2.60 OilP: 2.40
Data Verified. Payload Length: 123
MAP: 35 IAT: 35.00 CLT: 81 Volt: 15.00 AFR: 15.00 RPM: 752 VSS: 0 FuelP: 2.60 OilP: 2.40
Data Verified. Payload Length: 123
MAP: 35 IAT: 35.00 CLT: 81 Volt: 15.00 AFR: 15.00 RPM: 757 VSS: 0 FuelP: 2.60 OilP: 2.40
Data Verified. Payload Length: 123
MAP: 35 IAT: 35.00 CLT: 81 Volt: 15.00 AFR: 15.00 RPM: 757 VSS: 0 FuelP: 2.60 OilP: 2.40
Data Verified. Payload Length: 123
MAP: 35 IAT: 35.00 CLT: 81 Volt: 15.00 AFR: 15.00 RPM: 759 VSS: 0 FuelP: 2.60 OilP: 2.40
Data Verified. Payload Length: 123
MAP: 35 IAT: 35.00 CLT: 81 Volt: 15.00 AFR: 15.00 RPM: 760 VSS: 0 FuelP: 2.60 OilP: 2.40
Data Verified. Payload Length: 123
MAP: 35 IAT: 35.00 CLT: 81 Volt: 15.00 AFR: 15.00 RPM: 760 VSS: 0 FuelP: 2.60 OilP: 2.40
Data Verified. Payload Length: 123
MAP: 35 IAT: 35.00 CLT: 81 Volt: 15.00 AFR: 15.00 RPM: 760 VSS: 0 FuelP: 2.60 OilP: 2.40
Data Verified. Payload Length: 123
MAP: 35 IAT: 35.00 CLT: 81 Volt: 15.00 AFR: 15.00 RPM: 761 VSS: 0 FuelP: 2.60 OilP: 2.40
Data Verified. Payload Length: 123
MAP: 35 IAT: 35.00 CLT: 81 Volt: 15.00 AFR: 15.00 RPM: 761 VSS: 0 FuelP: 2.60 OilP: 2.40
Data Verified. Payload Length: 123
MAP: 36 IAT: 35.00 CLT: 81 Volt: 15.00 AFR: 15.00 RPM: 765 VSS: 0 FuelP: 2.60 OilP: 2.40
Data Verified. Payload Length: 123
MAP: 36 IAT: 35.00 CLT: 81 Volt: 15.00 AFR: 15.00 RPM: 765 VSS: 0 FuelP: 2.60 OilP: 2.40
Data Verified. Payload Length: 123
MAP: 38 IAT: 35.00 CLT: 81 Volt: 15.00 AFR: 15.00 RPM: 768 VSS: 0 FuelP: 2.60 OilP: 2.40
Data Verified. Payload Length: 123
MAP: 38 IAT: 35.00 CLT: 81 Volt: 15.00 AFR: 15.00 RPM: 768 VSS: 0 FuelP: 2.60 OilP: 2.40
Data Verified. Payload Length: 123
MAP: 38 IAT: 35.00 CLT: 81 Volt: 15.00 AFR: 15.00 RPM: 768 VSS: 0 FuelP: 2.60 OilP: 2.40
Data Verified. Payload Length: 123
MAP: 39 IAT: 35.00 CLT: 81 Volt: 15.00 AFR: 15.00 RPM: 772 VSS: 0 FuelP: 2.60 OilP: 2.40
Data Verified. Payload Length: 123
MAP: 39 IAT: 35.00 CLT: 81 Volt: 15.00 AFR: 15.00 RPM: 772 VSS: 0 FuelP: 2.60 OilP: 2.40
Data Verified. Payload Length: 123
MAP: 39 IAT: 35.00 CLT: 81 Volt: 15.00 AFR: 15.00 RPM: 786 VSS: 0 FuelP: 2.60 OilP: 2.40
Data Verified. Payload Length: 123
MAP: 38 IAT: 35.00 CLT: 81 Volt: 15.00 AFR: 15.00 RPM: 801 VSS: 0 FuelP: 2.60 OilP: 2.40
Data Verified. Payload Length: 123
MAP: 38 IAT: 35.00 CLT: 81 Volt: 15.00 AFR: 15.00 RPM: 818 VSS: 0 FuelP: 2.60 OilP: 2.50
Data Verified. Payload Length: 123
MAP: 38 IAT: 35.00 CLT: 81 Volt: 15.00 AFR: 15.00 RPM: 818 VSS: 0 FuelP: 2.60 OilP: 2.50
Data Verified. Payload Length: 123
MAP: 38 IAT: 35.00 CLT: 81 Volt: 15.00 AFR: 15.10 RPM: 835 VSS: 0 FuelP: 2.60 OilP: 2.50
Data Verified. Payload Length: 123
MAP: 38 IAT: 35.00 CLT: 81 Volt: 15.00 AFR: 15.10 RPM: 850 VSS: 0 FuelP: 2.60 OilP: 2.50
Data Verified. Payload Length: 123
MAP: 37 IAT: 35.00 CLT: 81 Volt: 15.00 AFR: 15.10 RPM: 865 VSS: 0 FuelP: 2.60 OilP: 2.50
Data Verified. Payload Length: 123
MAP: 37 IAT: 35.00 CLT: 81 Volt: 15.00 AFR: 15.10 RPM: 880 VSS: 0 FuelP: 2.60 OilP: 2.70
Data Verified. Payload Length: 123
MAP: 37 IAT: 35.00 CLT: 81 Volt: 15.00 AFR: 15.20 RPM: 880 VSS: 0 FuelP: 2.60 OilP: 2.70
Data Verified. Payload Length: 123
MAP: 37 IAT: 35.00 CLT: 81 Volt: 15.00 AFR: 15.20 RPM: 894 VSS: 0 FuelP: 2.60 OilP: 2.70
Data Verified. Payload Length: 123
MAP: 37 IAT: 35.00 CLT: 81 Volt: 15.00 AFR: 15.60 RPM: 905 VSS: 0 FuelP: 2.60 OilP: 2.70
Data Verified. Payload Length: 123
MAP: 36 IAT: 35.00 CLT: 81 Volt: 15.00 AFR: 15.60 RPM: 917 VSS: 0 FuelP: 2.60 OilP: 2.70
Data Verified. Payload Length: 123
MAP: 36 IAT: 35.00 CLT: 81 Volt: 15.00 AFR: 15.60 RPM: 928 VSS: 0 FuelP: 2.60 OilP: 2.80
Data Verified. Payload Length: 123
MAP: 36 IAT: 35.00 CLT: 81 Volt: 15.00 AFR: 15.60 RPM: 928 VSS: 0 FuelP: 2.60 OilP: 2.80
Data Verified. Payload Length: 123
MAP: 35 IAT: 35.00 CLT: 81 Volt: 15.00 AFR: 15.60 RPM: 935 VSS: 0 FuelP: 2.60 OilP: 2.80
Data Verified. Payload Length: 123
MAP: 35 IAT: 35.00 CLT: 81 Volt: 15.00 AFR: 15.60 RPM: 945 VSS: 0 FuelP: 2.60 OilP: 2.80
Data Verified. Payload Length: 123
MAP: 35 IAT: 35.00 CLT: 81 Volt: 15.00 AFR: 15.60 RPM: 956 VSS: 0 FuelP: 2.60 OilP: 3.00
Data Verified. Payload Length: 123
MAP: 35 IAT: 35.00 CLT: 81 Volt: 15.00 AFR: 15.60 RPM: 960 VSS: 0 FuelP: 2.60 OilP: 3.00
Data Verified. Payload Length: 123
MAP: 34 IAT: 35.00 CLT: 81 Volt: 15.00 AFR: 15.60 RPM: 967 VSS: 0 FuelP: 2.60 OilP: 3.00
Data Verified. Payload Length: 123
MAP: 34 IAT: 35.00 CLT: 81 Volt: 15.00 AFR: 15.60 RPM: 967 VSS: 0 FuelP: 2.60 OilP: 3.00
Data Verified. Payload Length: 123
MAP: 33 IAT: 35.00 CLT: 81 Volt: 15.00 AFR: 15.40 RPM: 983 VSS: 0 FuelP: 2.60 OilP: 3.00
Data Verified. Payload Length: 123
MAP: 33 IAT: 35.00 CLT: 81 Volt: 15.00 AFR: 15.40 RPM: 983 VSS: 0 FuelP: 2.60 OilP: 3.10
Data Verified. Payload Length: 123
MAP: 33 IAT: 35.00 CLT: 81 Volt: 15.00 AFR: 15.40 RPM: 986 VSS: 0 FuelP: 2.60 OilP: 3.10
Data Verified. Payload Length: 123
MAP: 33 IAT: 35.00 CLT: 81 Volt: 15.00 AFR: 15.40 RPM: 988 VSS: 0 FuelP: 2.60 OilP: 3.10
Data Verified. Payload Length: 123
MAP: 33 IAT: 35.00 CLT: 81 Volt: 15.00 AFR: 15.40 RPM: 990 VSS: 0 FuelP: 2.60 OilP: 3.10
Data Verified. Payload Length: 123
MAP: 33 IAT: 35.00 CLT: 81 Volt: 15.00 AFR: 15.40 RPM: 994 VSS: 0 FuelP: 2.60 OilP: 3.10
Data Verified. Payload Length: 123
MAP: 33 IAT: 35.00 CLT: 81 Volt: 15.00 AFR: 15.40 RPM: 996 VSS: 0 FuelP: 2.60 OilP: 3.20
Data Verified. Payload Length: 123
MAP: 33 IAT: 35.00 CLT: 81 Volt: 15.00 AFR: 15.40 RPM: 999 VSS: 0 FuelP: 2.60 OilP: 3.20
Data Verified. Payload Length: 123
MAP: 33 IAT: 35.00 CLT: 81 Volt: 15.00 AFR: 15.40 RPM: 997 VSS: 0 FuelP: 2.60 OilP: 3.20
Data Verified. Payload Length: 123
MAP: 33 IAT: 35.00 CLT: 81 Volt: 15.00 AFR: 15.40 RPM: 997 VSS: 0 FuelP: 2.60 OilP: 3.20
Data Verified. Payload Length: 123
MAP: 33 IAT: 35.00 CLT: 81 Volt: 15.00 AFR: 15.40 RPM: 998 VSS: 0 FuelP: 2.60 OilP: 3.20
Data Verified. Payload Length: 123
MAP: 33 IAT: 35.00 CLT: 81 Volt: 15.00 AFR: 15.40 RPM: 1000 VSS: 0 FuelP: 2.60 OilP: 3.20
Data Verified. Payload Length: 123
MAP: 32 IAT: 35.00 CLT: 81 Volt: 15.00 AFR: 15.40 RPM: 998 VSS: 0 FuelP: 2.60 OilP: 3.20
Data Verified. Payload Length: 123
MAP: 32 IAT: 35.00 CLT: 81 Volt: 15.00 AFR: 15.40 RPM: 988 VSS: 0 FuelP: 2.60 OilP: 3.20
Data Verified. Payload Length: 123
MAP: 32 IAT: 35.00 CLT: 81 Volt: 15.00 AFR: 15.40 RPM: 977 VSS: 0 FuelP: 2.60 OilP: 3.20
Data Verified. Payload Length: 123
MAP: 32 IAT: 35.00 CLT: 81 Volt: 14.90 AFR: 15.40 RPM: 965 VSS: 0 FuelP: 2.60 OilP: 3.20
Data Verified. Payload Length: 123
MAP: 32 IAT: 35.00 CLT: 81 Volt: 14.90 AFR: 15.40 RPM: 956 VSS: 0 FuelP: 2.60 OilP: 3.20
Data Verified. Payload Length: 123
MAP: 32 IAT: 35.00 CLT: 81 Volt: 14.90 AFR: 15.40 RPM: 944 VSS: 0 FuelP: 2.60 OilP: 3.20
Data Verified. Payload Length: 123
MAP: 33 IAT: 35.00 CLT: 81 Volt: 14.90 AFR: 15.40 RPM: 939 VSS: 0 FuelP: 2.60 OilP: 3.20
Data Verified. Payload Length: 123
MAP: 33 IAT: 35.00 CLT: 81 Volt: 15.00 AFR: 15.40 RPM: 932 VSS: 0 FuelP: 2.60 OilP: 3.20
Data Verified. Payload Length: 123
MAP: 33 IAT: 35.00 CLT: 81 Volt: 15.00 AFR: 15.40 RPM: 932 VSS: 0 FuelP: 2.60 OilP: 3.20
Data Verified. Payload Length: 123
MAP: 33 IAT: 35.00 CLT: 81 Volt: 15.00 AFR: 15.40 RPM: 927 VSS: 0 FuelP: 2.60 OilP: 3.20
Data Verified. Payload Length: 123
MAP: 33 IAT: 35.00 CLT: 81 Volt: 15.00 AFR: 15.40 RPM: 924 VSS: 0 FuelP: 2.60 OilP: 3.20
Data Verified. Payload Length: 123
MAP: 32 IAT: 35.00 CLT: 81 Volt: 15.00 AFR: 15.40 RPM: 924 VSS: 0 FuelP: 2.60 OilP: 3.20
Data Verified. Payload Length: 123
MAP: 32 IAT: 35.00 CLT: 81 Volt: 15.00 AFR: 15.40 RPM: 925 VSS: 0 FuelP: 2.60 OilP: 3.10
Data Verified. Payload Length: 123
MAP: 32 IAT: 35.00 CLT: 81 Volt: 15.00 AFR: 15.40 RPM: 923 VSS: 0 FuelP: 2.60 OilP: 3.10
Data Verified. Payload Length: 123
MAP: 31 IAT: 35.00 CLT: 81 Volt: 15.00 AFR: 15.40 RPM: 923 VSS: 0 FuelP: 2.60 OilP: 3.10
Data Verified. Payload Length: 123
MAP: 31 IAT: 35.00 CLT: 81 Volt: 15.00 AFR: 15.40 RPM: 918 VSS: 0 FuelP: 2.60 OilP: 3.10
Data Verified. Payload Length: 123
MAP: 30 IAT: 35.00 CLT: 81 Volt: 15.00 AFR: 15.70 RPM: 915 VSS: 0 FuelP: 2.60 OilP: 3.10
Data Verified. Payload Length: 123
MAP: 30 IAT: 35.00 CLT: 81 Volt: 14.90 AFR: 15.70 RPM: 911 VSS: 0 FuelP: 2.60 OilP: 3.10
Data Verified. Payload Length: 123
MAP: 30 IAT: 35.00 CLT: 81 Volt: 14.90 AFR: 15.70 RPM: 902 VSS: 0 FuelP: 2.60 OilP: 3.10
Data Verified. Payload Length: 123
MAP: 30 IAT: 35.00 CLT: 81 Volt: 14.90 AFR: 15.70 RPM: 886 VSS: 0 FuelP: 2.60 OilP: 3.10
Data Verified. Payload Length: 123
MAP: 30 IAT: 35.00 CLT: 81 Volt: 14.90 AFR: 15.70 RPM: 886 VSS: 0 FuelP: 2.60 OilP: 3.10
Data Verified. Payload Length: 123
MAP: 29 IAT: 35.00 CLT: 81 Volt: 14.90 AFR: 15.80 RPM: 873 VSS: 0 FuelP: 2.60 OilP: 3.10
Data Verified. Payload Length: 123
MAP: 29 IAT: 35.00 CLT: 81 Volt: 14.80 AFR: 16.10 RPM: 860 VSS: 0 FuelP: 2.60 OilP: 3.00
Data Verified. Payload Length: 123
MAP: 29 IAT: 35.00 CLT: 81 Volt: 14.80 AFR: 16.20 RPM: 860 VSS: 0 FuelP: 2.60 OilP: 3.00
Data Verified. Payload Length: 123
MAP: 30 IAT: 35.00 CLT: 81 Volt: 14.80 AFR: 16.20 RPM: 841 VSS: 0 FuelP: 2.60 OilP: 3.00
Data Verified. Payload Length: 123
MAP: 30 IAT: 35.00 CLT: 81 Volt: 14.80 AFR: 16.20 RPM: 816 VSS: 0 FuelP: 2.60 OilP: 3.00
Data Verified. Payload Length: 123
MAP: 30 IAT: 35.00 CLT: 81 Volt: 14.80 AFR: 16.20 RPM: 796 VSS: 0 FuelP: 2.60 OilP: 2.90
Data Verified. Payload Length: 123
MAP: 30 IAT: 35.00 CLT: 81 Volt: 14.80 AFR: 16.20 RPM: 796 VSS: 0 FuelP: 2.60 OilP: 2.90
Data Verified. Payload Length: 123
MAP: 30 IAT: 35.00 CLT: 81 Volt: 14.80 AFR: 15.90 RPM: 770 VSS: 0 FuelP: 2.60 OilP: 2.90
Data Verified. Payload Length: 123
MAP: 31 IAT: 35.00 CLT: 81 Volt: 14.80 AFR: 15.90 RPM: 752 VSS: 0 FuelP: 2.60 OilP: 2.90
Data Verified. Payload Length: 123
MAP: 31 IAT: 35.00 CLT: 81 Volt: 14.80 AFR: 15.90 RPM: 752 VSS: 0 FuelP: 2.60 OilP: 2.90
Data Verified. Payload Length: 123
MAP: 31 IAT: 35.00 CLT: 81 Volt: 14.90 AFR: 15.60 RPM: 730 VSS: 0 FuelP: 2.60 OilP: 2.70
Data Verified. Payload Length: 123
MAP: 33 IAT: 35.00 CLT: 81 Volt: 14.90 AFR: 15.60 RPM: 708 VSS: 0 FuelP: 2.60 OilP: 2.70
Data Verified. Payload Length: 123
MAP: 33 IAT: 35.00 CLT: 81 Volt: 14.90 AFR: 15.60 RPM: 708 VSS: 0 FuelP: 2.60 OilP: 2.70
Data Verified. Payload Length: 123
MAP: 33 IAT: 35.00 CLT: 81 Volt: 14.90 AFR: 15.60 RPM: 689 VSS: 0 FuelP: 2.60 OilP: 2.70
Data Verified. Payload Length: 123
MAP: 33 IAT: 35.00 CLT: 81 Volt: 14.90 AFR: 15.60 RPM: 689 VSS: 0 FuelP: 2.60 OilP: 2.70
Data Verified. Payload Length: 123
MAP: 34 IAT: 35.00 CLT: 81 Volt: 14.90 AFR: 15.40 RPM: 682 VSS: 0 FuelP: 2.60 OilP: 2.50
Data Verified. Payload Length: 123
MAP: 34 IAT: 35.00 CLT: 81 Volt: 14.90 AFR: 15.40 RPM: 676 VSS: 0 FuelP: 2.60 OilP: 2.50
Data Verified. Payload Length: 123
MAP: 34 IAT: 35.00 CLT: 81 Volt: 14.90 AFR: 15.40 RPM: 676 VSS: 0 FuelP: 2.60 OilP: 2.50
Data Verified. Payload Length: 123
MAP: 36 IAT: 35.00 CLT: 81 Volt: 14.90 AFR: 15.40 RPM: 669 VSS: 0 FuelP: 2.60 OilP: 2.50
Data Verified. Payload Length: 123
MAP: 36 IAT: 35.00 CLT: 81 Volt: 14.90 AFR: 15.40 RPM: 669 VSS: 0 FuelP: 2.60 OilP: 2.40
Data Verified. Payload Length: 123
MAP: 36 IAT: 35.00 CLT: 81 Volt: 14.90 AFR: 15.40 RPM: 665 VSS: 0 FuelP: 2.60 OilP: 2.40
Data Verified. Payload Length: 123
MAP: 37 IAT: 35.00 CLT: 81 Volt: 14.90 AFR: 15.40 RPM: 670 VSS: 0 FuelP: 2.60 OilP: 2.40
Data Verified. Payload Length: 123
MAP: 37 IAT: 35.00 CLT: 81 Volt: 14.90 AFR: 15.40 RPM: 670 VSS: 0 FuelP: 2.60 OilP: 2.40
Data Verified. Payload Length: 123
MAP: 37 IAT: 35.00 CLT: 81 Volt: 14.90 AFR: 15.40 RPM: 675 VSS: 0 FuelP: 2.60 OilP: 2.40
Data Verified. Payload Length: 123
MAP: 37 IAT: 35.00 CLT: 81 Volt: 15.00 AFR: 15.40 RPM: 685 VSS: 0 FuelP: 2.60 OilP: 2.30
Data Verified. Payload Length: 123
MAP: 37 IAT: 35.00 CLT: 81 Volt: 15.00 AFR: 15.10 RPM: 685 VSS: 0 FuelP: 2.60 OilP: 2.30
Data Verified. Payload Length: 123
MAP: 37 IAT: 35.00 CLT: 81 Volt: 15.00 AFR: 15.10 RPM: 690 VSS: 0 FuelP: 2.60 OilP: 2.30
Data Verified. Payload Length: 123
MAP: 37 IAT: 35.00 CLT: 81 Volt: 15.00 AFR: 15.10 RPM: 702 VSS: 0 FuelP: 2.60 OilP: 2.30
Data Verified. Payload Length: 123
MAP: 37 IAT: 35.00 CLT: 81 Volt: 15.00 AFR: 15.10 RPM: 702 VSS: 0 FuelP: 2.60 OilP: 2.30
Data Verified. Payload Length: 123
MAP: 37 IAT: 35.00 CLT: 81 Volt: 15.00 AFR: 15.20 RPM: 713 VSS: 0 FuelP: 2.60 OilP: 2.30
Data Verified. Payload Length: 123
MAP: 37 IAT: 35.00 CLT: 81 Volt: 15.00 AFR: 15.30 RPM: 721 VSS: 0 FuelP: 2.60 OilP: 2.30
Data Verified. Payload Length: 123
MAP: 37 IAT: 35.00 CLT: 81 Volt: 15.00 AFR: 15.20 RPM: 721 VSS: 0 FuelP: 2.60 OilP: 2.30
Data Verified. Payload Length: 123
MAP: 37 IAT: 35.00 CLT: 81 Volt: 15.00 AFR: 15.30 RPM: 726 VSS: 0 FuelP: 2.60 OilP: 2.30
Data Verified. Payload Length: 123
MAP: 36 IAT: 35.00 CLT: 81 Volt: 15.00 AFR: 15.30 RPM: 735 VSS: 0 FuelP: 2.60 OilP: 2.30
Data Verified. Payload Length: 123
MAP: 36 IAT: 35.00 CLT: 81 Volt: 15.00 AFR: 15.30 RPM: 735 VSS: 0 FuelP: 2.60 OilP: 2.30
Data Verified. Payload Length: 123
MAP: 36 IAT: 35.00 CLT: 81 Volt: 15.00 AFR: 15.30 RPM: 745 VSS: 0 FuelP: 2.60 OilP: 2.30
Data Verified. Payload Length: 123
MAP: 36 IAT: 35.00 CLT: 81 Volt: 15.00 AFR: 15.30 RPM: 755 VSS: 0 FuelP: 2.60 OilP: 2.30
Data Verified. Payload Length: 123
MAP: 36 IAT: 35.00 CLT: 81 Volt: 15.00 AFR: 15.30 RPM: 755 VSS: 0 FuelP: 2.60 OilP: 2.30
Data Verified. Payload Length: 123
MAP: 36 IAT: 35.00 CLT: 81 Volt: 15.00 AFR: 15.30 RPM: 764 VSS: 0 FuelP: 2.60 OilP: 2.40
Data Verified. Payload Length: 123
MAP: 35 IAT: 35.00 CLT: 81 Volt: 15.00 AFR: 15.30 RPM: 770 VSS: 0 FuelP: 2.60 OilP: 2.40
Data Verified. Payload Length: 123
MAP: 35 IAT: 35.00 CLT: 81 Volt: 15.00 AFR: 15.30 RPM: 776 VSS: 0 FuelP: 2.60 OilP: 2.40
Data Verified. Payload Length: 123
MAP: 35 IAT: 35.00 CLT: 81 Volt: 15.00 AFR: 15.30 RPM: 776 VSS: 0 FuelP: 2.60 OilP: 2.40
Data Verified. Payload Length: 123
MAP: 34 IAT: 35.00 CLT: 81 Volt: 15.00 AFR: 15.30 RPM: 776 VSS: 0 FuelP: 2.60 OilP: 2.40
Data Verified. Payload Length: 123
MAP: 34 IAT: 35.00 CLT: 81 Volt: 15.00 AFR: 15.30 RPM: 777 VSS: 0 FuelP: 2.60 OilP: 2.40
Data Verified. Payload Length: 123
MAP: 34 IAT: 35.00 CLT: 81 Volt: 15.00 AFR: 15.30 RPM: 777 VSS: 0 FuelP: 2.60 OilP: 2.40
Data Verified. Payload Length: 123
MAP: 34 IAT: 35.00 CLT: 81 Volt: 15.00 AFR: 15.30 RPM: 779 VSS: 0 FuelP: 2.60 OilP: 2.40
Data Verified. Payload Length: 123
MAP: 34 IAT: 35.00 CLT: 81 Volt: 15.00 AFR: 15.20 RPM: 778 VSS: 0 FuelP: 2.60 OilP: 2.40
Data Verified. Payload Length: 123
MAP: 34 IAT: 35.00 CLT: 81 Volt: 15.00 AFR: 15.30 RPM: 778 VSS: 0 FuelP: 2.60 OilP: 2.40
Data Verified. Payload Length: 123
MAP: 34 IAT: 35.00 CLT: 81 Volt: 15.00 AFR: 15.10 RPM: 774 VSS: 0 FuelP: 2.60 OilP: 2.40
Data Verified. Payload Length: 123
MAP: 34 IAT: 35.00 CLT: 81 Volt: 15.00 AFR: 15.00 RPM: 767 VSS: 0 FuelP: 2.60 OilP: 2.40
Data Verified. Payload Length: 123
MAP: 34 IAT: 35.00 CLT: 81 Volt: 15.00 AFR: 14.90 RPM: 767 VSS: 0 FuelP: 2.60 OilP: 2.40
Data Verified. Payload Length: 123
MAP: 34 IAT: 35.00 CLT: 81 Volt: 15.00 AFR: 14.90 RPM: 767 VSS: 0 FuelP: 2.60 OilP: 2.40
Data Verified. Payload Length: 123
MAP: 34 IAT: 35.00 CLT: 81 Volt: 14.90 AFR: 14.90 RPM: 761 VSS: 0 FuelP: 2.60 OilP: 2.40
Data Verified. Payload Length: 123
MAP: 34 IAT: 35.00 CLT: 81 Volt: 14.90 AFR: 14.90 RPM: 761 VSS: 0 FuelP: 2.60 OilP: 2.40
Data Verified. Payload Length: 123
MAP: 34 IAT: 35.00 CLT: 81 Volt: 14.90 AFR: 14.90 RPM: 761 VSS: 0 FuelP: 2.60 OilP: 2.40
Data Verified. Payload Length: 123
MAP: 34 IAT: 35.00 CLT: 81 Volt: 14.90 AFR: 14.80 RPM: 756 VSS: 0 FuelP: 2.60 OilP: 2.40
Data Verified. Payload Length: 123
MAP: 34 IAT: 35.00 CLT: 82 Volt: 14.80 AFR: 14.80 RPM: 751 VSS: 0 FuelP: 2.60 OilP: 2.40
Data Verified. Payload Length: 123
MAP: 34 IAT: 35.00 CLT: 82 Volt: 14.80 AFR: 14.70 RPM: 751 VSS: 0 FuelP: 2.60 OilP: 2.40
Data Verified. Payload Length: 123
MAP: 34 IAT: 35.00 CLT: 82 Volt: 14.80 AFR: 14.70 RPM: 749 VSS: 0 FuelP: 2.60 OilP: 2.40
Data Verified. Payload Length: 123
MAP: 35 IAT: 35.00 CLT: 82 Volt: 14.80 AFR: 14.70 RPM: 745 VSS: 0 FuelP: 2.60 OilP: 2.40
Data Verified. Payload Length: 123
MAP: 35 IAT: 35.00 CLT: 82 Volt: 14.80 AFR: 14.70 RPM: 745 VSS: 0 FuelP: 2.60 OilP: 2.40
Data Verified. Payload Length: 123
MAP: 35 IAT: 35.00 CLT: 82 Volt: 14.90 AFR: 14.80 RPM: 745 VSS: 0 FuelP: 2.60 OilP: 2.40
Data Verified. Payload Length: 123
MAP: 38 IAT: 35.00 CLT: 82 Volt: 14.90 AFR: 14.70 RPM: 747 VSS: 0 FuelP: 2.60 OilP: 2.40
Data Verified. Payload Length: 123
MAP: 38 IAT: 35.00 CLT: 82 Volt: 14.90 AFR: 14.70 RPM: 748 VSS: 0 FuelP: 2.60 OilP: 2.40
Data Verified. Payload Length: 123
MAP: 38 IAT: 35.00 CLT: 82 Volt: 14.90 AFR: 14.70 RPM: 748 VSS: 0 FuelP: 2.60 OilP: 2.40
Data Verified. Payload Length: 123
MAP: 39 IAT: 35.00 CLT: 82 Volt: 14.90 AFR: 14.80 RPM: 758 VSS: 0 FuelP: 2.60 OilP: 2.40
Data Verified. Payload Length: 123
MAP: 39 IAT: 35.00 CLT: 82 Volt: 14.90 AFR: 14.80 RPM: 776 VSS: 0 FuelP: 2.60 OilP: 2.40
Data Verified. Payload Length: 123
MAP: 39 IAT: 35.00 CLT: 82 Volt: 14.90 AFR: 14.80 RPM: 776 VSS: 0 FuelP: 2.60 OilP: 2.40
Data Verified. Payload Length: 123
MAP: 39 IAT: 35.00 CLT: 82 Volt: 14.90 AFR: 14.70 RPM: 797 VSS: 0 FuelP: 2.60 OilP: 2.40
Data Verified. Payload Length: 123
MAP: 39 IAT: 35.00 CLT: 82 Volt: 14.90 AFR: 14.70 RPM: 811 VSS: 0 FuelP: 2.60 OilP: 2.40
Data Verified. Payload Length: 123
MAP: 39 IAT: 35.00 CLT: 82 Volt: 15.00 AFR: 14.70 RPM: 811 VSS: 0 FuelP: 2.60 OilP: 2.50
Data Verified. Payload Length: 123
MAP: 38 IAT: 35.00 CLT: 82 Volt: 15.00 AFR: 14.90 RPM: 828 VSS: 0 FuelP: 2.60 OilP: 2.50
Data Verified. Payload Length: 123
MAP: 38 IAT: 35.00 CLT: 82 Volt: 15.00 AFR: 14.90 RPM: 845 VSS: 0 FuelP: 2.60 OilP: 2.50
Data Verified. Payload Length: 123
MAP: 38 IAT: 35.00 CLT: 82 Volt: 15.00 AFR: 15.10 RPM: 865 VSS: 0 FuelP: 2.60 OilP: 2.50
Data Verified. Payload Length: 123
MAP: 38 IAT: 35.00 CLT: 82 Volt: 15.00 AFR: 15.20 RPM: 885 VSS: 0 FuelP: 2.60 OilP: 2.50
Data Verified. Payload Length: 123
MAP: 38 IAT: 35.00 CLT: 82 Volt: 15.00 AFR: 15.40 RPM: 885 VSS: 0 FuelP: 2.60 OilP: 2.70
Data Verified. Payload Length: 123
MAP: 37 IAT: 35.00 CLT: 82 Volt: 15.00 AFR: 15.50 RPM: 906 VSS: 0 FuelP: 2.60 OilP: 2.70
Data Verified. Payload Length: 123
MAP: 37 IAT: 35.00 CLT: 82 Volt: 15.00 AFR: 15.50 RPM: 925 VSS: 0 FuelP: 2.60 OilP: 2.70
Data Verified. Payload Length: 123
MAP: 35 IAT: 35.00 CLT: 82 Volt: 15.00 AFR: 15.50 RPM: 944 VSS: 0 FuelP: 2.60 OilP: 2.70
Data Verified. Payload Length: 123
MAP: 35 IAT: 35.00 CLT: 82 Volt: 15.00 AFR: 15.50 RPM: 955 VSS: 0 FuelP: 2.60 OilP: 2.70
Data Verified. Payload Length: 123
MAP: 35 IAT: 35.00 CLT: 82 Volt: 14.90 AFR: 15.50 RPM: 965 VSS: 0 FuelP: 2.60 OilP: 2.90
Data Verified. Payload Length: 123
MAP: 35 IAT: 35.00 CLT: 82 Volt: 14.90 AFR: 15.50 RPM: 965 VSS: 0 FuelP: 2.60 OilP: 2.90
Data Verified. Payload Length: 123
MAP: 35 IAT: 35.00 CLT: 82 Volt: 14.90 AFR: 15.50 RPM: 978 VSS: 0 FuelP: 2.60 OilP: 2.90
Data Verified. Payload Length: 123
MAP: 35 IAT: 35.00 CLT: 82 Volt: 14.90 AFR: 15.50 RPM: 991 VSS: 0 FuelP: 2.60 OilP: 2.90
Data Verified. Payload Length: 123
MAP: 35 IAT: 35.00 CLT: 82 Volt: 14.90 AFR: 15.50 RPM: 1000 VSS: 0 FuelP: 2.60 OilP: 3.10
Data Verified. Payload Length: 123
MAP: 34 IAT: 35.00 CLT: 82 Volt: 14.90 AFR: 15.50 RPM: 1006 VSS: 0 FuelP: 2.60 OilP: 3.10
Data Verified. Payload Length: 123
MAP: 34 IAT: 35.00 CLT: 82 Volt: 14.90 AFR: 15.50 RPM: 1009 VSS: 0 FuelP: 2.60 OilP: 3.10
Data Verified. Payload Length: 123
MAP: 33 IAT: 35.00 CLT: 82 Volt: 14.90 AFR: 15.50 RPM: 1012 VSS: 0 FuelP: 2.60 OilP: 3.10
Data Verified. Payload Length: 123
MAP: 33 IAT: 35.00 CLT: 82 Volt: 14.90 AFR: 15.20 RPM: 1014 VSS: 0 FuelP: 2.60 OilP: 3.10
Data Verified. Payload Length: 123
MAP: 33 IAT: 35.00 CLT: 82 Volt: 14.90 AFR: 15.10 RPM: 1013 VSS: 0 FuelP: 2.60 OilP: 3.20
Data Verified. Payload Length: 123
MAP: 33 IAT: 35.00 CLT: 82 Volt: 14.90 AFR: 15.10 RPM: 1008 VSS: 0 FuelP: 2.60 OilP: 3.20
Data Verified. Payload Length: 123
MAP: 33 IAT: 35.00 CLT: 82 Volt: 14.90 AFR: 15.10 RPM: 1004 VSS: 0 FuelP: 2.60 OilP: 3.20
Data Verified. Payload Length: 123
MAP: 33 IAT: 35.00 CLT: 82 Volt: 14.90 AFR: 15.10 RPM: 993 VSS: 0 FuelP: 2.60 OilP: 3.20
Data Verified. Payload Length: 123
MAP: 33 IAT: 35.00 CLT: 82 Volt: 14.90 AFR: 15.10 RPM: 986 VSS: 0 FuelP: 2.60 OilP: 3.20
Data Verified. Payload Length: 123
MAP: 33 IAT: 35.00 CLT: 82 Volt: 14.90 AFR: 15.10 RPM: 982 VSS: 0 FuelP: 2.60 OilP: 3.20
Data Verified. Payload Length: 123
MAP: 33 IAT: 35.00 CLT: 82 Volt: 14.90 AFR: 15.10 RPM: 975 VSS: 0 FuelP: 2.60 OilP: 3.20
Data Verified. Payload Length: 123
MAP: 33 IAT: 35.00 CLT: 82 Volt: 14.90 AFR: 15.10 RPM: 967 VSS: 0 FuelP: 2.60 OilP: 3.20
Data Verified. Payload Length: 123
MAP: 33 IAT: 35.00 CLT: 82 Volt: 14.90 AFR: 15.00 RPM: 967 VSS: 0 FuelP: 2.60 OilP: 3.20
Data Verified. Payload Length: 123
MAP: 32 IAT: 35.00 CLT: 82 Volt: 15.00 AFR: 15.00 RPM: 964 VSS: 0 FuelP: 2.60 OilP: 3.20
Data Verified. Payload Length: 123
MAP: 32 IAT: 35.00 CLT: 82 Volt: 15.00 AFR: 15.00 RPM: 957 VSS: 0 FuelP: 2.60 OilP: 3.20
Data Verified. Payload Length: 123
MAP: 33 IAT: 35.00 CLT: 82 Volt: 15.00 AFR: 15.00 RPM: 944 VSS: 0 FuelP: 2.60 OilP: 3.20
Data Verified. Payload Length: 123
MAP: 33 IAT: 35.00 CLT: 82 Volt: 15.00 AFR: 15.00 RPM: 923 VSS: 0 FuelP: 2.60 OilP: 3.20
Data Verified. Payload Length: 123
MAP: 33 IAT: 35.00 CLT: 82 Volt: 15.00 AFR: 15.00 RPM: 923 VSS: 0 FuelP: 2.60 OilP: 3.10
Data Verified. Payload Length: 123
MAP: 33 IAT: 35.00 CLT: 82 Volt: 15.00 AFR: 15.00 RPM: 924 VSS: 0 FuelP: 2.60 OilP: 3.10
Data Verified. Payload Length: 123
MAP: 33 IAT: 35.00 CLT: 82 Volt: 15.00 AFR: 15.00 RPM: 924 VSS: 0 FuelP: 2.60 OilP: 3.10
Data Verified. Payload Length: 123
MAP: 34 IAT: 35.00 CLT: 82 Volt: 15.00 AFR: 15.00 RPM: 923 VSS: 0 FuelP: 2.60 OilP: 3.10
Data Verified. Payload Length: 123
MAP: 34 IAT: 35.00 CLT: 82 Volt: 15.00 AFR: 15.00 RPM: 918 VSS: 0 FuelP: 2.60 OilP: 3.10
Data Verified. Payload Length: 123
MAP: 33 IAT: 35.00 CLT: 82 Volt: 15.00 AFR: 15.00 RPM: 923 VSS: 0 FuelP: 2.60 OilP: 3.10
Data Verified. Payload Length: 123
MAP: 33 IAT: 35.00 CLT: 82 Volt: 15.00 AFR: 15.00 RPM: 908 VSS: 0 FuelP: 2.60 OilP: 3.10
Data Verified. Payload Length: 123
MAP: 33 IAT: 35.00 CLT: 82 Volt: 15.00 AFR: 15.10 RPM: 908 VSS: 0 FuelP: 2.60 OilP: 3.10
Data Verified. Payload Length: 123
MAP: 33 IAT: 35.00 CLT: 82 Volt: 15.00 AFR: 15.20 RPM: 831 VSS: 0 FuelP: 2.60 OilP: 3.10
Data Verified. Payload Length: 123
MAP: 33 IAT: 35.00 CLT: 82 Volt: 15.00 AFR: 15.30 RPM: 735 VSS: 0 FuelP: 2.60 OilP: 3.10
Data Verified. Payload Length: 123
MAP: 33 IAT: 35.00 CLT: 81 Volt: 15.00 AFR: 15.30 RPM: 735 VSS: 0 FuelP: 2.40 OilP: 2.80
Data Verified. Payload Length: 123
MAP: 36 IAT: 35.00 CLT: 81 Volt: 15.00 AFR: 15.30 RPM: 624 VSS: 0 FuelP: 2.40 OilP: 2.80
Data Verified. Payload Length: 123
MAP: 36 IAT: 35.00 CLT: 81 Volt: 15.00 AFR: 15.30 RPM: 624 VSS: 0 FuelP: 2.40 OilP: 2.80
Data Verified. Payload Length: 123
MAP: 36 IAT: 35.00 CLT: 81 Volt: 15.00 AFR: 15.30 RPM: 493 VSS: 0 FuelP: 2.40 OilP: 2.80
Data Verified. Payload Length: 123
MAP: 36 IAT: 35.00 CLT: 81 Volt: 15.00 AFR: 15.30 RPM: 493 VSS: 0 FuelP: 2.40 OilP: 2.80
Data Verified. Payload Length: 123
MAP: 36 IAT: 35.00 CLT: 80 Volt: 14.50 AFR: 15.40 RPM: 493 VSS: 0 FuelP: 2.30 OilP: 2.30
Data Verified. Payload Length: 123
MAP: 44 IAT: 35.00 CLT: 80 Volt: 14.50 AFR: 15.40 RPM: 250 VSS: 0 FuelP: 2.30 OilP: 2.30
Data Verified. Payload Length: 123
MAP: 44 IAT: 35.00 CLT: 80 Volt: 14.50 AFR: 15.40 RPM: 239 VSS: 0 FuelP: 2.30 OilP: 2.30
Error: Speeduino response timed out.
Error: Speeduino response timed out.
Error: Speeduino response timed out.
Error: Speeduino response timed out.
Error: Speeduino response timed out.
Error: Speeduino response timed out.
Error: Speeduino response timed out.
Error: Speeduino response timed out.
Error: Speeduino response timed out.
Error: Speeduino response timed out.
Error: Speeduino response timed out.
Error: Speeduino response timed out.
Error: Speeduino response timed out.
Error: Speeduino response timed out.
Error: Speeduino response timed out.
Error: Speeduino response timed out.
Error: Speeduino response timed out.
Error: Speeduino response timed out.
Error: Speeduino response timed out.
Error: Speeduino response timed out.
Error: Speeduino response timed out.
Error: Speeduino response timed out.
Error: Speeduino response timed out.
Error: Speeduino response timed out.
Error: Speeduino response timed out.
Error: Speeduino response timed out.
Error: Speeduino response timed out.
Error: Speeduino response timed out.
Error: Speeduino response timed out.
Error: Speeduino response timed out.
Error: Speeduino response timed out.
Error: Speeduino response timed out.
Error: Speeduino response timed out.
Error: Speeduino response timed out.
Error: Speeduino response timed out.
Error: Speeduino response timed out.
Error: Speeduino response timed out.
Error: Speeduino response timed out.
Error: Speeduino response timed out.
Error: Speeduino response timed out.
Error: Speeduino response timed out.
Error: Speeduino response timed out.
Error: Speeduino response timed out.
Error: Speeduino response timed out.
Error: Speeduino response timed out.
Error: Speeduino response timed out.
Error: Speeduino response timed out.
Error: Speeduino response timed out.
Error: Speeduino response timed out.
Error: Speeduino response timed out.
Error: Speeduino response timed out.
Error: Speeduino response timed out.
Error: Speeduino response timed out.
Error: Speeduino response timed out.
Error: Speeduino response timed out.
Error: Speeduino response timed out.
Error: Speeduino response timed out.
Error: Speeduino response timed out.
Error: Speeduino response timed out.
Error: Speeduino response timed out.
Error: Speeduino response timed out.
Error: Speeduino response timed out.
Error: Speeduino response timed out.
Error: Speeduino response timed out.
Error: Speeduino response timed out.
Error: Speeduino response timed out.
Error: Speeduino response timed out.
Error: Speeduino response timed out.
Error: Speeduino response timed out.
Error: Speeduino response timed out.
Error: Speeduino response timed out.
Error: Speeduino response timed out.
Error: Speeduino response timed out.
Error: Speeduino response timed out.
Error: Speeduino response timed out.
Error: Speeduino response timed out.
Error: Speeduino response timed out.
Error: Speeduino response timed out.
Error: Speeduino response timed out.
Error: Speeduino response timed out.
Error: Speeduino response timed out.
Error: Speeduino response timed out.
Error: Speeduino response timed out.
Error: Speeduino response timed out.
Error: Speeduino response timed out.
Error: Speeduino response timed out.
Error: Speeduino response timed out.
Error: Speeduino response timed out.
Error: Speeduino response timed out.
Error: Speeduino response timed out.
Error: Speeduino response timed out.
Error: Speeduino response timed out.
Error: Speeduino response timed out.
Error: Speeduino response timed out.
Error: Speeduino response timed out.
Error: Speeduino response timed out.
Error: Speeduino response timed out.
Error: Speeduino response timed out.
Error: Speeduino response timed out.
Error: Speeduino response timed out.
Error: Speeduino response timed out.
Error: Speeduino response timed out.
Error: Speeduino response timed out.
Error: Speeduino response timed out.
Error: Speeduino response timed out.
Error: Speeduino response timed out.
Error: Speeduino response timed out.
Error: Speeduino response timed out.
Error: Speeduino response timed out.
Error: Speeduino response timed out.
Error: Speeduino response timed out.
Error: Speeduino response timed out.
Error: Speeduino response timed out.
Error: Speeduino response timed out.
Error: Speeduino response timed out.
Error: Speeduino response timed out.
Error: Speeduino response timed out.
Error: Speeduino response timed out.
Error: Speeduino response timed out.
Error: Speeduino response timed out.
Error: Speeduino response timed out.
Error: Speeduino response timed out.
Error: Speeduino response timed out.
Error: Speeduino response timed out.
Error: Speeduino response timed out.
Error: Speeduino response timed out.
Error: Speeduino response timed out.
Error: Speeduino response timed out.
Error: Speeduino response timed out.
Error: Speeduino response timed out.
Error: Speeduino response timed out.
Error: Speeduino response timed out.
Error: Speeduino response timed out.
Error: Speeduino response timed out.
Error: Speeduino response timed out.
Error: Speeduino response timed out.
Error: Speeduino response timed out.
Error: Speeduino response timed out.
Error: Speeduino response timed out.
Error: Speeduino response timed out.
Error: Speeduino response timed out.
Error: Speeduino response timed out.
Error: Speeduino response timed out.
